mean_x,mean_y,mean_z,std_x,std_y,std_z,R,log_rmsW,rX_ratio,rY_ratio,rZ_ratio,psi,elev_normalized,elev_sin,elev_cos,is_synthetic,time_s,azimuth_deg,az_sector,elev_class,psi_cls
0.413855,0.40897,0.0,0.366367,0.360742,0.0,0.581836,0.03625,0.636143,0.669982,0.0,0.418164,0.0,0.0,1.0,1.0,0.331333,67.499993,2.0,0,0
0.542296,0.223399,0.0,0.426143,0.279361,0.0,0.586508,0.032176,0.828704,0.408417,0.0,0.413492,0.0,0.0,1.0,1.0,1.131333,44.999998,1.0,0,0
0.600962,0.001085,0.0,0.435354,0.241926,0.0,0.600963,0.030869,0.876501,0.29206,0.0,0.399037,0.0,0.0,1.0,1.0,1.931333,22.500012,0.0,0,0
0.556734,-0.224632,0.0,0.407171,0.282103,0.0,0.600343,0.032199,0.77641,0.500741,0.0,0.399657,0.0,0.0,1.0,1.0,2.731333,0.0,0.0,0,0
0.412088,-0.410697,0.0,0.356411,0.364936,0.0,0.581797,0.034029,0.614571,0.689823,0.0,0.418203,0.0,0.0,1.0,1.0,3.531333,-22.500011,11.0,0,0
0.218067,-0.33075,0.0,0.281208,0.401643,0.0,0.396168,0.029873,0.537312,0.751565,0.0,0.603832,0.0,0.0,1.0,1.0,4.331333,-45.000006,10.0,0,0
0.061562,-0.148669,0.0,0.138396,0.333985,0.0,0.160911,0.016153,0.353553,0.853553,0.0,0.839089,0.0,0.0,1.0,1.0,5.211333,-67.500005,9.0,0,1
