mean_x,mean_y,mean_z,std_x,std_y,std_z,R,log_rmsW,rX_ratio,rY_ratio,rZ_ratio,psi,elev_normalized,elev_sin,elev_cos,is_synthetic,time_s,azimuth_deg,az_sector,elev_class,psi_cls
-0.117311,0.161629,-0.022437,0.631063,0.578576,0.4759,0.200971,0.029382,0.89303,0.664806,0.37085,0.799029,0.444444,0.642788,0.766044,0.0,0.571333,162.013812,5.0,0,1
-0.073795,0.133998,-0.018624,0.583972,0.598916,0.525777,0.154104,0.02779,0.810447,0.698485,0.469963,0.845896,0.444444,0.642788,0.766044,0.0,1.431333,148.229043,4.0,0,1
-0.035536,0.061678,0.024824,0.547141,0.593,0.58584,0.075387,0.018931,0.432452,0.703622,0.65295,0.924613,0.444444,0.642788,0.766044,0.0,2.411333,134.08801,4.0,2,2
0.02144,0.125881,-0.032547,0.543446,0.594012,0.578224,0.131776,0.018436,0.464042,0.699608,0.694609,0.868224,0.444444,0.642788,0.766044,0.0,2.971333,99.714027,3.0,0,2
0.016261,0.081824,0.029934,0.571319,0.58551,0.568111,0.088632,0.015236,0.511165,0.67609,0.65128,0.911368,0.444444,0.642788,0.766044,0.0,3.261333,106.763156,3.0,2,2
0.066448,0.04888,0.03329,0.577269,0.592299,0.554852,0.088953,0.01936,0.60573,0.54899,0.574808,0.911047,0.444444,0.642788,0.766044,0.0,3.771333,74.360095,2.0,2,2
0.026022,0.016412,0.031541,0.500226,0.504452,0.460494,0.04406,0.016688,0.638357,0.445641,0.466348,0.95594,0.444444,0.642788,0.766044,0.0,4.571333,56.571639,1.0,2,2
0.014785,-0.026969,0.025244,0.335745,0.336528,0.293603,0.039789,0.011225,0.650412,0.344423,0.48423,0.960211,0.444444,0.642788,0.766044,0.0,5.381333,18.94503,0.0,2,2
