mean_x,mean_y,mean_z,std_x,std_y,std_z,R,log_rmsW,rX_ratio,rY_ratio,rZ_ratio,psi,elev_normalized,elev_sin,elev_cos,is_synthetic,time_s,azimuth_deg,az_sector,elev_class,psi_cls
0.214735,0.044453,-0.111842,0.64958,0.551882,0.461272,0.246162,0.030286,0.702881,0.452244,0.345563,0.753838,0.0,0.0,1.0,0.0,0.511333,6.288589,0.0,0,0
0.136771,0.021703,-0.059141,0.61709,0.622547,0.457003,0.150582,0.0371,0.661568,0.66558,0.333724,0.849418,0.0,0.0,1.0,0.0,1.481333,11.284815,0.0,0,2
0.129648,0.012279,-0.013113,0.607251,0.661042,0.420804,0.130887,0.042184,0.533654,0.669712,0.287463,0.869113,0.0,0.0,1.0,0.0,2.211333,-26.920482,11.0,0,2
0.034116,-0.051319,-0.039821,0.595591,0.653221,0.461679,0.073371,0.043057,0.536026,0.677893,0.349874,0.926629,0.0,0.0,1.0,0.0,2.901333,-49.775937,10.0,0,2
0.017703,0.006938,-0.030902,0.606579,0.632573,0.480153,0.036283,0.036936,0.426667,0.576925,0.30143,0.963717,0.0,0.0,1.0,0.0,3.151333,-37.809608,10.0,0,2
-0.028299,-0.050054,-0.044473,0.614214,0.612567,0.492097,0.072692,0.031427,0.459113,0.603069,0.353365,0.927308,0.0,0.0,1.0,0.0,3.731333,-87.94618,9.0,0,2
-0.087841,-0.096446,-0.018525,0.607084,0.574973,0.532359,0.131761,0.022855,0.517505,0.511688,0.383,0.868239,0.0,0.0,1.0,0.0,4.551333,-143.416217,7.0,0,2
-0.075405,-0.037632,0.028777,0.639176,0.548104,0.531987,0.089052,0.012691,0.72434,0.607961,0.469778,0.910948,0.0,0.0,1.0,0.0,5.341333,-99.124233,8.0,2,2
-0.050988,0.024706,0.037075,0.633405,0.556905,0.532848,0.06771,0.008442,0.975011,0.791944,0.640298,0.93229,0.0,0.0,1.0,0.0,6.101333,-153.144494,6.0,2,2
