mean_x,mean_y,mean_z,std_x,std_y,std_z,R,log_rmsW,rX_ratio,rY_ratio,rZ_ratio,psi,elev_normalized,elev_sin,elev_cos,is_synthetic,time_s,azimuth_deg,az_sector,elev_class,psi_cls
-0.133599,0.046145,-0.024192,0.608694,0.606292,0.491186,0.143399,0.025425,1.078406,1.115232,0.51691,0.856601,0.833333,0.965926,0.258819,0.0,0.781333,160.56874,5.0,0,2
-0.081924,0.019369,-0.013289,0.605187,0.601985,0.513824,0.085226,0.018535,0.817877,0.958445,0.590413,0.914774,0.833333,0.965926,0.258819,0.0,1.021333,-172.26095,6.0,0,2
-0.051725,0.033275,0.003118,0.590575,0.61994,0.51287,0.061582,0.020102,0.749399,0.964189,0.583041,0.938418,0.833333,0.965926,0.258819,0.0,1.521333,-23.307804,11.0,1,2
0.02157,0.033988,0.038202,0.556443,0.637262,0.530225,0.055496,0.02019,0.74312,1.180793,0.674355,0.944504,0.833333,0.965926,0.258819,0.0,2.291333,118.371546,3.0,2,2
0.041761,0.116908,0.012034,0.527216,0.620381,0.567017,0.124725,0.026316,0.360247,0.740942,0.524869,0.875275,0.833333,0.965926,0.258819,0.0,3.111333,70.799667,2.0,1,2
0.041795,0.084911,0.018528,0.527736,0.585192,0.607961,0.096437,0.025517,0.385138,0.702032,0.535045,0.903563,0.833333,0.965926,0.258819,0.0,3.881333,78.363788,2.0,1,2
0.023011,0.050759,0.009979,0.416958,0.436002,0.511568,0.056618,0.017643,0.34107,0.421308,0.470201,0.943382,0.833333,0.965926,0.258819,0.0,4.751333,48.190576,1.0,1,2
0.012845,-0.00568,0.001226,0.308725,0.260311,0.317206,0.014098,0.006699,0.610657,0.257973,0.597996,0.985902,0.833333,0.965926,0.258819,0.0,5.481333,30.687505,1.0,1,2
