mean_x,mean_y,mean_z,std_x,std_y,std_z,R,log_rmsW,rX_ratio,rY_ratio,rZ_ratio,psi,elev_normalized,elev_sin,elev_cos,is_synthetic,time_s,azimuth_deg,az_sector,elev_class,psi_cls
0.122226,-0.195216,0.073781,0.560212,0.591421,0.527047,0.241851,0.024367,0.693167,0.753503,0.734106,0.758149,0.833333,0.965926,0.258819,0.0,0.261333,2.973215,0.0,2,0
0.064136,-0.251278,0.031792,0.552008,0.580828,0.538139,0.261275,0.025784,0.585007,0.930513,0.731982,0.738725,0.833333,0.965926,0.258819,0.0,1.011333,-47.151222,10.0,2,0
-0.031127,-0.304467,0.005984,0.501502,0.591416,0.552238,0.306112,0.037864,0.386735,0.980248,0.577943,0.693888,0.833333,0.965926,0.258819,0.0,1.821333,-60.257566,9.0,1,0
-0.041552,-0.340768,0.038743,0.514031,0.566979,0.543053,0.345471,0.035837,0.440036,0.986326,0.555006,0.654529,0.833333,0.965926,0.258819,0.0,2.591333,-101.519412,8.0,2,0
-0.05422,-0.293468,0.011818,0.551388,0.559905,0.541478,0.298669,0.039754,0.433423,0.77471,0.510889,0.701331,0.833333,0.965926,0.258819,0.0,3.401333,-108.184761,8.0,1,0
-0.068493,-0.231495,-0.013946,0.595234,0.527323,0.555949,0.241817,0.034916,0.558558,0.585921,0.533985,0.758183,0.833333,0.965926,0.258819,0.0,4.161333,-102.334527,8.0,0,0
-0.082829,-0.158705,-0.038475,0.630908,0.545777,0.520093,0.183107,0.029609,0.540255,0.413032,0.456415,0.816893,0.833333,0.965926,0.258819,0.0,5.061333,-111.531579,8.0,0,1
-0.082701,-0.093679,-0.017523,0.60434,0.528631,0.461484,0.126183,0.020328,0.68805,0.338306,0.439633,0.873817,0.833333,0.965926,0.258819,0.0,5.761333,-157.379674,6.0,0,2
-0.047127,-0.040237,0.001207,0.4601,0.402651,0.309696,0.061979,0.009779,0.597737,0.300015,0.385739,0.938021,0.833333,0.965926,0.258819,0.0,6.561333,165.37447,5.0,1,2
