mean_x,mean_y,mean_z,std_x,std_y,std_z,R,log_rmsW,rX_ratio,rY_ratio,rZ_ratio,psi,elev_normalized,elev_sin,elev_cos,is_synthetic,time_s,azimuth_deg,az_sector,elev_class,psi_cls
0.205201,-0.086373,-0.084986,0.562832,0.604738,0.510529,0.238307,0.024083,0.634811,0.578975,0.352861,0.761693,0.0,0.0,1.0,0.0,0.421333,-54.073103,10.0,0,0
0.110815,-0.042499,-0.151046,0.617171,0.575251,0.501232,0.192096,0.023518,0.57918,0.448723,0.311042,0.807904,0.0,0.0,1.0,0.0,1.291333,-13.824198,11.0,0,1
0.07494,-0.122987,-0.093794,0.642876,0.573915,0.47722,0.171869,0.022148,0.639567,0.524941,0.311954,0.828131,0.0,0.0,1.0,0.0,1.931333,-34.050184,10.0,0,1
0.004447,-0.150349,-0.049925,0.641563,0.555509,0.504612,0.158484,0.025151,0.660581,0.645208,0.507002,0.841516,0.0,0.0,1.0,0.0,2.731333,-47.027279,10.0,0,1
-0.013761,-0.122308,-0.023061,0.631019,0.556268,0.525969,0.125222,0.02142,0.709933,0.712623,0.565197,0.874778,0.0,0.0,1.0,0.0,2.951333,-55.357494,10.0,0,2
-0.175659,-0.097046,0.020686,0.601285,0.582635,0.508147,0.201747,0.034567,0.533736,0.571573,0.353298,0.798253,0.0,0.0,1.0,0.0,4.381333,-146.881125,7.0,1,1
-0.160146,-0.053747,0.039509,0.654097,0.557088,0.481267,0.173483,0.022746,0.600224,0.572091,0.369032,0.826517,0.0,0.0,1.0,0.0,5.231333,-150.131829,6.0,2,1
-0.098507,-0.02496,0.031597,0.589677,0.489382,0.436685,0.106419,0.009529,1.143634,0.876453,0.711377,0.893581,0.0,0.0,1.0,0.0,5.931333,174.456227,5.0,2,2
