mean_x,mean_y,mean_z,std_x,std_y,std_z,R,log_rmsW,rX_ratio,rY_ratio,rZ_ratio,psi,elev_normalized,elev_sin,elev_cos,is_synthetic,time_s,azimuth_deg,az_sector,elev_class,psi_cls
-0.22438,-0.48634,0.0,0.283719,0.429655,0.0,0.535605,0.025333,0.41482,0.825517,0.0,0.464395,0.0,0.0,1.0,1.0,0.381333,-90.0,9.0,0,0
-0.409657,-0.393937,0.0,0.370165,0.358514,0.0,0.568336,0.028914,0.69081,0.613462,0.0,0.431664,0.0,0.0,1.0,1.0,1.131333,-112.499993,8.0,0,0
-0.540941,-0.223296,0.0,0.432366,0.282217,0.0,0.585217,0.02961,0.85483,0.350455,0.0,0.414783,0.0,0.0,1.0,1.0,1.891333,-135.000001,7.0,0,0
-0.586803,-0.000886,0.0,0.454099,0.243617,0.0,0.586804,0.033927,0.874568,0.297798,0.0,0.413196,0.0,0.0,1.0,1.0,2.691333,-157.499999,6.0,0,0
-0.380493,0.397625,0.0,0.349224,0.371014,0.0,0.550346,0.030497,0.648514,0.658014,0.0,0.449654,0.0,0.0,1.0,1.0,4.391333,157.500069,5.0,0,0
-0.198476,0.519956,0.0,0.271899,0.441205,0.0,0.556549,0.027722,0.454059,0.804601,0.0,0.443451,0.0,0.0,1.0,1.0,5.151333,134.999999,4.0,0,0
-0.075939,0.395486,0.0,0.151957,0.470607,0.0,0.402711,0.021304,0.254813,0.888045,0.0,0.597289,0.0,0.0,1.0,1.0,5.891333,112.500002,3.0,0,0
0.0,0.203285,0.0,0.0,0.399588,0.0,0.203285,0.013472,0.0,0.923883,0.0,0.796715,0.0,0.0,1.0,1.0,6.701333,90.0,3.0,0,1
