mean_x,mean_y,mean_z,std_x,std_y,std_z,R,log_rmsW,rX_ratio,rY_ratio,rZ_ratio,psi,elev_normalized,elev_sin,elev_cos,is_synthetic,time_s,azimuth_deg,az_sector,elev_class,psi_cls
0.298198,-0.116525,0.083921,0.629928,0.504124,0.489344,0.330973,0.035426,0.695255,0.520927,0.311195,0.669027,0.444444,0.642788,0.766044,0.0,1.001333,-1.401971,11.0,2,0
0.172557,-0.199573,0.045894,0.595196,0.553706,0.51709,0.26779,0.043772,0.557011,0.657351,0.357899,0.73221,0.444444,0.642788,0.766044,0.0,1.821333,-25.706152,11.0,2,0
0.089787,-0.255132,0.008198,0.559458,0.589419,0.516055,0.270594,0.040309,0.505802,0.774178,0.461002,0.729406,0.444444,0.642788,0.766044,0.0,2.731333,-43.908789,10.0,1,0
0.069857,-0.331814,-0.032349,0.530371,0.599029,0.493733,0.340627,0.051305,0.357032,0.893909,0.438424,0.659373,0.444444,0.642788,0.766044,0.0,3.421333,-58.583763,10.0,0,0
0.008624,-0.280992,-0.030566,0.54254,0.63267,0.474659,0.282781,0.048148,0.419767,0.933445,0.378128,0.717219,0.444444,0.642788,0.766044,0.0,4.431333,-79.000955,9.0,0,0
-0.048594,-0.19239,0.096394,0.575766,0.597951,0.512031,0.220606,0.044988,0.497986,0.812354,0.429511,0.779394,0.444444,0.642788,0.766044,0.0,5.111333,-94.042168,8.0,2,1
-0.054808,-0.111053,0.183695,0.588462,0.569359,0.529508,0.221541,0.030447,0.65604,0.689068,0.512175,0.778459,0.444444,0.642788,0.766044,0.0,5.861333,-141.705944,7.0,2,1
0.004984,-0.019434,0.145566,0.559821,0.551774,0.547948,0.146942,0.023154,0.528588,0.32988,0.577648,0.853058,0.444444,0.642788,0.766044,0.0,6.631333,159.407176,5.0,2,2
-0.013669,-0.001604,0.116543,0.524935,0.518759,0.52082,0.117353,0.010458,0.709881,0.193261,0.901727,0.882647,0.444444,0.642788,0.766044,0.0,6.851333,174.58918,5.0,2,2
