mean_x,mean_y,mean_z,std_x,std_y,std_z,R,log_rmsW,rX_ratio,rY_ratio,rZ_ratio,psi,elev_normalized,elev_sin,elev_cos,is_synthetic,time_s,azimuth_deg,az_sector,elev_class,psi_cls
0.231562,-0.089036,-0.124418,0.558682,0.590183,0.512311,0.27754,0.025073,0.541249,0.486868,0.337296,0.72246,0.0,0.0,1.0,0.0,1.151333,9.538817,0.0,0,0
0.188119,-0.099734,-0.11261,0.57446,0.591366,0.512086,0.240867,0.026114,0.462029,0.605377,0.279704,0.759133,0.0,0.0,1.0,0.0,2.101333,-40.595335,10.0,0,0
0.09627,-0.116244,-0.076304,0.615005,0.619105,0.458057,0.169124,0.023906,0.597812,1.058941,0.270408,0.830876,0.0,0.0,1.0,0.0,2.761333,-15.17123,11.0,0,1
-0.051173,-0.130805,-0.010567,0.615434,0.617906,0.468514,0.140856,0.022513,0.648011,1.125588,0.26263,0.859144,0.0,0.0,1.0,0.0,3.521333,-67.462058,9.0,0,2
-0.065854,-0.069052,-0.02618,0.621952,0.596825,0.49707,0.098946,0.017987,0.728514,1.250116,0.269276,0.901054,0.0,0.0,1.0,0.0,3.771333,-49.130914,10.0,0,2
-0.069767,-0.029404,0.042488,0.63461,0.554483,0.531209,0.086818,0.020342,0.49637,0.408548,0.343868,0.913182,0.0,0.0,1.0,0.0,5.281333,-144.68446,7.0,2,2
-0.051762,-0.00023,0.05443,0.617958,0.572518,0.5317,0.075113,0.012713,0.611562,0.503008,0.489303,0.924887,0.0,0.0,1.0,0.0,6.011333,-91.54976,8.0,2,2
