mean_x,mean_y,mean_z,std_x,std_y,std_z,R,log_rmsW,rX_ratio,rY_ratio,rZ_ratio,psi,elev_normalized,elev_sin,elev_cos,is_synthetic,time_s,azimuth_deg,az_sector,elev_class,psi_cls
0.000418,-0.103099,0.032801,0.584366,0.596636,0.539188,0.108192,0.017719,0.539957,0.62467,0.476915,0.891808,0.0,0.0,1.0,0.0,0.791333,-174.237824,6.0,2,2
0.052994,-0.105925,-0.014136,0.573538,0.619136,0.522903,0.119282,0.014897,0.548032,0.72995,0.551538,0.880718,0.0,0.0,1.0,0.0,1.551333,-77.758956,9.0,0,2
0.057802,0.047965,-0.039293,0.520744,0.644405,0.553458,0.084768,0.013685,0.59581,1.168438,0.797008,0.915232,0.0,0.0,1.0,0.0,2.331333,136.360897,4.0,0,2
0.076782,0.029458,-0.050638,0.582097,0.624327,0.511845,0.096579,0.014392,0.704764,1.004043,0.607146,0.903421,0.0,0.0,1.0,0.0,3.151333,-119.880708,8.0,0,2
0.125526,-0.001709,-0.01655,0.613599,0.595492,0.502768,0.126624,0.018641,0.742605,0.87393,0.480228,0.873376,0.0,0.0,1.0,0.0,3.971333,60.858929,2.0,0,2
0.056633,-0.025262,0.016438,0.581498,0.493962,0.459301,0.064153,0.014911,0.721923,0.662376,0.313814,0.935847,0.0,0.0,1.0,0.0,4.911333,-111.874212,8.0,1,2
0.002364,0.006791,0.023283,0.432908,0.389441,0.320309,0.024368,0.010059,0.817146,0.854717,0.315446,0.975632,0.0,0.0,1.0,0.0,5.621333,-39.972797,10.0,2,2
