mean_x,mean_y,mean_z,std_x,std_y,std_z,R,log_rmsW,rX_ratio,rY_ratio,rZ_ratio,psi,elev_normalized,elev_sin,elev_cos,is_synthetic,time_s,azimuth_deg,az_sector,elev_class,psi_cls
-0.030995,0.094785,0.051572,0.64334,0.590184,0.474482,0.11227,0.030774,0.750914,0.749049,0.435155,0.88773,0.444444,0.642788,0.766044,0.0,0.461333,-32.657541,10.0,2,2
-0.004932,0.14773,0.015869,0.555522,0.660907,0.482109,0.148662,0.03643,0.541627,0.954965,0.404871,0.851338,0.444444,0.642788,0.766044,0.0,1.261333,137.582166,4.0,1,2
0.10623,0.193636,0.051823,0.532295,0.674442,0.458575,0.22686,0.042706,0.361198,0.876848,0.325692,0.77314,0.444444,0.642788,0.766044,0.0,2.001333,130.301461,4.0,2,0
0.180247,0.121525,0.03814,0.580185,0.649213,0.439488,0.220708,0.039056,0.375198,0.78772,0.300907,0.779292,0.444444,0.642788,0.766044,0.0,2.911333,87.849473,2.0,2,1
0.064838,0.042452,0.081254,0.638839,0.595775,0.473546,0.112287,0.029643,0.551593,0.623165,0.339069,0.887713,0.444444,0.642788,0.766044,0.0,3.761333,87.716919,2.0,2,2
-0.010957,0.027015,0.078102,0.568752,0.53401,0.421385,0.083366,0.020956,0.737167,0.600586,0.404749,0.916634,0.444444,0.642788,0.766044,0.0,4.421333,53.707433,1.0,2,2
-0.034937,-0.016205,0.040392,0.41193,0.336027,0.278342,0.05581,0.012081,0.820065,0.414546,0.398696,0.94419,0.444444,0.642788,0.766044,0.0,5.281333,-26.381138,11.0,2,2
