mean_x,mean_y,mean_z,std_x,std_y,std_z,R,log_rmsW,rX_ratio,rY_ratio,rZ_ratio,psi,elev_normalized,elev_sin,elev_cos,is_synthetic,time_s,azimuth_deg,az_sector,elev_class,psi_cls
-0.112964,0.076855,0.007971,0.594842,0.58825,0.530373,0.136862,0.026231,0.728747,0.702495,0.583523,0.863138,0.833333,0.965926,0.258819,0.0,0.281333,176.359061,5.0,1,2
-0.078131,0.023794,0.027639,0.565298,0.619069,0.538205,0.086224,0.022999,0.614722,0.726995,0.573859,0.913776,0.833333,0.965926,0.258819,0.0,1.111333,141.608601,4.0,2,2
-0.047282,0.064457,0.037274,0.539688,0.651143,0.526176,0.088202,0.027942,0.329363,0.753029,0.444063,0.911798,0.833333,0.965926,0.258819,0.0,1.881333,128.209999,4.0,2,2
0.08117,0.116513,0.009473,0.58903,0.595839,0.526957,0.142315,0.025213,0.51409,0.752471,0.401644,0.857685,0.833333,0.965926,0.258819,0.0,2.671333,96.504728,3.0,1,2
0.126835,0.111021,-0.024454,0.630967,0.555069,0.514507,0.170326,0.022259,0.825125,0.72471,0.43987,0.829674,0.833333,0.965926,0.258819,0.0,3.631333,89.066994,2.0,0,1
0.01338,0.015721,0.014774,0.327086,0.313108,0.313995,0.025386,0.009334,1.421473,0.832093,0.690455,0.974614,0.833333,0.965926,0.258819,0.0,5.151333,37.913161,1.0,1,2
