mean_x,mean_y,mean_z,std_x,std_y,std_z,R,log_rmsW,rX_ratio,rY_ratio,rZ_ratio,psi,elev_normalized,elev_sin,elev_cos,is_synthetic,time_s,azimuth_deg,az_sector,elev_class,psi_cls
-0.019576,-0.131788,0.018303,0.597276,0.596524,0.518924,0.134485,0.022034,0.447575,0.37647,0.321521,0.865515,0.0,0.0,1.0,0.0,0.631333,153.132589,5.0,1,2
-0.010439,-0.121725,-0.015107,0.594068,0.612554,0.506618,0.123103,0.02089,0.470761,0.529255,0.408802,0.876897,0.0,0.0,1.0,0.0,1.251333,-134.318687,7.0,0,2
-0.017935,-0.062597,-0.031729,0.574823,0.621378,0.527445,0.072434,0.018928,0.490625,0.595928,0.436137,0.927566,0.0,0.0,1.0,0.0,2.021333,88.967048,2.0,0,2
-0.002876,-0.037129,-0.010812,0.574608,0.620892,0.53176,0.038778,0.01589,0.521272,0.651191,0.462112,0.961222,0.0,0.0,1.0,0.0,2.271333,173.936046,5.0,0,2
0.054074,-0.039181,-0.013194,0.629044,0.581923,0.510879,0.068068,0.020845,0.621033,0.475713,0.328097,0.931932,0.0,0.0,1.0,0.0,2.821333,-27.358053,11.0,0,2
0.069655,-0.056666,-0.011166,0.641173,0.571285,0.504278,0.090485,0.018881,0.630941,0.36437,0.233127,0.909515,0.0,0.0,1.0,0.0,3.041333,-171.463137,6.0,0,2
0.099566,-0.03322,-0.049278,0.652715,0.572238,0.482686,0.115954,0.019903,0.765594,0.370731,0.274157,0.884046,0.0,0.0,1.0,0.0,3.701333,-52.909081,10.0,0,2
0.019928,-0.000837,-0.027454,0.366029,0.376839,0.33358,0.033934,0.007976,0.706572,0.565184,0.423055,0.966066,0.0,0.0,1.0,0.0,5.231333,1.960359,0.0,0,2
