mean_x,mean_y,mean_z,std_x,std_y,std_z,R,log_rmsW,rX_ratio,rY_ratio,rZ_ratio,psi,elev_normalized,elev_sin,elev_cos,is_synthetic,time_s,azimuth_deg,az_sector,elev_class,psi_cls
-0.047785,-0.023276,0.027911,0.587288,0.618327,0.518748,0.060035,0.028076,0.459677,0.390367,0.348897,0.939965,0.0,0.0,1.0,0.0,0.571333,145.143457,4.0,2,2
-0.015399,-0.007691,-0.00321,0.587844,0.602793,0.539209,0.01751,0.025686,0.505897,0.417108,0.416076,0.98249,0.0,0.0,1.0,0.0,1.501333,-73.468406,9.0,1,2
0.011342,0.032823,-0.022707,0.558924,0.624639,0.543746,0.041492,0.021737,0.527657,0.614256,0.480366,0.958508,0.0,0.0,1.0,0.0,2.241333,-168.877498,6.0,0,2
0.07947,0.05382,-0.067009,0.576298,0.607156,0.534296,0.117057,0.017358,0.634172,0.665188,0.503537,0.882943,0.0,0.0,1.0,0.0,2.961333,136.256543,4.0,0,2
0.073484,0.077088,-0.014785,0.623716,0.581121,0.511497,0.107522,0.014035,0.96341,0.852659,0.546856,0.892478,0.0,0.0,1.0,0.0,3.801333,60.805469,2.0,0,2
0.027201,0.050681,0.011365,0.549198,0.464389,0.427875,0.058631,0.01202,0.992197,0.723117,0.480794,0.941369,0.0,0.0,1.0,0.0,4.601333,4.811742,0.0,1,2
-0.006025,0.043415,0.034822,0.375007,0.319832,0.269764,0.05598,0.00816,1.191891,0.938473,0.552195,0.94402,0.0,0.0,1.0,0.0,5.371333,1.468335,0.0,2,2
