mean_x,mean_y,mean_z,std_x,std_y,std_z,R,log_rmsW,rX_ratio,rY_ratio,rZ_ratio,psi,elev_normalized,elev_sin,elev_cos,is_synthetic,time_s,azimuth_deg,az_sector,elev_class,psi_cls
-0.078681,-0.134137,0.020034,0.607014,0.572118,0.528703,0.156795,0.018903,0.797323,0.856578,0.679667,0.843205,0.833333,0.965926,0.258819,0.0,1.141333,-68.146358,9.0,1,1
-0.024471,-0.156245,-0.026601,0.60494,0.540484,0.562224,0.160371,0.017435,0.80901,0.765915,0.806489,0.839629,0.833333,0.965926,0.258819,0.0,1.821333,-33.139763,10.0,0,1
-0.056594,-0.183151,-0.011323,0.59196,0.531062,0.574982,0.19203,0.019636,0.715312,0.741202,0.757224,0.80797,0.833333,0.965926,0.258819,0.0,2.601333,-64.324059,9.0,0,1
-0.059654,-0.106961,-0.017918,0.645476,0.518006,0.547367,0.123775,0.02722,0.595755,0.35338,0.354607,0.876225,0.833333,0.965926,0.258819,0.0,4.401333,-131.2851,7.0,0,2
-0.088365,-0.104844,-0.047545,0.655362,0.528981,0.519203,0.145124,0.031907,0.615229,0.421681,0.39194,0.854876,0.833333,0.965926,0.258819,0.0,5.091333,164.542723,5.0,0,2
-0.097276,-0.064229,-0.040097,0.632712,0.528399,0.513449,0.123271,0.028221,0.639438,0.449776,0.410458,0.876729,0.833333,0.965926,0.258819,0.0,5.841333,-42.949919,10.0,0,2
-0.051119,-0.033882,-0.030373,0.46247,0.408871,0.384249,0.068437,0.016318,0.624024,0.487583,0.44828,0.931563,0.833333,0.965926,0.258819,0.0,6.691333,157.435481,5.0,0,2
