mean_x,mean_y,mean_z,std_x,std_y,std_z,R,log_rmsW,rX_ratio,rY_ratio,rZ_ratio,psi,elev_normalized,elev_sin,elev_cos,is_synthetic,time_s,azimuth_deg,az_sector,elev_class,psi_cls
0.013695,-0.023801,0.054102,0.554928,0.574393,0.598674,0.060672,0.018582,0.64529,0.57922,0.732859,0.939328,0.833333,0.965926,0.258819,0.0,0.401333,-38.277981,10.0,2,2
-0.006185,-0.188754,0.044539,0.531213,0.589369,0.576871,0.194036,0.019016,0.651157,0.97361,0.744198,0.805964,0.833333,0.965926,0.258819,0.0,1.171333,-81.146209,9.0,2,1
0.081573,-0.229169,0.026056,0.572675,0.594763,0.508329,0.244646,0.018895,0.8329,0.985531,0.664569,0.755354,0.833333,0.965926,0.258819,0.0,1.891333,-48.441516,10.0,2,0
0.049,-0.17937,0.049391,0.606187,0.615546,0.465393,0.192391,0.022566,1.047145,1.073753,0.769926,0.807609,0.833333,0.965926,0.258819,0.0,2.801333,-96.486135,8.0,2,1
-0.105727,-0.074011,0.004227,0.595673,0.570857,0.550084,0.129127,0.033216,0.679204,0.679499,0.582393,0.870873,0.833333,0.965926,0.258819,0.0,4.351333,-109.890793,8.0,1,2
-0.115765,-0.037248,-0.056179,0.63638,0.491101,0.579532,0.133959,0.03264,0.629842,0.447224,0.508984,0.866041,0.833333,0.965926,0.258819,0.0,5.151333,-118.016523,8.0,0,2
-0.091094,0.027862,-0.052323,0.646873,0.493978,0.570685,0.108683,0.023068,0.767859,0.217259,0.535068,0.891317,0.833333,0.965926,0.258819,0.0,5.421333,1.055136,0.0,0,2
-0.06823,0.045717,-0.0553,0.539225,0.40637,0.493236,0.099013,0.02139,0.712604,0.128593,0.54023,0.900987,0.833333,0.965926,0.258819,0.0,6.091333,-170.463448,6.0,0,2
-0.00831,0.021469,-0.017527,0.381765,0.317185,0.334393,0.028934,0.013867,0.607102,0.079214,0.540119,0.971066,0.833333,0.965926,0.258819,0.0,6.791333,156.846148,5.0,0,2
