mean_x,mean_y,mean_z,std_x,std_y,std_z,R,log_rmsW,rX_ratio,rY_ratio,rZ_ratio,psi,elev_normalized,elev_sin,elev_cos,is_synthetic,time_s,azimuth_deg,az_sector,elev_class,psi_cls
0.174019,0.045666,-0.165416,0.621376,0.592565,0.450545,0.244398,0.02633,0.827078,0.642786,0.359292,0.755602,0.0,0.0,1.0,0.0,0.291333,47.104491,1.0,0,0
0.225062,-0.031324,-0.163127,0.593631,0.602986,0.453538,0.279723,0.029982,0.736479,0.565754,0.320337,0.720277,0.0,0.0,1.0,0.0,0.981333,-27.993618,11.0,0,0
0.062676,-0.135762,-0.108427,0.622157,0.603879,0.462608,0.184705,0.03451,0.48946,0.473429,0.257656,0.815295,0.0,0.0,1.0,0.0,1.971333,-27.444515,11.0,0,1
0.0008,-0.204197,-0.110481,0.597381,0.580111,0.502579,0.23217,0.032779,0.433705,0.510762,0.299539,0.76783,0.0,0.0,1.0,0.0,2.591333,-37.175553,10.0,0,0
-0.153656,-0.13822,-0.031236,0.58415,0.606026,0.497718,0.209023,0.036303,0.441033,0.597393,0.279672,0.790977,0.0,0.0,1.0,0.0,3.421333,-128.662623,7.0,0,1
-0.103501,-0.10845,0.004939,0.606668,0.582376,0.519847,0.149994,0.032653,0.504695,0.623814,0.28923,0.850006,0.0,0.0,1.0,0.0,4.221333,-148.616073,7.0,1,2
-0.103824,-0.084995,-0.002696,0.656803,0.556786,0.490442,0.134205,0.026737,0.598071,0.678242,0.26852,0.865795,0.0,0.0,1.0,0.0,5.041333,-135.160938,7.0,1,2
-0.070745,-0.080972,-0.003416,0.662381,0.531651,0.516663,0.107578,0.017677,0.710944,0.561094,0.270968,0.892422,0.0,0.0,1.0,0.0,5.271333,163.554928,5.0,1,2
-0.05885,-0.061824,-0.026087,0.609738,0.470224,0.467087,0.089253,0.015513,0.693397,0.356837,0.252997,0.910747,0.0,0.0,1.0,0.0,5.871333,165.720442,5.0,0,2
