mean_x,mean_y,mean_z,std_x,std_y,std_z,R,log_rmsW,rX_ratio,rY_ratio,rZ_ratio,psi,elev_normalized,elev_sin,elev_cos,is_synthetic,time_s,azimuth_deg,az_sector,elev_class,psi_cls
0.139896,-0.0217,-0.058977,0.567493,0.637136,0.498429,0.153363,0.021665,0.815723,0.809388,0.53949,0.846637,0.0,0.0,1.0,0.0,0.181333,38.707969,1.0,0,2
0.068901,-0.102822,-0.059845,0.586829,0.652991,0.458539,0.137482,0.019166,0.549686,1.109461,0.413199,0.862518,0.0,0.0,1.0,0.0,1.091333,7.770155,0.0,0,2
0.076091,-0.13237,-0.011713,0.577133,0.628416,0.498447,0.15313,0.02246,0.514072,1.037057,0.588235,0.84687,0.0,0.0,1.0,0.0,2.731333,-76.862999,9.0,0,2
-0.043133,-0.121132,0.015561,0.593028,0.614907,0.503307,0.129521,0.023936,0.692516,0.82754,0.53201,0.870479,0.0,0.0,1.0,0.0,3.371333,-69.257985,9.0,1,2
-0.046014,-0.044162,0.016325,0.678576,0.582456,0.442576,0.065833,0.020239,1.145426,0.762327,0.472398,0.934166,0.0,0.0,1.0,0.0,4.181333,-109.276488,8.0,1,2
-0.063555,-0.024152,0.011801,0.69573,0.574924,0.424938,0.069006,0.017309,1.328143,0.75711,0.493753,0.930994,0.0,0.0,1.0,0.0,4.421333,-102.52484,8.0,1,2
-0.116891,-0.010501,0.029895,0.721411,0.533696,0.42427,0.121109,0.020781,1.191228,0.626571,0.457879,0.878891,0.0,0.0,1.0,0.0,4.961333,-141.272033,7.0,2,2
-0.110963,0.027573,0.010863,0.693333,0.482263,0.397739,0.114852,0.014832,1.405345,0.477411,0.496278,0.885148,0.0,0.0,1.0,0.0,5.741333,-151.29147,6.0,1,2
-0.07496,0.037011,0.013106,0.490615,0.349068,0.324029,0.084621,0.012463,0.731883,0.349222,0.367227,0.915379,0.0,0.0,1.0,0.0,6.561333,-175.84161,6.0,1,2
