mean_x,mean_y,mean_z,std_x,std_y,std_z,R,log_rmsW,rX_ratio,rY_ratio,rZ_ratio,psi,elev_normalized,elev_sin,elev_cos,is_synthetic,time_s,azimuth_deg,az_sector,elev_class,psi_cls
0.414489,0.416159,0.0,0.361192,0.355724,0.0,0.587358,0.031753,0.668036,0.638186,0.0,0.412642,0.0,0.0,1.0,1.0,0.261333,67.499958,2.0,0,0
0.521287,0.207465,0.0,0.433579,0.26986,0.0,0.561054,0.026384,0.820271,0.425099,0.0,0.438946,0.0,0.0,1.0,1.0,1.121333,44.999999,1.0,0,0
0.576791,-0.001955,0.0,0.458411,0.242318,0.0,0.576794,0.027327,0.865222,0.323952,0.0,0.423206,0.0,0.0,1.0,1.0,1.871333,22.500014,0.0,0,0
0.55979,-0.235328,0.0,0.415556,0.28158,0.0,0.607244,0.022971,0.806862,0.45003,0.0,0.392756,0.0,0.0,1.0,1.0,2.671333,0.0,0.0,0,0
0.384395,-0.411,0.0,0.333446,0.361525,0.0,0.562744,0.023551,0.63273,0.673205,0.0,0.437256,0.0,0.0,1.0,1.0,3.611333,-22.500017,11.0,0,0
0.058958,-0.14246,0.0,0.1347,0.324931,0.0,0.154179,0.012889,0.353553,0.853555,0.0,0.845821,0.0,0.0,1.0,1.0,5.171333,-67.500005,9.0,0,1
