mean_x,mean_y,mean_z,std_x,std_y,std_z,R,log_rmsW,rX_ratio,rY_ratio,rZ_ratio,psi,elev_normalized,elev_sin,elev_cos,is_synthetic,time_s,azimuth_deg,az_sector,elev_class,psi_cls
0.210479,-0.238143,-0.004131,0.622058,0.535681,0.474345,0.317853,0.041779,0.830941,0.492122,0.277169,0.682147,0.444444,0.642788,0.766044,0.0,0.371333,-24.324875,11.0,1,0
0.169478,-0.248536,-0.028589,0.570085,0.561481,0.518066,0.302176,0.03564,0.766349,0.623696,0.342643,0.697824,0.444444,0.642788,0.766044,0.0,1.251333,-24.463275,11.0,0,0
0.107084,-0.22571,-0.063336,0.553949,0.603148,0.512701,0.257727,0.023462,0.791049,0.974456,0.709247,0.742273,0.444444,0.642788,0.766044,0.0,2.091333,-48.088692,10.0,0,0
0.037719,-0.238759,-0.009156,0.526141,0.592372,0.560071,0.241894,0.027772,0.534539,0.918502,0.84047,0.758106,0.444444,0.642788,0.766044,0.0,2.741333,-63.633825,9.0,0,0
-0.033103,-0.191941,0.005248,0.58463,0.589615,0.522045,0.194846,0.024318,0.427434,0.834608,0.750414,0.805154,0.444444,0.642788,0.766044,0.0,3.761333,-82.84758,9.0,1,1
-0.112823,-0.120712,0.170949,0.606093,0.532868,0.540476,0.237747,0.030253,0.674774,0.530916,0.885648,0.762253,0.444444,0.642788,0.766044,0.0,4.381333,-112.49675,8.0,2,0
-0.116244,-0.031504,0.156398,0.617529,0.554924,0.521201,0.197397,0.028524,0.739438,0.475508,0.82111,0.802603,0.444444,0.642788,0.766044,0.0,5.131333,-127.32332,7.0,2,1
-0.076414,-0.015608,0.148459,0.535378,0.471514,0.465466,0.167698,0.02403,0.693622,0.405837,0.829014,0.832302,0.444444,0.642788,0.766044,0.0,6.001333,-156.357319,6.0,2,1
-0.00959,-0.011622,-0.003016,0.342975,0.332797,0.264903,0.015367,0.011131,0.722105,0.65301,0.357453,0.984633,0.444444,0.642788,0.766044,0.0,6.911333,24.847833,0.0,1,2
