mean_x,mean_y,mean_z,std_x,std_y,std_z,R,log_rmsW,rX_ratio,rY_ratio,rZ_ratio,psi,elev_normalized,elev_sin,elev_cos,is_synthetic,time_s,azimuth_deg,az_sector,elev_class,psi_cls
0.378532,0.316288,0.0,0.383387,0.321378,0.0,0.49328,0.036049,0.773053,0.505907,0.0,0.50672,0.0,0.0,1.0,1.0,0.921333,67.49998,2.0,0,0
0.541494,0.227933,0.0,0.427531,0.2813,0.0,0.587511,0.036536,0.82683,0.412196,0.0,0.412489,0.0,0.0,1.0,1.0,1.491333,44.999999,1.0,0,0
0.575803,-0.004796,0.0,0.451872,0.239368,0.0,0.575823,0.039482,0.862601,0.330868,0.0,0.424177,0.0,0.0,1.0,1.0,2.301333,22.500001,0.0,0,0
0.543701,-0.224133,0.0,0.419949,0.283988,0.0,0.588087,0.034832,0.798053,0.465472,0.0,0.411913,0.0,0.0,1.0,1.0,3.081333,0.0,0.0,0,0
0.414467,-0.4156,0.0,0.349708,0.358323,0.0,0.586947,0.03137,0.748277,0.541881,0.0,0.413053,0.0,0.0,1.0,1.0,3.901333,-22.500009,11.0,0,0
0.226686,-0.334168,0.0,0.279493,0.396838,0.0,0.4038,0.021313,0.624785,0.680586,0.0,0.5962,0.0,0.0,1.0,1.0,4.691333,-45.000021,10.0,0,0
