mean_x,mean_y,mean_z,std_x,std_y,std_z,R,log_rmsW,rX_ratio,rY_ratio,rZ_ratio,psi,elev_normalized,elev_sin,elev_cos,is_synthetic,time_s,azimuth_deg,az_sector,elev_class,psi_cls
0.418768,0.412182,0.0,0.361564,0.35671,0.0,0.587589,0.035573,0.716203,0.583615,0.0,0.412411,0.0,0.0,1.0,1.0,0.531333,67.5,2.0,0,0
0.529691,0.190903,0.0,0.422295,0.251201,0.0,0.563043,0.032654,0.84147,0.381421,0.0,0.436957,0.0,0.0,1.0,1.0,1.451333,45.000002,1.0,0,0
0.575687,-0.009388,0.0,0.440735,0.233129,0.0,0.575763,0.030477,0.878158,0.287039,0.0,0.424237,0.0,0.0,1.0,1.0,2.201333,22.500001,0.0,0,0
0.543595,-0.220235,0.0,0.425529,0.283968,0.0,0.586515,0.026522,0.841665,0.38099,0.0,0.413485,0.0,0.0,1.0,1.0,2.921333,0.0,0.0,0,0
0.399837,-0.399149,0.0,0.365284,0.368272,0.0,0.564969,0.024349,0.644679,0.661772,0.0,0.435031,0.0,0.0,1.0,1.0,3.731333,-22.500026,11.0,0,0
0.210584,-0.316862,0.0,0.281128,0.401732,0.0,0.380457,0.018789,0.485235,0.786193,0.0,0.619543,0.0,0.0,1.0,1.0,4.531333,-45.000051,10.0,0,0
0.071516,-0.172653,0.0,0.149106,0.359496,0.0,0.186878,0.0128,0.353554,0.853545,0.0,0.813122,0.0,0.0,1.0,1.0,5.331333,-67.500005,9.0,0,1
