mean_x,mean_y,mean_z,std_x,std_y,std_z,R,log_rmsW,rX_ratio,rY_ratio,rZ_ratio,psi,elev_normalized,elev_sin,elev_cos,is_synthetic,time_s,azimuth_deg,az_sector,elev_class,psi_cls
0.403789,0.374541,0.0,0.369675,0.351191,0.0,0.550751,0.026039,0.716851,0.582819,0.0,0.449249,0.0,0.0,1.0,1.0,0.771333,67.50002,2.0,0,0
0.546874,0.223437,0.0,0.425796,0.28064,0.0,0.590758,0.025237,0.793161,0.473761,0.0,0.409242,0.0,0.0,1.0,1.0,1.491333,44.999979,1.0,0,0
0.608658,-0.002878,0.0,0.430477,0.241091,0.0,0.608665,0.026961,0.862523,0.331072,0.0,0.391335,0.0,0.0,1.0,1.0,2.311333,22.499998,0.0,0,0
0.56311,-0.22595,0.0,0.415148,0.286881,0.0,0.606751,0.028169,0.793076,0.473904,0.0,0.393249,0.0,0.0,1.0,1.0,3.091333,0.0,0.0,0,0
0.387329,-0.41037,0.0,0.350748,0.367706,0.0,0.564294,0.029007,0.664278,0.642097,0.0,0.435706,0.0,0.0,1.0,1.0,3.971333,-22.500008,11.0,0,0
0.199796,-0.311025,0.0,0.265404,0.396412,0.0,0.369669,0.020973,0.497893,0.778239,0.0,0.630331,0.0,0.0,1.0,1.0,4.781333,-45.000024,10.0,0,0
0.056463,-0.136558,0.0,0.134475,0.324796,0.0,0.14777,0.012155,0.353553,0.853552,0.0,0.85223,0.0,0.0,1.0,1.0,5.591333,-67.500002,9.0,0,2
