mean_x,mean_y,mean_z,std_x,std_y,std_z,R,log_rmsW,rX_ratio,rY_ratio,rZ_ratio,psi,elev_normalized,elev_sin,elev_cos,is_synthetic,time_s,azimuth_deg,az_sector,elev_class,psi_cls
-0.136284,0.082842,0.07566,0.656331,0.562681,0.470498,0.176524,0.022802,0.934837,0.778261,0.380538,0.823476,0.444444,0.642788,0.766044,0.0,0.641333,127.023659,4.0,2,1
-0.077971,0.102187,0.050806,0.647956,0.582859,0.470341,0.138214,0.022837,0.83141,0.842642,0.472409,0.861786,0.444444,0.642788,0.766044,0.0,1.331333,138.822557,4.0,2,2
-0.099849,0.128633,0.051909,0.580142,0.587395,0.537712,0.170912,0.022714,0.705128,0.847694,0.51509,0.829088,0.444444,0.642788,0.766044,0.0,1.991333,126.536619,4.0,2,1
-0.069969,0.082147,0.05399,0.579813,0.584344,0.554726,0.12066,0.020318,0.57228,0.763542,0.502405,0.87934,0.444444,0.642788,0.766044,0.0,2.231333,140.397502,4.0,2,2
-0.022314,0.184914,0.01352,0.566311,0.576488,0.558557,0.186745,0.023355,0.396278,0.66363,0.458017,0.813255,0.444444,0.642788,0.766044,0.0,2.801333,98.37832,3.0,1,1
-0.04148,0.14726,0.026339,0.600099,0.565254,0.544203,0.155241,0.01994,0.381568,0.540075,0.385948,0.844759,0.444444,0.642788,0.766044,0.0,3.041333,129.189284,4.0,2,1
-0.015445,0.099825,0.013156,0.601332,0.587179,0.532087,0.101866,0.022014,0.429396,0.496643,0.414934,0.898134,0.444444,0.642788,0.766044,0.0,3.671333,87.21516,2.0,1,2
-0.027145,0.025942,0.03247,0.521133,0.508752,0.419578,0.04964,0.017278,0.45867,0.500378,0.406412,0.95036,0.444444,0.642788,0.766044,0.0,4.591333,79.946161,2.0,2,2
-0.017799,-0.025177,0.031214,0.359672,0.382827,0.333318,0.043875,0.011582,0.48346,0.565344,0.483491,0.956125,0.444444,0.642788,0.766044,0.0,5.231333,70.725288,2.0,2,2
