mean_x,mean_y,mean_z,std_x,std_y,std_z,R,log_rmsW,rX_ratio,rY_ratio,rZ_ratio,psi,elev_normalized,elev_sin,elev_cos,is_synthetic,time_s,azimuth_deg,az_sector,elev_class,psi_cls
-0.122089,0.115124,0.00912,0.589615,0.562151,0.554987,0.168055,0.038166,0.524659,0.511847,0.438208,0.831945,0.833333,0.965926,0.258819,0.0,0.531333,167.581472,5.0,1,1
-0.104718,0.161089,0.024747,0.570543,0.577659,0.550644,0.193721,0.036654,0.503418,0.642101,0.451023,0.806279,0.833333,0.965926,0.258819,0.0,1.381333,148.471931,4.0,2,1
-0.0524,0.120738,0.011016,0.579906,0.586942,0.549269,0.132079,0.029853,0.524691,0.738492,0.49762,0.867921,0.833333,0.965926,0.258819,0.0,1.601333,144.33641,4.0,1,2
-0.026483,0.194968,-0.018653,0.5735,0.570989,0.553133,0.19764,0.030902,0.445598,0.708369,0.504633,0.80236,0.833333,0.965926,0.258819,0.0,2.211333,131.758303,4.0,0,1
0.021816,0.196148,-0.03413,0.563279,0.613811,0.51554,0.200287,0.027164,0.374328,0.760826,0.503347,0.799713,0.833333,0.965926,0.258819,0.0,2.921333,108.610197,3.0,0,1
0.048367,0.109048,-0.027213,0.564793,0.64971,0.493807,0.122358,0.021799,0.381814,0.652651,0.45396,0.877642,0.833333,0.965926,0.258819,0.0,3.791333,80.838087,2.0,0,2
0.01389,0.028821,-0.004745,0.487231,0.580023,0.412303,0.032343,0.016732,0.474397,0.757573,0.407904,0.967657,0.833333,0.965926,0.258819,0.0,4.521333,65.297382,2.0,1,2
-0.060536,-0.014077,0.01106,0.344273,0.370477,0.255193,0.063128,0.008433,0.392729,0.494569,0.252596,0.936872,0.833333,0.965926,0.258819,0.0,5.361333,62.905747,2.0,1,2
