mean_x,mean_y,mean_z,std_x,std_y,std_z,R,log_rmsW,rX_ratio,rY_ratio,rZ_ratio,psi,elev_normalized,elev_sin,elev_cos,is_synthetic,time_s,azimuth_deg,az_sector,elev_class,psi_cls
-0.217299,0.136443,0.018319,0.562244,0.611794,0.493282,0.257238,0.049447,0.639268,0.681495,0.367503,0.742762,0.444444,0.642788,0.766044,0.0,0.791333,151.647553,5.0,1,0
-0.134159,0.107985,-0.002369,0.568755,0.622584,0.509065,0.172235,0.026667,0.771295,1.107508,0.603034,0.827765,0.444444,0.642788,0.766044,0.0,1.011333,119.279191,3.0,1,1
-0.070033,0.167654,0.048496,0.55988,0.636546,0.495871,0.188055,0.026564,0.757016,1.158512,0.614949,0.811945,0.444444,0.642788,0.766044,0.0,1.551333,147.428653,4.0,2,1
0.039984,0.198941,0.043005,0.553118,0.632296,0.501172,0.207426,0.031802,0.653385,1.11293,0.519449,0.792574,0.444444,0.642788,0.766044,0.0,2.341333,117.297149,3.0,2,1
0.092494,0.202559,0.105732,0.548537,0.600609,0.526795,0.246505,0.03173,0.517021,0.849741,0.393744,0.753495,0.444444,0.642788,0.766044,0.0,3.151333,103.437945,3.0,2,0
0.107353,0.134536,0.093587,0.592781,0.554427,0.550185,0.195916,0.029106,0.558061,0.835022,0.412483,0.804084,0.444444,0.642788,0.766044,0.0,3.941333,67.130928,2.0,2,1
0.066086,0.044223,0.066828,0.472748,0.391315,0.453353,0.10387,0.015756,0.664356,0.684013,0.460932,0.89613,0.444444,0.642788,0.766044,0.0,4.821333,64.631869,2.0,2,2
