mean_x,mean_y,mean_z,std_x,std_y,std_z,R,log_rmsW,rX_ratio,rY_ratio,rZ_ratio,psi,elev_normalized,elev_sin,elev_cos,is_synthetic,time_s,azimuth_deg,az_sector,elev_class,psi_cls
0.025645,-0.087905,-0.004606,0.553834,0.603639,0.565964,0.091685,0.012255,0.778915,0.969728,0.836571,0.908315,0.833333,0.965926,0.258819,0.0,0.351333,-0.979444,11.0,1,2
-0.003928,-0.130363,-0.030299,0.54668,0.603548,0.564668,0.133896,0.024255,0.48402,0.905822,0.60688,0.866104,0.833333,0.965926,0.258819,0.0,1.011333,-77.860714,9.0,0,2
-0.062789,-0.214855,0.026671,0.542822,0.602829,0.539495,0.225425,0.029071,0.540769,0.946335,0.611158,0.774575,0.833333,0.965926,0.258819,0.0,1.731333,-51.175514,10.0,2,0
-0.046235,-0.213679,0.064267,0.558798,0.590926,0.535289,0.227874,0.028945,0.546537,0.923203,0.580407,0.772126,0.833333,0.965926,0.258819,0.0,2.551333,-85.513376,9.0,2,0
-0.075033,-0.162987,0.056103,0.544272,0.605771,0.548971,0.187995,0.02212,0.565947,0.850804,0.587469,0.812005,0.833333,0.965926,0.258819,0.0,3.411333,-125.174074,7.0,2,1
-0.059708,-0.079562,-0.03655,0.574977,0.549029,0.597161,0.105977,0.028606,0.567708,0.425124,0.520143,0.894023,0.833333,0.965926,0.258819,0.0,4.161333,-100.450381,8.0,0,2
-0.12979,-0.049313,-0.051618,0.597823,0.517556,0.593846,0.148127,0.029159,0.610338,0.32165,0.484094,0.851873,0.833333,0.965926,0.258819,0.0,4.951333,-117.897791,8.0,0,2
-0.071464,-0.014001,-0.06347,0.61661,0.501794,0.598718,0.0966,0.024247,0.590682,0.235706,0.471356,0.9034,0.833333,0.965926,0.258819,0.0,5.831333,172.810207,5.0,0,2
-0.005877,0.007474,-0.037185,0.480564,0.442102,0.448266,0.038381,0.00938,0.424858,0.165075,0.386419,0.961619,0.833333,0.965926,0.258819,0.0,6.751333,166.218076,5.0,0,2
