mean_x,mean_y,mean_z,std_x,std_y,std_z,R,log_rmsW,rX_ratio,rY_ratio,rZ_ratio,psi,elev_normalized,elev_sin,elev_cos,is_synthetic,time_s,azimuth_deg,az_sector,elev_class,psi_cls
-0.122269,0.092652,-0.011741,0.585814,0.568126,0.557022,0.153857,0.024518,0.775891,0.642018,0.544912,0.846143,0.833333,0.965926,0.258819,0.0,0.821333,166.350577,5.0,0,2
-0.146028,0.116338,0.017022,0.576107,0.596197,0.526687,0.187479,0.0223,0.777703,0.723397,0.557496,0.812521,0.833333,0.965926,0.258819,0.0,1.541333,151.76226,5.0,1,1
-0.03273,0.136792,-0.036085,0.556567,0.590478,0.566027,0.145208,0.028358,0.5535,0.652748,0.584775,0.854792,0.833333,0.965926,0.258819,0.0,2.291333,126.685535,4.0,0,2
-0.002349,0.11047,-0.060925,0.511192,0.645309,0.553404,0.126178,0.029038,0.326683,0.651124,0.508739,0.873822,0.833333,0.965926,0.258819,0.0,3.091333,106.861147,3.0,0,2
0.009489,0.043036,0.010665,0.535617,0.614098,0.577812,0.045342,0.025519,0.493004,0.653515,0.55964,0.954658,0.833333,0.965926,0.258819,0.0,4.001333,86.373758,2.0,1,2
-0.005026,-0.029175,0.030638,0.546609,0.553665,0.521104,0.042605,0.015269,0.800544,0.841572,0.630377,0.957395,0.833333,0.965926,0.258819,0.0,4.751333,29.880848,0.0,2,2
-0.010931,-0.040857,0.039897,0.423406,0.397156,0.371941,0.058142,0.009224,0.904364,0.315104,0.756021,0.941858,0.833333,0.965926,0.258819,0.0,5.551333,2.493498,0.0,2,2
