mean_x,mean_y,mean_z,std_x,std_y,std_z,R,log_rmsW,rX_ratio,rY_ratio,rZ_ratio,psi,elev_normalized,elev_sin,elev_cos,is_synthetic,time_s,azimuth_deg,az_sector,elev_class,psi_cls
-0.015954,-0.142654,0.08849,0.598286,0.512363,0.59247,0.168628,0.023994,0.645136,0.657481,0.536054,0.831372,0.833333,0.965926,0.258819,0.0,0.151333,-23.237876,11.0,2,1
-0.092394,-0.113965,0.086725,0.588156,0.529149,0.587305,0.170429,0.02126,0.578523,0.682438,0.483515,0.829571,0.833333,0.965926,0.258819,0.0,0.391333,-30.241226,10.0,2,1
-0.130913,-0.150332,0.094913,0.590288,0.54853,0.549397,0.220786,0.017246,0.653736,0.781764,0.565334,0.779214,0.833333,0.965926,0.258819,0.0,1.051333,-62.514361,9.0,2,1
-0.133834,-0.124563,0.047016,0.601029,0.542797,0.555359,0.18878,0.015918,0.986519,0.936672,0.886253,0.81122,0.833333,0.965926,0.258819,0.0,1.731333,-45.786111,10.0,2,1
0.007341,-0.153661,0.006437,0.609704,0.554858,0.544568,0.153971,0.020655,0.846046,0.860571,0.699133,0.846029,0.833333,0.965926,0.258819,0.0,3.381333,-99.815933,8.0,1,2
0.093884,-0.132433,0.032817,0.629852,0.523621,0.549127,0.165619,0.033552,0.683888,0.492655,0.499892,0.834381,0.833333,0.965926,0.258819,0.0,4.301333,-94.892676,8.0,2,1
0.120513,-0.046151,-0.006494,0.642249,0.521625,0.546441,0.129211,0.034086,0.632852,0.369341,0.450738,0.870789,0.833333,0.965926,0.258819,0.0,5.131333,-77.724486,9.0,0,2
0.113983,-0.026877,-0.007112,0.594533,0.496564,0.494158,0.117325,0.029811,0.647356,0.372468,0.446561,0.882675,0.833333,0.965926,0.258819,0.0,5.791333,-15.985094,11.0,0,2
0.027663,0.001994,-0.03456,0.431082,0.373309,0.333003,0.044313,0.00972,0.64342,0.42554,0.438517,0.955687,0.833333,0.965926,0.258819,0.0,6.631333,-158.54514,6.0,0,2
