mean_x,mean_y,mean_z,std_x,std_y,std_z,R,log_rmsW,rX_ratio,rY_ratio,rZ_ratio,psi,elev_normalized,elev_sin,elev_cos,is_synthetic,time_s,azimuth_deg,az_sector,elev_class,psi_cls
-0.431059,-0.452804,0.0,0.351288,0.348155,0.0,0.625174,0.029672,0.731712,0.564049,0.0,0.374826,0.0,0.0,1.0,1.0,1.091333,-112.49999,8.0,0,0
-0.551824,-0.188371,0.0,0.436267,0.260269,0.0,0.58309,0.031375,0.83322,0.39912,0.0,0.41691,0.0,0.0,1.0,1.0,1.991333,-135.000002,7.0,0,0
-0.647401,-0.000222,0.0,0.423862,0.24354,0.0,0.647401,0.030709,0.877922,0.287762,0.0,0.352599,0.0,0.0,1.0,1.0,2.691333,-157.500003,6.0,0,0
-0.608262,0.226187,0.0,0.395866,0.283976,0.0,0.648955,0.026516,0.834189,0.397092,0.0,0.351045,0.0,0.0,1.0,1.0,3.491333,180.0,6.0,0,0
-0.509327,0.247251,0.0,0.394288,0.280807,0.0,0.566169,0.021536,0.783139,0.49015,0.0,0.433831,0.0,0.0,1.0,1.0,3.731333,180.0,6.0,0,0
-0.364149,0.404444,0.0,0.333925,0.370468,0.0,0.544223,0.022848,0.629254,0.676456,0.0,0.455777,0.0,0.0,1.0,1.0,4.451333,157.499998,5.0,0,0
-0.076737,0.398917,0.0,0.152104,0.468377,0.0,0.406231,0.018372,0.253069,0.888543,0.0,0.593769,0.0,0.0,1.0,1.0,5.891333,112.499997,3.0,0,0
0.0,0.19884,0.0,0.0,0.393737,0.0,0.19884,0.010661,0.0,0.92388,0.0,0.80116,0.0,0.0,1.0,1.0,6.711333,90.0,3.0,0,1
