mean_x,mean_y,mean_z,std_x,std_y,std_z,R,log_rmsW,rX_ratio,rY_ratio,rZ_ratio,psi,elev_normalized,elev_sin,elev_cos,is_synthetic,time_s,azimuth_deg,az_sector,elev_class,psi_cls
-0.017586,-0.094961,-0.00353,0.634457,0.61008,0.464587,0.096641,0.01536,0.571296,0.52728,0.306042,0.903359,0.0,0.0,1.0,0.0,0.541333,-57.991184,10.0,1,2
-0.033135,-0.02756,-0.025401,0.586905,0.627584,0.509017,0.050027,0.014429,0.519743,0.70356,0.446982,0.949973,0.0,0.0,1.0,0.0,1.211333,109.448533,3.0,0,2
0.036765,-0.037266,-0.014774,0.568292,0.632413,0.523535,0.054394,0.017703,0.422442,0.596628,0.378017,0.945606,0.0,0.0,1.0,0.0,1.971333,121.982432,4.0,0,2
0.046512,-0.010126,-0.010974,0.559472,0.618916,0.549063,0.04885,0.016682,0.400385,0.557947,0.374786,0.95115,0.0,0.0,1.0,0.0,2.251333,179.359334,5.0,0,2
0.058877,-0.00875,0.016453,0.559748,0.612886,0.55424,0.061756,0.016315,0.86142,0.941735,1.029274,0.938244,0.0,0.0,1.0,0.0,2.851333,98.723238,3.0,1,2
0.125308,0.014597,-0.013241,0.586411,0.592537,0.53746,0.126848,0.009509,1.48048,1.657663,1.759131,0.873152,0.0,0.0,1.0,0.0,3.731333,-15.912048,11.0,0,2
