mean_x,mean_y,mean_z,std_x,std_y,std_z,R,log_rmsW,rX_ratio,rY_ratio,rZ_ratio,psi,elev_normalized,elev_sin,elev_cos,is_synthetic,time_s,azimuth_deg,az_sector,elev_class,psi_cls
-0.077911,0.057691,0.022028,0.60481,0.582803,0.533479,0.099416,0.025023,0.724962,0.724443,0.673468,0.900584,0.833333,0.965926,0.258819,0.0,0.301333,-19.190981,11.0,2,2
-0.114105,0.095283,-0.03091,0.557169,0.62382,0.52658,0.151837,0.021664,0.589623,0.786005,0.642197,0.848163,0.833333,0.965926,0.258819,0.0,1.071333,137.899458,4.0,0,2
0.002936,0.042866,-0.009432,0.575421,0.627454,0.522657,0.043989,0.020288,0.454004,0.627574,0.281201,0.956011,0.833333,0.965926,0.258819,0.0,2.041333,124.996272,4.0,0,2
0.038954,0.052652,0.015007,0.51342,0.649951,0.556205,0.067193,0.023194,0.327594,0.657322,0.386658,0.932807,0.833333,0.965926,0.258819,0.0,2.691333,-68.30511,9.0,1,2
0.087245,0.02012,0.0816,0.559154,0.577419,0.582386,0.12114,0.029067,0.489644,0.440226,0.455239,0.87886,0.833333,0.965926,0.258819,0.0,3.501333,21.407293,0.0,2,2
0.028421,-0.014935,0.043339,0.502474,0.404373,0.484868,0.053935,0.023671,0.546334,0.266324,0.461019,0.946065,0.833333,0.965926,0.258819,0.0,4.451333,80.143713,2.0,2,2
0.030001,-0.029949,0.009012,0.359771,0.239545,0.308771,0.043338,0.016945,0.511154,0.137512,0.379328,0.956662,0.833333,0.965926,0.258819,0.0,5.191333,-14.442273,11.0,1,2
