mean_x,mean_y,mean_z,std_x,std_y,std_z,R,log_rmsW,rX_ratio,rY_ratio,rZ_ratio,psi,elev_normalized,elev_sin,elev_cos,is_synthetic,time_s,azimuth_deg,az_sector,elev_class,psi_cls
0.058742,-0.145306,-0.03969,0.59441,0.54418,0.56948,0.161677,0.023083,0.784187,0.523318,0.422628,0.838323,0.444444,0.642788,0.766044,0.0,0.481333,118.396676,3.0,0,1
0.022521,-0.239471,-0.067875,0.561372,0.57632,0.538616,0.249921,0.024149,0.624408,0.675724,0.395831,0.750079,0.444444,0.642788,0.766044,0.0,1.261333,-16.411125,11.0,0,0
-0.008024,-0.228529,-0.016048,0.568932,0.617091,0.492781,0.229232,0.021404,0.457197,0.716997,0.358257,0.770768,0.444444,0.642788,0.766044,0.0,2.001333,-8.50553,11.0,0,0
-0.07236,-0.17516,0.011757,0.598865,0.623664,0.465066,0.189882,0.021368,0.740889,1.281843,0.570047,0.810118,0.444444,0.642788,0.766044,0.0,2.901333,-118.358082,8.0,1,1
-0.163397,-0.191286,-0.030146,0.612024,0.574811,0.480319,0.253373,0.029421,0.812907,0.978296,0.507724,0.746628,0.444444,0.642788,0.766044,0.0,4.341333,-103.982832,8.0,0,0
-0.13801,-0.186793,-0.021919,0.62671,0.552356,0.497585,0.233278,0.02666,0.75532,0.602604,0.387947,0.766722,0.444444,0.642788,0.766044,0.0,4.581333,-110.317457,8.0,0,0
-0.156335,-0.190201,-0.051984,0.629639,0.521015,0.518316,0.251634,0.030034,0.763933,0.434779,0.378169,0.748366,0.444444,0.642788,0.766044,0.0,5.251333,-144.358269,7.0,0,0
-0.119142,-0.14258,-0.027597,0.566968,0.4609,0.457432,0.187844,0.025928,0.798705,0.385048,0.359322,0.812156,0.444444,0.642788,0.766044,0.0,5.951333,-152.90746,6.0,0,1
-0.028394,-0.050979,-0.034155,0.369726,0.311942,0.323858,0.067614,0.01447,0.638892,0.337911,0.446627,0.932386,0.444444,0.642788,0.766044,0.0,6.821333,-134.176869,7.0,0,2
