mean_x,mean_y,mean_z,std_x,std_y,std_z,R,log_rmsW,rX_ratio,rY_ratio,rZ_ratio,psi,elev_normalized,elev_sin,elev_cos,is_synthetic,time_s,azimuth_deg,az_sector,elev_class,psi_cls
0.111452,-0.11694,-0.0727,0.57115,0.661465,0.452522,0.177149,0.02725,0.463654,1.04197,0.378655,0.822851,0.0,0.0,1.0,0.0,1.191333,87.560841,2.0,0,1
0.094044,-0.19335,-0.075935,0.541451,0.665183,0.460748,0.228023,0.026421,0.434179,1.065148,0.381821,0.771977,0.0,0.0,1.0,0.0,1.861333,-81.93576,9.0,0,0
0.021814,-0.18775,-0.053789,0.548152,0.665261,0.467196,0.196518,0.028669,0.387235,0.976393,0.354502,0.803482,0.0,0.0,1.0,0.0,2.671333,-71.148672,9.0,0,1
-0.076644,-0.145571,-0.051103,0.598736,0.592402,0.510709,0.172269,0.040958,0.340193,0.43905,0.261273,0.827731,0.0,0.0,1.0,0.0,4.261333,-70.59992,9.0,0,1
-0.054482,-0.115736,-0.07328,0.64491,0.523534,0.536837,0.147421,0.038798,0.458256,0.241669,0.270989,0.852579,0.0,0.0,1.0,0.0,5.091333,-119.219971,8.0,0,2
-0.036854,-0.05918,-0.047345,0.604058,0.496678,0.524696,0.084274,0.02733,0.548042,0.20072,0.300939,0.915726,0.0,0.0,1.0,0.0,5.971333,-139.455781,7.0,0,2
-0.023096,-0.00233,-0.022588,0.484289,0.386866,0.41082,0.03239,0.017727,0.714273,0.208557,0.317542,0.96761,0.0,0.0,1.0,0.0,6.651333,170.016359,5.0,0,2
