mean_x,mean_y,mean_z,std_x,std_y,std_z,R,log_rmsW,rX_ratio,rY_ratio,rZ_ratio,psi,elev_normalized,elev_sin,elev_cos,is_synthetic,time_s,azimuth_deg,az_sector,elev_class,psi_cls
-0.116309,-0.042725,-0.015204,0.618523,0.590807,0.502658,0.124837,0.01859,0.647092,0.617855,0.441088,0.875163,0.0,0.0,1.0,0.0,0.331333,-56.067026,10.0,0,2
-0.054412,-0.060036,-0.051785,0.60376,0.601669,0.513913,0.09616,0.015659,0.611517,0.681055,0.418189,0.90384,0.0,0.0,1.0,0.0,1.161333,-168.832538,6.0,0,2
0.043084,-0.042586,-0.061446,0.620388,0.574006,0.527337,0.086287,0.015094,0.838653,0.635896,0.527132,0.913713,0.0,0.0,1.0,0.0,1.941333,-88.953624,9.0,0,2
0.139986,-0.057445,-0.043384,0.618238,0.571967,0.515549,0.157411,0.022291,0.500444,0.281823,0.276698,0.842589,0.0,0.0,1.0,0.0,2.721333,-124.605866,7.0,0,1
0.18584,-0.096306,-0.038101,0.647577,0.547559,0.485279,0.212751,0.022058,0.539047,0.304476,0.242549,0.787249,0.0,0.0,1.0,0.0,3.661333,-16.129331,11.0,0,1
0.123903,-0.076325,-0.02479,0.569331,0.461605,0.393005,0.147621,0.020137,0.44396,0.251637,0.160897,0.852379,0.0,0.0,1.0,0.0,4.331333,-56.805245,10.0,0,2
0.026042,-0.011817,0.007508,0.268595,0.217607,0.241091,0.029567,0.002656,0.709754,0.480643,0.409556,0.970433,0.0,0.0,1.0,0.0,5.401333,-0.216347,11.0,1,2
