mean_x,mean_y,mean_z,std_x,std_y,std_z,R,log_rmsW,rX_ratio,rY_ratio,rZ_ratio,psi,elev_normalized,elev_sin,elev_cos,is_synthetic,time_s,azimuth_deg,az_sector,elev_class,psi_cls
-0.01212,-0.263619,0.047729,0.552298,0.551623,0.564495,0.268179,0.033733,0.466302,0.644615,0.343133,0.731821,0.444444,0.642788,0.766044,0.0,1.201333,-101.169832,8.0,2,0
-0.020413,-0.32051,0.041525,0.544313,0.569947,0.523354,0.323832,0.03314,0.474074,0.71333,0.357244,0.676168,0.444444,0.642788,0.766044,0.0,2.121333,-68.08735,9.0,2,0
-0.049356,-0.348737,0.052713,0.550242,0.578709,0.48518,0.356135,0.033946,0.397448,0.70502,0.309359,0.643865,0.444444,0.642788,0.766044,0.0,2.801333,-74.505344,9.0,2,0
-0.076407,-0.244142,-0.033791,0.580907,0.580053,0.50934,0.258041,0.025601,0.451579,0.72299,0.34825,0.741959,0.444444,0.642788,0.766044,0.0,3.541333,-81.917094,9.0,0,0
-0.114372,-0.193147,-0.061928,0.576703,0.593411,0.510862,0.232856,0.022845,0.363531,0.684672,0.266921,0.767144,0.444444,0.642788,0.766044,0.0,3.771333,-67.767695,9.0,0,0
-0.176683,-0.149535,-0.104869,0.577596,0.57819,0.517134,0.254116,0.025872,0.442663,0.578144,0.259205,0.745884,0.444444,0.642788,0.766044,0.0,4.521333,-81.424681,9.0,0,0
-0.135018,-0.056743,-0.027137,0.621738,0.579311,0.505413,0.14895,0.022704,0.653906,0.470659,0.310305,0.85105,0.444444,0.642788,0.766044,0.0,5.981333,-120.794568,7.0,0,2
-0.062014,-0.020689,0.001824,0.504726,0.454888,0.389456,0.0654,0.013167,0.748933,0.380886,0.31284,0.9346,0.444444,0.642788,0.766044,0.0,6.771333,169.014629,5.0,1,2
