mean_x,mean_y,mean_z,std_x,std_y,std_z,R,log_rmsW,rX_ratio,rY_ratio,rZ_ratio,psi,elev_normalized,elev_sin,elev_cos,is_synthetic,time_s,azimuth_deg,az_sector,elev_class,psi_cls
-0.016516,0.045388,0.070659,0.598517,0.627894,0.490018,0.085589,0.026082,0.67305,0.912539,0.577097,0.914411,0.444444,0.642788,0.766044,0.0,0.381333,-31.605374,10.0,2,2
-0.077008,0.110329,0.039693,0.530064,0.682685,0.482918,0.14028,0.026988,0.52265,1.04381,0.536115,0.85972,0.444444,0.642788,0.766044,0.0,1.131333,144.920203,4.0,2,2
0.009971,0.187272,0.076158,0.554878,0.668544,0.451799,0.202411,0.029893,0.4233,0.949785,0.396478,0.797589,0.444444,0.642788,0.766044,0.0,1.911333,119.25217,3.0,2,1
0.196208,0.185152,0.069992,0.540143,0.608477,0.510118,0.278707,0.033087,0.533713,0.784775,0.340971,0.721293,0.444444,0.642788,0.766044,0.0,2.741333,99.040779,3.0,2,0
0.137645,0.110927,0.140014,0.601767,0.555481,0.527604,0.22551,0.031691,0.67705,0.668443,0.390932,0.77449,0.444444,0.642788,0.766044,0.0,3.541333,74.70721,2.0,2,0
0.097179,0.046578,0.100398,0.553099,0.444678,0.438661,0.147285,0.026753,0.7321,0.61924,0.430995,0.852715,0.444444,0.642788,0.766044,0.0,4.321333,45.208627,1.0,2,2
0.046674,-0.010836,0.074725,0.52109,0.386239,0.411314,0.088768,0.017715,0.833143,0.509175,0.506373,0.911232,0.444444,0.642788,0.766044,0.0,4.561333,40.459802,1.0,2,2
-0.015646,-0.02867,0.042334,0.389323,0.251561,0.23473,0.053469,0.014716,0.842741,0.443723,0.417622,0.946531,0.444444,0.642788,0.766044,0.0,5.211333,-14.367205,11.0,2,2
