mean_x,mean_y,mean_z,std_x,std_y,std_z,R,log_rmsW,rX_ratio,rY_ratio,rZ_ratio,psi,elev_normalized,elev_sin,elev_cos,is_synthetic,time_s,azimuth_deg,az_sector,elev_class,psi_cls
-0.069522,0.104517,-0.050593,0.624048,0.599125,0.482941,0.135339,0.023608,0.655867,0.608005,0.268686,0.864661,0.0,0.0,1.0,0.0,0.391333,-3.535478,11.0,0,2
-0.125895,0.178177,-0.012791,0.54001,0.660132,0.474088,0.218541,0.023187,0.628071,1.152812,0.222243,0.781459,0.0,0.0,1.0,0.0,1.271333,141.765924,4.0,0,1
0.118739,0.152732,-0.036858,0.617541,0.663623,0.373417,0.196938,0.029546,0.470221,0.916551,0.167377,0.803062,0.0,0.0,1.0,0.0,2.781333,111.964105,3.0,0,1
0.06982,0.00248,0.002154,0.629296,0.669978,0.387542,0.069898,0.028685,0.406543,0.541487,0.181264,0.930102,0.0,0.0,1.0,0.0,3.701333,97.820053,3.0,1,2
0.00752,-0.020673,0.016173,0.554225,0.593288,0.359504,0.027304,0.02382,0.442744,0.47783,0.196171,0.972696,0.0,0.0,1.0,0.0,4.431333,43.747661,1.0,1,2
-0.034521,-0.032873,0.009097,0.356298,0.448555,0.231629,0.04853,0.015275,0.337017,0.564956,0.140043,0.95147,0.0,0.0,1.0,0.0,5.241333,-56.713335,10.0,1,2
