mean_x,mean_y,mean_z,std_x,std_y,std_z,R,log_rmsW,rX_ratio,rY_ratio,rZ_ratio,psi,elev_normalized,elev_sin,elev_cos,is_synthetic,time_s,azimuth_deg,az_sector,elev_class,psi_cls
-0.102016,0.09325,0.051545,0.653698,0.557343,0.490115,0.147512,0.025975,0.941753,0.638193,0.471828,0.852489,0.444444,0.642788,0.766044,0.0,0.811333,169.265479,5.0,2,2
-0.037179,0.090424,0.034167,0.626274,0.579963,0.510526,0.103567,0.022115,0.896394,0.725091,0.534981,0.896433,0.444444,0.642788,0.766044,0.0,1.591333,147.894293,4.0,2,2
-0.01388,0.104566,0.020072,0.537714,0.613369,0.568351,0.107376,0.019366,0.701285,0.841117,0.815587,0.892624,0.444444,0.642788,0.766044,0.0,2.361333,142.426884,4.0,1,2
0.059913,0.127255,-0.033337,0.559368,0.612971,0.538876,0.14455,0.018645,0.581894,0.740252,0.726209,0.85545,0.444444,0.642788,0.766044,0.0,3.131333,108.124268,3.0,0,2
0.115406,0.02091,0.078695,0.585981,0.590699,0.536382,0.14124,0.017486,0.847336,0.749204,0.722829,0.85876,0.444444,0.642788,0.766044,0.0,4.071333,54.851923,1.0,2,2
0.057992,0.057102,0.072731,0.534217,0.569878,0.469913,0.10915,0.01178,1.145172,0.846716,0.757113,0.89085,0.444444,0.642788,0.766044,0.0,4.821333,54.510448,1.0,2,2
0.014289,0.007218,0.042389,0.342687,0.444849,0.292436,0.045311,0.006244,0.899614,0.601139,0.435907,0.954689,0.444444,0.642788,0.766044,0.0,5.701333,-133.660179,7.0,2,2
