mean_x,mean_y,mean_z,std_x,std_y,std_z,R,log_rmsW,rX_ratio,rY_ratio,rZ_ratio,psi,elev_normalized,elev_sin,elev_cos,is_synthetic,time_s,azimuth_deg,az_sector,elev_class,psi_cls
-0.109163,0.109641,-0.037066,0.609554,0.567787,0.529757,0.159096,0.029485,0.498335,0.533734,0.442742,0.840904,0.833333,0.965926,0.258819,0.0,0.621333,-154.43089,6.0,0,1
-0.136986,0.182342,-0.002599,0.582583,0.59594,0.503296,0.22808,0.033076,0.441613,0.631914,0.470582,0.77192,0.833333,0.965926,0.258819,0.0,1.201333,143.733434,4.0,1,0
-0.03998,0.164593,-0.041981,0.596447,0.582569,0.523772,0.174504,0.029983,0.455356,0.759643,0.49581,0.825496,0.833333,0.965926,0.258819,0.0,1.951333,127.113769,4.0,0,1
-9.7e-05,0.098478,-0.054055,0.609573,0.587227,0.520443,0.112338,0.024413,0.471337,0.838794,0.52477,0.887662,0.833333,0.965926,0.258819,0.0,2.181333,128.271279,4.0,0,2
0.040634,0.054482,-0.067933,0.586552,0.63232,0.496797,0.096095,0.022093,0.587701,0.97277,0.507957,0.903905,0.833333,0.965926,0.258819,0.0,2.811333,112.295492,3.0,0,2
0.050637,0.024005,-0.0798,0.605182,0.622203,0.486817,0.097511,0.016185,0.688707,1.107724,0.454685,0.902489,0.833333,0.965926,0.258819,0.0,3.041333,113.358646,3.0,0,2
0.08977,0.062824,-0.066012,0.583658,0.638036,0.485555,0.127918,0.019631,0.755636,1.100241,0.548618,0.872082,0.833333,0.965926,0.258819,0.0,3.551333,91.791952,3.0,0,2
0.092155,0.017294,-0.041418,0.531584,0.5652,0.454609,0.102504,0.016686,0.809831,1.07931,0.584016,0.897496,0.833333,0.965926,0.258819,0.0,4.371333,68.571372,2.0,0,2
0.05772,0.022032,-0.009901,0.381022,0.384718,0.363545,0.06257,0.012363,0.805382,1.04438,0.662107,0.93743,0.833333,0.965926,0.258819,0.0,5.151333,37.056129,1.0,0,2
