mean_x,mean_y,mean_z,std_x,std_y,std_z,R,log_rmsW,rX_ratio,rY_ratio,rZ_ratio,psi,elev_normalized,elev_sin,elev_cos,is_synthetic,time_s,azimuth_deg,az_sector,elev_class,psi_cls
-0.025948,-0.000698,0.019998,0.596774,0.580222,0.553215,0.032768,0.030357,0.599569,0.565913,0.559164,0.967232,0.833333,0.965926,0.258819,0.0,0.391333,-17.956532,11.0,1,2
-0.028297,0.009044,0.01406,0.542875,0.605184,0.58128,0.032866,0.029951,0.433056,0.644563,0.482489,0.967134,0.833333,0.965926,0.258819,0.0,1.171333,134.500016,4.0,1,2
0.018824,0.02521,0.065453,0.499178,0.663732,0.552229,0.072622,0.030403,0.285769,0.61735,0.350401,0.927378,0.833333,0.965926,0.258819,0.0,2.001333,140.235635,4.0,2,2
0.114993,0.022609,0.057835,0.506775,0.655016,0.544959,0.130688,0.028423,0.244052,0.586972,0.299104,0.869312,0.833333,0.965926,0.258819,0.0,2.861333,-43.789781,10.0,2,2
0.097567,-0.027521,0.075211,0.580117,0.568043,0.569874,0.126228,0.027132,0.421252,0.389234,0.367456,0.873772,0.833333,0.965926,0.258819,0.0,3.711333,-68.937117,9.0,2,2
0.057467,-0.032715,0.031586,0.551867,0.469916,0.51274,0.073283,0.021875,0.503589,0.343766,0.432668,0.926717,0.833333,0.965926,0.258819,0.0,4.421333,79.699406,2.0,2,2
0.032022,-0.042983,0.016926,0.41861,0.299854,0.354105,0.056209,0.015469,0.52513,0.137566,0.404068,0.943791,0.833333,0.965926,0.258819,0.0,5.221333,-5.897731,11.0,1,2
