mean_x,mean_y,mean_z,std_x,std_y,std_z,R,log_rmsW,rX_ratio,rY_ratio,rZ_ratio,psi,elev_normalized,elev_sin,elev_cos,is_synthetic,time_s,azimuth_deg,az_sector,elev_class,psi_cls
0.409188,0.406962,0.0,0.367072,0.363736,0.0,0.577108,0.036466,0.602456,0.700428,0.0,0.422892,0.0,0.0,1.0,1.0,0.351333,67.499998,2.0,0,0
0.55315,0.185111,0.0,0.4252,0.256279,0.0,0.583302,0.035042,0.88088,0.278576,0.0,0.416698,0.0,0.0,1.0,1.0,1.261333,44.999997,1.0,0,0
0.63194,-0.00274,0.0,0.417409,0.238498,0.0,0.631946,0.037132,0.892508,0.238712,0.0,0.368054,0.0,0.0,1.0,1.0,1.981333,22.499994,0.0,0,0
0.587487,-0.223098,0.0,0.404129,0.284004,0.0,0.628422,0.037614,0.847483,0.367867,0.0,0.371578,0.0,0.0,1.0,1.0,2.751333,0.0,0.0,0,0
0.337219,-0.378003,0.0,0.345235,0.382502,0.0,0.50656,0.028173,0.612389,0.69176,0.0,0.49344,0.0,0.0,1.0,1.0,3.701333,-22.500008,11.0,0,0
0.209017,-0.317893,0.0,0.279303,0.402538,0.0,0.380452,0.024001,0.522544,0.761907,0.0,0.619548,0.0,0.0,1.0,1.0,4.371333,-45.00002,10.0,0,0
0.07428,-0.179467,0.0,0.150975,0.364267,0.0,0.194232,0.016401,0.353554,0.853555,0.0,0.805768,0.0,0.0,1.0,1.0,5.151333,-67.5,9.0,0,1
