mean_x,mean_y,mean_z,std_x,std_y,std_z,R,log_rmsW,rX_ratio,rY_ratio,rZ_ratio,psi,elev_normalized,elev_sin,elev_cos,is_synthetic,time_s,azimuth_deg,az_sector,elev_class,psi_cls
-0.218794,-0.540919,0.0,0.285111,0.426645,0.0,0.583494,0.030258,0.437795,0.813566,0.0,0.416506,0.0,0.0,1.0,1.0,0.211333,-90.0,9.0,0,0
-0.403368,-0.379663,0.0,0.368971,0.356313,0.0,0.55394,0.033966,0.719103,0.580038,0.0,0.44606,0.0,0.0,1.0,1.0,1.071333,-112.499997,8.0,0,0
-0.540013,-0.219263,0.0,0.425626,0.276723,0.0,0.582829,0.031073,0.81773,0.429966,0.0,0.417171,0.0,0.0,1.0,1.0,1.821333,-135.000001,7.0,0,0
-0.596548,-0.002896,0.0,0.435904,0.240668,0.0,0.596555,0.033175,0.861504,0.333712,0.0,0.403445,0.0,0.0,1.0,1.0,2.611333,-157.500003,6.0,0,0
-0.421935,0.224117,0.0,0.407031,0.282331,0.0,0.477763,0.028799,0.789794,0.479353,0.0,0.522237,0.0,0.0,1.0,1.0,3.671333,180.0,6.0,0,0
-0.374429,0.400029,0.0,0.348104,0.369585,0.0,0.547924,0.031679,0.602031,0.700794,0.0,0.452076,0.0,0.0,1.0,1.0,4.291333,157.499998,5.0,0,0
-0.217819,0.534803,0.0,0.279058,0.430182,0.0,0.577459,0.033179,0.395256,0.83506,0.0,0.422541,0.0,0.0,1.0,1.0,5.021333,134.999999,4.0,0,0
-0.078488,0.407697,0.0,0.151029,0.457917,0.0,0.415184,0.02842,0.257108,0.887383,0.0,0.584816,0.0,0.0,1.0,1.0,5.811333,112.500002,3.0,0,0
0.0,0.212794,0.0,0.0,0.395659,0.0,0.212794,0.018765,0.0,0.92388,0.0,0.787206,0.0,0.0,1.0,1.0,6.611333,90.0,3.0,0,1
