mean_x,mean_y,mean_z,std_x,std_y,std_z,R,log_rmsW,rX_ratio,rY_ratio,rZ_ratio,psi,elev_normalized,elev_sin,elev_cos,is_synthetic,time_s,azimuth_deg,az_sector,elev_class,psi_cls
0.388174,0.327602,0.0,0.37765,0.333664,0.0,0.507939,0.029162,0.710104,0.591021,0.0,0.492061,0.0,0.0,1.0,1.0,0.581333,67.5,2.0,0,0
0.523323,0.207438,0.0,0.431154,0.270516,0.0,0.562936,0.032136,0.848344,0.365876,0.0,0.437064,0.0,0.0,1.0,1.0,1.231333,44.999994,1.0,0,0
0.580091,0.003267,0.0,0.451566,0.242669,0.0,0.580101,0.030788,0.887645,0.256204,0.0,0.419899,0.0,0.0,1.0,1.0,1.981333,22.500024,0.0,0,0
0.474829,-0.04102,0.0,0.465729,0.200959,0.0,0.476598,0.026362,0.899932,0.208986,0.0,0.523402,0.0,0.0,1.0,1.0,2.211333,22.500021,0.0,0,0
0.522451,-0.225407,0.0,0.434509,0.287315,0.0,0.569002,0.027734,0.840718,0.383076,0.0,0.430998,0.0,0.0,1.0,1.0,2.791333,0.0,0.0,0,0
0.431567,-0.244523,0.0,0.414983,0.283327,0.0,0.496026,0.020787,0.768431,0.5129,0.0,0.503974,0.0,0.0,1.0,1.0,3.011333,0.0,0.0,0,0
0.42655,-0.429154,0.0,0.353445,0.355779,0.0,0.605078,0.022886,0.629662,0.676076,0.0,0.394922,0.0,0.0,1.0,1.0,3.581333,-22.500052,11.0,0,0
0.187724,-0.29836,0.0,0.253818,0.391563,0.0,0.352504,0.015775,0.455308,0.803895,0.0,0.647496,0.0,0.0,1.0,1.0,4.531333,-45.000021,10.0,0,0
0.073994,-0.178767,0.0,0.150109,0.362015,0.0,0.193476,0.011294,0.353553,0.853553,0.0,0.806524,0.0,0.0,1.0,1.0,5.191333,-67.500006,9.0,0,1
