mean_x,mean_y,mean_z,std_x,std_y,std_z,R,log_rmsW,rX_ratio,rY_ratio,rZ_ratio,psi,elev_normalized,elev_sin,elev_cos,is_synthetic,time_s,azimuth_deg,az_sector,elev_class,psi_cls
0.156608,-0.245263,-0.019323,0.627237,0.497383,0.523462,0.29164,0.033443,0.841698,0.441893,0.306086,0.70836,0.444444,0.642788,0.766044,0.0,0.311333,-9.137938,11.0,0,0
0.123275,-0.256157,-0.071119,0.559286,0.526014,0.569703,0.293037,0.024823,0.699964,0.677402,0.566261,0.706963,0.444444,0.642788,0.766044,0.0,1.061333,-29.326687,11.0,0,0
0.067493,-0.239253,-0.065987,0.542244,0.56073,0.57039,0.2572,0.020737,0.68303,0.927535,0.831876,0.7428,0.444444,0.642788,0.766044,0.0,1.781333,-50.166319,10.0,0,0
-0.158619,-0.198827,0.173681,0.608999,0.512274,0.521282,0.307989,0.041569,0.650732,0.560607,0.671097,0.692011,0.444444,0.642788,0.766044,0.0,4.271333,-104.525558,8.0,2,0
-0.148304,-0.143875,0.167842,0.632477,0.476961,0.549093,0.266205,0.038338,0.761422,0.36239,0.725186,0.733795,0.444444,0.642788,0.766044,0.0,5.011333,-128.122426,7.0,2,0
-0.110322,-0.111055,0.112006,0.572835,0.471292,0.495937,0.192483,0.02804,0.782887,0.264698,0.821845,0.807517,0.444444,0.642788,0.766044,0.0,5.841333,-156.568608,6.0,2,1
-0.061016,-0.08039,-0.009771,0.425195,0.38968,0.332256,0.101395,0.014005,0.879972,0.431438,0.358958,0.898605,0.444444,0.642788,0.766044,0.0,6.601333,-174.087762,6.0,0,2
