mean_x,mean_y,mean_z,std_x,std_y,std_z,R,log_rmsW,rX_ratio,rY_ratio,rZ_ratio,psi,elev_normalized,elev_sin,elev_cos,is_synthetic,time_s,azimuth_deg,az_sector,elev_class,psi_cls
-0.230779,-0.516513,0.0,0.284506,0.417751,0.0,0.565725,0.029473,0.453633,0.804842,0.0,0.434275,0.0,0.0,1.0,1.0,0.241333,-90.0,9.0,0,0
-0.419091,-0.393524,0.0,0.363795,0.350493,0.0,0.57489,0.030589,0.6967,0.606764,0.0,0.42511,0.0,0.0,1.0,1.0,1.021333,-112.499992,8.0,0,0
-0.490361,-0.163579,0.0,0.442259,0.236056,0.0,0.516925,0.033706,0.873857,0.299879,0.0,0.483075,0.0,0.0,1.0,1.0,1.961333,-135.000002,7.0,0,0
-0.595262,-0.004033,0.0,0.44638,0.244605,0.0,0.595275,0.035024,0.889396,0.250058,0.0,0.404725,0.0,0.0,1.0,1.0,2.561333,-157.500004,6.0,0,0
-0.537076,0.225815,0.0,0.428805,0.284602,0.0,0.582618,0.034776,0.828619,0.408588,0.0,0.417382,0.0,0.0,1.0,1.0,3.371333,180.0,6.0,0,0
-0.425173,0.423128,0.0,0.352948,0.356779,0.0,0.599841,0.029597,0.66006,0.646432,0.0,0.400159,0.0,0.0,1.0,1.0,4.161333,157.499996,5.0,0,0
-0.206293,0.526445,0.0,0.264575,0.425743,0.0,0.565421,0.025827,0.446921,0.808589,0.0,0.434579,0.0,0.0,1.0,1.0,5.041333,134.999997,4.0,0,0
-0.067291,0.368737,0.0,0.14193,0.457711,0.0,0.374827,0.018263,0.227449,0.895444,0.0,0.625173,0.0,0.0,1.0,1.0,5.821333,112.500004,3.0,0,0
0.0,0.201272,0.0,0.0,0.395455,0.0,0.201272,0.013195,0.0,0.923883,0.0,0.798728,0.0,0.0,1.0,1.0,6.561333,90.0,3.0,0,1
