mean_x,mean_y,mean_z,std_x,std_y,std_z,R,log_rmsW,rX_ratio,rY_ratio,rZ_ratio,psi,elev_normalized,elev_sin,elev_cos,is_synthetic,time_s,azimuth_deg,az_sector,elev_class,psi_cls
0.08311,-0.064602,0.064531,0.616884,0.555442,0.543722,0.12347,0.023598,0.696071,0.851628,0.551029,0.87653,0.833333,0.965926,0.258819,0.0,0.961333,-5.945163,11.0,2,2
0.050343,-0.177966,0.111458,0.570561,0.555696,0.564786,0.215938,0.029248,0.571542,0.794012,0.520202,0.784062,0.833333,0.965926,0.258819,0.0,1.771333,-50.813181,10.0,2,1
-0.021833,-0.192847,0.051684,0.564724,0.552943,0.578715,0.200842,0.027289,0.661297,0.84138,0.659128,0.799158,0.833333,0.965926,0.258819,0.0,2.641333,-59.485355,10.0,2,1
0.002827,-0.121479,0.026324,0.559393,0.570843,0.587938,0.124331,0.022973,0.754319,0.864854,0.831352,0.875669,0.833333,0.965926,0.258819,0.0,3.361333,-52.844982,10.0,2,2
0.009338,-0.098212,0.038932,0.567316,0.570291,0.584438,0.106059,0.016622,0.8843,0.99914,0.981546,0.893941,0.833333,0.965926,0.258819,0.0,3.581333,-159.577746,6.0,2,2
0.006011,-0.136402,0.041333,0.569695,0.563556,0.580885,0.142654,0.019593,0.823898,0.890975,0.778257,0.857346,0.833333,0.965926,0.258819,0.0,4.341333,-78.670675,9.0,2,2
0.067567,-0.152665,0.059269,0.618069,0.510623,0.570749,0.177157,0.026593,0.749003,0.585201,0.431908,0.822843,0.833333,0.965926,0.258819,0.0,5.811333,-77.02135,9.0,2,1
0.090316,-0.051918,0.05398,0.589964,0.513514,0.5543,0.11733,0.020004,0.635593,0.437827,0.420112,0.88267,0.833333,0.965926,0.258819,0.0,6.641333,-70.445185,9.0,2,2
0.013906,0.000503,0.03358,0.445322,0.410743,0.44099,0.036349,0.006034,0.634215,0.339432,0.571432,0.963651,0.833333,0.965926,0.258819,0.0,7.381333,-12.617476,11.0,2,2
