mean_x,mean_y,mean_z,std_x,std_y,std_z,R,log_rmsW,rX_ratio,rY_ratio,rZ_ratio,psi,elev_normalized,elev_sin,elev_cos,is_synthetic,time_s,azimuth_deg,az_sector,elev_class,psi_cls
-0.174431,0.088596,-0.016989,0.575054,0.586918,0.534984,0.196377,0.023343,0.577683,0.521085,0.460687,0.803623,0.833333,0.965926,0.258819,0.0,0.481333,149.660732,4.0,0,1
-0.134686,0.105775,-0.007217,0.585848,0.588164,0.530444,0.171408,0.021418,0.640944,0.717063,0.608338,0.828592,0.833333,0.965926,0.258819,0.0,1.161333,147.659118,4.0,0,1
-0.091784,0.056054,-0.009229,0.596579,0.588696,0.534545,0.107942,0.018137,0.578778,0.717658,0.602596,0.892058,0.833333,0.965926,0.258819,0.0,1.451333,-163.389398,6.0,0,2
-0.086326,0.121014,-0.005954,0.584011,0.612961,0.510828,0.148768,0.020553,0.603705,0.931828,0.565911,0.851232,0.833333,0.965926,0.258819,0.0,1.951333,131.837588,4.0,1,2
-0.035977,0.075361,-0.018818,0.586567,0.61042,0.525194,0.085602,0.017123,0.649509,1.067795,0.631351,0.914398,0.833333,0.965926,0.258819,0.0,2.191333,159.715455,5.0,0,2
0.023306,0.101046,-0.050714,0.57566,0.599479,0.543843,0.115435,0.018471,1.457838,1.753869,1.260782,0.884565,0.833333,0.965926,0.258819,0.0,2.781333,113.391439,3.0,0,2
0.08157,0.034326,-0.090071,0.571677,0.568503,0.577849,0.126272,0.015087,1.722657,1.988496,1.455292,0.873728,0.833333,0.965926,0.258819,0.0,3.631333,96.956152,3.0,0,2
0.052407,0.013215,-0.101735,0.518204,0.499657,0.544688,0.1152,0.012311,2.046138,2.233213,1.758206,0.8848,0.833333,0.965926,0.258819,0.0,4.351333,63.843939,2.0,0,2
0.011317,0.002668,-0.083044,0.319444,0.28119,0.36063,0.083854,0.005296,0.42367,0.27747,0.554933,0.916146,0.833333,0.965926,0.258819,0.0,5.371333,6.991502,0.0,0,2
