mean_x,mean_y,mean_z,std_x,std_y,std_z,R,log_rmsW,rX_ratio,rY_ratio,rZ_ratio,psi,elev_normalized,elev_sin,elev_cos,is_synthetic,time_s,azimuth_deg,az_sector,elev_class,psi_cls
-0.135508,-0.0221,0.024263,0.659004,0.599229,0.432549,0.139426,0.023291,0.905313,0.547159,0.273406,0.860574,0.444444,0.642788,0.766044,0.0,0.541333,164.939904,5.0,2,2
-0.146507,0.058605,0.032366,0.584056,0.632397,0.482618,0.161078,0.021145,0.787645,0.718824,0.471254,0.838922,0.444444,0.642788,0.766044,0.0,1.201333,143.555232,4.0,2,1
-0.112794,0.024534,0.060673,0.570826,0.630505,0.509425,0.130406,0.019082,0.725293,0.723197,0.484601,0.869594,0.444444,0.642788,0.766044,0.0,1.431333,159.805274,5.0,2,2
-0.0601,0.122128,0.037569,0.563827,0.610874,0.537489,0.141205,0.019536,0.588399,0.752033,0.538021,0.858795,0.444444,0.642788,0.766044,0.0,2.001333,126.956788,4.0,2,2
-0.022734,0.078354,0.048492,0.551126,0.607303,0.564234,0.094909,0.017447,1.332564,1.769443,0.796514,0.905091,0.444444,0.642788,0.766044,0.0,2.871333,112.073547,3.0,2,2
0.108442,0.023188,0.00624,0.648258,0.560162,0.503553,0.111069,0.016327,1.524469,1.816808,0.729574,0.888931,0.444444,0.642788,0.766044,0.0,3.741333,85.873911,2.0,1,2
0.079388,-0.022409,0.001159,0.392755,0.290005,0.209744,0.082498,0.008444,0.907411,0.199391,0.271251,0.917502,0.444444,0.642788,0.766044,0.0,5.431333,15.391668,0.0,1,2
