mean_x,mean_y,mean_z,std_x,std_y,std_z,R,log_rmsW,rX_ratio,rY_ratio,rZ_ratio,psi,elev_normalized,elev_sin,elev_cos,is_synthetic,time_s,azimuth_deg,az_sector,elev_class,psi_cls
-0.160039,0.003079,-0.029153,0.595039,0.635658,0.463945,0.162702,0.02856,0.845728,0.633509,0.374353,0.837298,0.444444,0.642788,0.766044,0.0,0.331333,158.722069,5.0,0,1
-0.105398,0.003365,-0.004237,0.569617,0.650616,0.490842,0.105537,0.020118,0.846176,0.822195,0.451568,0.894463,0.444444,0.642788,0.766044,0.0,1.181333,156.373926,5.0,1,2
-0.03003,0.064481,-0.054392,0.520991,0.662438,0.530633,0.089543,0.019103,0.512902,0.945285,0.555888,0.910457,0.444444,0.642788,0.766044,0.0,1.911333,124.184065,4.0,0,2
0.020994,0.103756,-0.086286,0.549063,0.580602,0.585382,0.136569,0.016732,0.401527,0.72905,0.593335,0.863431,0.444444,0.642788,0.766044,0.0,2.721333,95.675958,3.0,0,2
0.051084,0.068202,-0.101016,0.586845,0.545201,0.583787,0.132156,0.01683,0.530203,0.527242,0.606448,0.867844,0.444444,0.642788,0.766044,0.0,3.651333,67.647124,2.0,0,2
-0.020872,-0.001244,0.039619,0.310303,0.275404,0.314288,0.044798,0.009697,0.676423,0.438019,0.549682,0.955202,0.444444,0.642788,0.766044,0.0,5.211333,5.311456,0.0,2,2
