mean_x,mean_y,mean_z,std_x,std_y,std_z,R,log_rmsW,rX_ratio,rY_ratio,rZ_ratio,psi,elev_normalized,elev_sin,elev_cos,is_synthetic,time_s,azimuth_deg,az_sector,elev_class,psi_cls
0.400558,0.362374,0.0,0.369051,0.340647,0.0,0.54015,0.022975,0.672765,0.633199,0.0,0.45985,0.0,0.0,1.0,1.0,0.481333,67.499997,2.0,0,0
0.545257,0.230247,0.0,0.421554,0.278271,0.0,0.591877,0.024301,0.817497,0.430409,0.0,0.408123,0.0,0.0,1.0,1.0,1.151333,44.999987,1.0,0,0
0.466653,0.148942,0.0,0.447137,0.225325,0.0,0.489846,0.020937,0.867906,0.316691,0.0,0.510154,0.0,0.0,1.0,1.0,1.381333,45.000004,1.0,0,0
0.580889,0.001285,0.0,0.45303,0.242333,0.0,0.58089,0.023954,0.880471,0.279865,0.0,0.41911,0.0,0.0,1.0,1.0,1.951333,22.500014,0.0,0,0
0.533675,-0.222663,0.0,0.431461,0.285727,0.0,0.578262,0.026055,0.803748,0.45557,0.0,0.421738,0.0,0.0,1.0,1.0,2.751333,0.0,0.0,0,0
0.352271,-0.397004,0.0,0.346178,0.375945,0.0,0.530761,0.021146,0.638607,0.667637,0.0,0.469239,0.0,0.0,1.0,1.0,3.691333,-22.499984,11.0,0,0
0.226806,-0.343612,0.0,0.282993,0.399736,0.0,0.411716,0.019066,0.582519,0.717098,0.0,0.588284,0.0,0.0,1.0,1.0,4.351333,-45.000053,10.0,0,0
0.040763,-0.098275,0.0,0.112618,0.271445,0.0,0.106393,0.007597,0.353554,0.853553,0.0,0.893607,0.0,0.0,1.0,1.0,5.361333,-67.500005,9.0,0,2
