mean_x,mean_y,mean_z,std_x,std_y,std_z,R,log_rmsW,rX_ratio,rY_ratio,rZ_ratio,psi,elev_normalized,elev_sin,elev_cos,is_synthetic,time_s,azimuth_deg,az_sector,elev_class,psi_cls
-0.226292,-0.477601,0.0,0.282806,0.413283,0.0,0.528498,0.034496,0.479842,0.789497,0.0,0.471502,0.0,0.0,1.0,1.0,0.481333,-90.0,9.0,0,0
-0.409563,-0.404252,0.0,0.362398,0.359671,0.0,0.575467,0.033715,0.588838,0.711915,0.0,0.424533,0.0,0.0,1.0,1.0,1.121333,-112.499994,8.0,0,0
-0.539218,-0.224621,0.0,0.424499,0.279597,0.0,0.584133,0.03315,0.812438,0.439884,0.0,0.415867,0.0,0.0,1.0,1.0,1.901333,-135.000001,7.0,0,0
-0.597483,0.003131,0.0,0.435684,0.239455,0.0,0.597492,0.034576,0.882154,0.274514,0.0,0.402508,0.0,0.0,1.0,1.0,2.711333,-157.50001,6.0,0,0
-0.536912,0.22743,0.0,0.40884,0.28194,0.0,0.583094,0.033009,0.84574,0.371857,0.0,0.416906,0.0,0.0,1.0,1.0,3.561333,180.0,6.0,0,0
-0.409757,0.409482,0.0,0.355498,0.36462,0.0,0.579289,0.034243,0.639518,0.666761,0.0,0.420711,0.0,0.0,1.0,1.0,4.321333,157.499999,5.0,0,0
-0.215455,0.531688,0.0,0.281692,0.436068,0.0,0.573684,0.032839,0.348328,0.855699,0.0,0.426316,0.0,0.0,1.0,1.0,5.111333,134.999998,4.0,0,0
-0.074111,0.390251,0.0,0.150356,0.466391,0.0,0.397226,0.029406,0.259729,0.88662,0.0,0.602774,0.0,0.0,1.0,1.0,5.911333,112.499998,3.0,0,0
0.0,0.132365,0.0,0.0,0.330998,0.0,0.132365,0.015245,0.0,0.923879,0.0,0.867635,0.0,0.0,1.0,1.0,6.851333,90.0,3.0,0,2
