mean_x,mean_y,mean_z,std_x,std_y,std_z,R,log_rmsW,rX_ratio,rY_ratio,rZ_ratio,psi,elev_normalized,elev_sin,elev_cos,is_synthetic,time_s,azimuth_deg,az_sector,elev_class,psi_cls
-0.223447,-0.552243,0.0,0.284447,0.413278,0.0,0.595736,0.031339,0.3404,0.858884,0.0,0.404264,0.0,0.0,1.0,1.0,0.151333,-89.999999,9.0,0,0
-0.402388,-0.369951,0.0,0.371625,0.351543,0.0,0.546608,0.025775,0.695607,0.608016,0.0,0.453392,0.0,0.0,1.0,1.0,1.021333,-112.499991,8.0,0,0
-0.539896,-0.226573,0.0,0.425966,0.281593,0.0,0.585511,0.02673,0.842145,0.379928,0.0,0.414489,0.0,0.0,1.0,1.0,1.721333,-135.000002,7.0,0,0
-0.512726,0.036832,0.0,0.451521,0.211718,0.0,0.514048,0.027491,0.877605,0.288725,0.0,0.485952,0.0,0.0,1.0,1.0,2.711333,-157.500004,6.0,0,0
-0.540892,0.22517,0.0,0.418677,0.283094,0.0,0.585889,0.030754,0.797271,0.46681,0.0,0.414111,0.0,0.0,1.0,1.0,3.331333,180.0,6.0,0,0
-0.333698,0.379529,0.0,0.33617,0.379941,0.0,0.505367,0.033437,0.527396,0.758556,0.0,0.494633,0.0,0.0,1.0,1.0,4.311333,157.499999,5.0,0,0
-0.216574,0.529252,0.0,0.280349,0.43311,0.0,0.571849,0.03447,0.434036,0.815577,0.0,0.428151,0.0,0.0,1.0,1.0,4.941333,134.999998,4.0,0,0
-0.073619,0.380592,0.0,0.149429,0.466399,0.0,0.387647,0.028029,0.302338,0.873009,0.0,0.612353,0.0,0.0,1.0,1.0,5.741333,112.499997,3.0,0,0
0.0,0.197151,0.0,0.0,0.395322,0.0,0.197151,0.01369,0.0,0.923881,0.0,0.802849,0.0,0.0,1.0,1.0,6.531333,90.0,3.0,0,1
