mean_x,mean_y,mean_z,std_x,std_y,std_z,R,log_rmsW,rX_ratio,rY_ratio,rZ_ratio,psi,elev_normalized,elev_sin,elev_cos,is_synthetic,time_s,azimuth_deg,az_sector,elev_class,psi_cls
-0.02422,-0.070642,0.044476,0.594954,0.568755,0.561178,0.08692,0.019536,0.704359,0.815945,0.574232,0.91308,0.833333,0.965926,0.258819,0.0,0.491333,-82.944698,9.0,2,2
0.027571,-0.100943,0.042906,0.594175,0.56705,0.559072,0.113095,0.020395,0.777147,0.834147,0.662734,0.886905,0.833333,0.965926,0.258819,0.0,1.091333,-28.620399,11.0,2,2
0.023308,-0.14022,-0.004852,0.608455,0.585009,0.516968,0.142226,0.020085,0.824973,0.883016,0.803375,0.857774,0.833333,0.965926,0.258819,0.0,2.061333,-74.43918,9.0,1,2
0.052519,-0.135609,-0.058349,0.587646,0.547498,0.574719,0.156693,0.027354,0.57164,0.625666,0.815687,0.843307,0.833333,0.965926,0.258819,0.0,2.701333,-54.928008,10.0,0,1
-0.120731,-0.142348,-0.054672,0.580192,0.498335,0.614144,0.194494,0.02475,0.360616,0.418913,0.74286,0.805506,0.833333,0.965926,0.258819,0.0,3.671333,-106.03042,8.0,0,1
0.073381,-0.095936,-0.067996,0.623308,0.488773,0.594437,0.138607,0.034655,0.550014,0.363046,0.599657,0.861393,0.833333,0.965926,0.258819,0.0,4.311333,-91.391316,8.0,0,2
0.067653,-0.040239,-0.003285,0.655453,0.550138,0.511378,0.078784,0.031628,0.670832,0.460275,0.47653,0.921216,0.833333,0.965926,0.258819,0.0,5.111333,-128.622328,7.0,1,2
0.107442,0.104908,-0.006713,0.547027,0.54087,0.413739,0.150315,0.027145,0.688467,0.498512,0.467229,0.849685,0.833333,0.965926,0.258819,0.0,5.941333,-17.306876,11.0,0,2
0.004363,0.099244,-0.018658,0.321434,0.386034,0.260762,0.101077,0.011598,0.645413,0.622901,0.504487,0.898923,0.833333,0.965926,0.258819,0.0,6.851333,-108.23865,8.0,0,2
