mean_x,mean_y,mean_z,std_x,std_y,std_z,R,log_rmsW,rX_ratio,rY_ratio,rZ_ratio,psi,elev_normalized,elev_sin,elev_cos,is_synthetic,time_s,azimuth_deg,az_sector,elev_class,psi_cls
-0.090368,0.044922,-0.053201,0.598423,0.612038,0.504209,0.114082,0.019683,0.908343,1.365472,0.459343,0.885918,0.0,0.0,1.0,0.0,0.961333,170.350036,5.0,0,2
-0.053888,0.022641,-0.063693,0.575236,0.654392,0.483083,0.086448,0.018119,0.959224,1.515823,0.468484,0.913552,0.0,0.0,1.0,0.0,1.551333,138.761642,4.0,0,2
0.026967,0.06407,-0.076408,0.584756,0.655487,0.466566,0.103298,0.020634,0.803013,1.268911,0.342239,0.896702,0.0,0.0,1.0,0.0,2.361333,133.376803,4.0,0,2
0.065793,-0.002119,-0.092911,0.571317,0.63946,0.501639,0.113867,0.023879,0.433881,0.627583,0.304064,0.886133,0.0,0.0,1.0,0.0,3.111333,105.548339,3.0,0,2
0.056517,-0.050817,-0.058872,0.599061,0.59389,0.491878,0.096138,0.02126,0.454065,0.539204,0.258784,0.903862,0.0,0.0,1.0,0.0,4.081333,76.821714,2.0,0,2
0.008316,-0.079061,-0.042914,0.452671,0.492947,0.402188,0.090341,0.015186,0.482498,0.683572,0.290351,0.909659,0.0,0.0,1.0,0.0,4.771333,-38.166726,10.0,0,2
-0.034735,-0.016178,0.002451,0.287263,0.326228,0.228982,0.038396,0.005923,0.39876,0.70866,0.196593,0.961604,0.0,0.0,1.0,0.0,5.521333,13.306327,0.0,1,2
