mean_x,mean_y,mean_z,std_x,std_y,std_z,R,log_rmsW,rX_ratio,rY_ratio,rZ_ratio,psi,elev_normalized,elev_sin,elev_cos,is_synthetic,time_s,azimuth_deg,az_sector,elev_class,psi_cls
-0.006316,-0.055877,-0.092624,0.615865,0.582899,0.518771,0.108358,0.016196,0.732042,0.682114,0.717901,0.891642,0.0,0.0,1.0,0.0,0.411333,-6.85094,11.0,0,2
-0.060646,0.051983,-0.053157,0.554023,0.694588,0.448634,0.095947,0.016465,0.485902,1.00771,0.314774,0.904053,0.0,0.0,1.0,0.0,1.911333,-139.197327,7.0,0,2
0.005638,0.079607,-0.040553,0.57398,0.68064,0.446331,0.089519,0.020518,0.506004,0.916211,0.275872,0.910481,0.0,0.0,1.0,0.0,2.691333,106.748241,3.0,0,2
0.060921,-0.115553,-0.062469,0.579859,0.643532,0.478165,0.144797,0.02691,0.416433,0.610586,0.226141,0.855203,0.0,0.0,1.0,0.0,3.501333,86.092738,2.0,0,2
0.053172,-0.092728,-0.017554,0.507764,0.525041,0.358509,0.108323,0.023862,0.41048,0.500168,0.184954,0.891677,0.0,0.0,1.0,0.0,4.411333,58.930345,1.0,0,2
-0.007076,-0.058371,-0.002399,0.320009,0.399319,0.182862,0.058847,0.018155,0.338349,0.530037,0.107062,0.941153,0.0,0.0,1.0,0.0,5.161333,-54.520571,10.0,1,2
