mean_x,mean_y,mean_z,std_x,std_y,std_z,R,log_rmsW,rX_ratio,rY_ratio,rZ_ratio,psi,elev_normalized,elev_sin,elev_cos,is_synthetic,time_s,azimuth_deg,az_sector,elev_class,psi_cls
0.099781,0.037015,-0.038893,0.603507,0.585882,0.528804,0.113309,0.016646,1.085294,0.87657,0.522363,0.886691,0.0,0.0,1.0,0.0,0.971333,-9.221857,11.0,0,2
0.089212,-0.001409,-0.05967,0.598755,0.5819,0.539734,0.107337,0.014862,1.121066,0.889659,0.473697,0.892663,0.0,0.0,1.0,0.0,1.201333,89.731797,2.0,0,2
0.112139,-0.119326,-0.056308,0.571353,0.600875,0.531483,0.17316,0.020642,0.868654,1.132563,0.467482,0.82684,0.0,0.0,1.0,0.0,1.791333,-20.961272,11.0,0,1
0.053171,-0.176149,-0.053994,0.572253,0.620591,0.500593,0.191757,0.025365,0.705731,1.057155,0.507568,0.808243,0.0,0.0,1.0,0.0,2.581333,-38.682424,10.0,0,1
-0.065365,-0.270218,-0.07879,0.563474,0.62089,0.461978,0.288961,0.038189,0.33872,0.694614,0.314389,0.711039,0.0,0.0,1.0,0.0,3.481333,-75.323062,9.0,0,0
-0.126033,-0.208738,-0.029704,0.57801,0.622787,0.46642,0.245638,0.038305,0.311056,0.572385,0.262328,0.754362,0.0,0.0,1.0,0.0,4.391333,-97.846374,8.0,0,0
-0.11949,-0.147783,-0.030127,0.633138,0.577199,0.478356,0.19242,0.038488,0.375274,0.416672,0.292285,0.80758,0.0,0.0,1.0,0.0,5.091333,-110.081878,8.0,0,1
-0.06716,-0.059307,-0.015587,0.670715,0.561443,0.475956,0.090944,0.0294,0.484151,0.40052,0.343069,0.909056,0.0,0.0,1.0,0.0,5.801333,-161.772099,6.0,0,2
0.00259,-0.046391,-0.027745,0.654599,0.538518,0.476485,0.054117,0.023401,0.447901,0.2001,0.276162,0.945883,0.0,0.0,1.0,0.0,6.611333,-161.247206,6.0,0,2
