mean_x,mean_y,mean_z,std_x,std_y,std_z,R,log_rmsW,rX_ratio,rY_ratio,rZ_ratio,psi,elev_normalized,elev_sin,elev_cos,is_synthetic,time_s,azimuth_deg,az_sector,elev_class,psi_cls
-0.188192,-0.493147,0.0,0.287003,0.492428,0.0,0.527836,0.033886,0.447423,0.808311,0.0,0.472164,0.0,0.0,1.0,1.0,0.941333,67.499999,2.0,0,0
-0.416799,-0.415564,0.0,0.36576,0.357118,0.0,0.588571,0.035604,0.742346,0.549979,0.0,0.411429,0.0,0.0,1.0,1.0,1.821333,-112.49999,8.0,0,0
-0.57581,-0.215343,0.0,0.411229,0.266777,0.0,0.61476,0.036815,0.830734,0.404269,0.0,0.38524,0.0,0.0,1.0,1.0,2.681333,-135.000002,7.0,0,0
-0.602176,0.010137,0.0,0.422048,0.23362,0.0,0.602262,0.036112,0.873571,0.300711,0.0,0.397738,0.0,0.0,1.0,1.0,3.531333,-157.500005,6.0,0,0
-0.479353,0.229834,0.0,0.408505,0.280634,0.0,0.531605,0.03578,0.806915,0.449935,0.0,0.468395,0.0,0.0,1.0,1.0,4.411333,180.0,6.0,0,0
-0.369518,0.396617,0.0,0.347517,0.370551,0.0,0.542078,0.036652,0.616211,0.688358,0.0,0.457922,0.0,0.0,1.0,1.0,5.121333,157.499997,5.0,0,0
-0.197754,0.508957,0.0,0.266309,0.4381,0.0,0.546026,0.029097,0.447953,0.808017,0.0,0.453974,0.0,0.0,1.0,1.0,5.891333,134.999999,4.0,0,0
-0.073632,0.378464,0.0,0.149204,0.465904,0.0,0.385561,0.023227,0.339408,0.859276,0.0,0.614439,0.0,0.0,1.0,1.0,6.631333,112.5,3.0,0,0
