mean_x,mean_y,mean_z,std_x,std_y,std_z,R,log_rmsW,rX_ratio,rY_ratio,rZ_ratio,psi,elev_normalized,elev_sin,elev_cos,is_synthetic,time_s,azimuth_deg,az_sector,elev_class,psi_cls
-0.223077,-0.525961,0.0,0.286085,0.433773,0.0,0.571312,0.030694,0.368928,0.847021,0.0,0.428688,0.0,0.0,1.0,1.0,0.231333,-89.999999,9.0,0,0
-0.42326,-0.407797,0.0,0.358959,0.352112,0.0,0.587747,0.029944,0.774355,0.503912,0.0,0.412253,0.0,0.0,1.0,1.0,1.051333,-112.49999,8.0,0,0
-0.563453,-0.240234,0.0,0.40952,0.276457,0.0,0.612529,0.034473,0.844044,0.37569,0.0,0.387471,0.0,0.0,1.0,1.0,1.821333,-135.000003,7.0,0,0
-0.599397,-0.000137,0.0,0.439137,0.241446,0.0,0.599397,0.036272,0.874957,0.296653,0.0,0.400603,0.0,0.0,1.0,1.0,2.631333,-157.500004,6.0,0,0
-0.464971,0.23073,0.0,0.413907,0.281515,0.0,0.519071,0.032068,0.781655,0.492513,0.0,0.480929,0.0,0.0,1.0,1.0,3.621333,180.0,6.0,0,0
-0.424608,0.4175,0.0,0.354499,0.362396,0.0,0.595482,0.033988,0.673935,0.631953,0.0,0.404518,0.0,0.0,1.0,1.0,4.221333,157.499999,5.0,0,0
-0.228986,0.563967,0.0,0.276749,0.414852,0.0,0.608682,0.032532,0.444918,0.809692,0.0,0.391318,0.0,0.0,1.0,1.0,5.031333,134.999997,4.0,0,0
-0.089055,0.4216,0.0,0.154397,0.459865,0.0,0.430903,0.025139,0.232176,0.89423,0.0,0.569097,0.0,0.0,1.0,1.0,5.821333,112.499999,3.0,0,0
0.0,0.196392,0.0,0.0,0.394404,0.0,0.196392,0.017497,0.0,0.92388,0.0,0.803608,0.0,0.0,1.0,1.0,6.631333,90.0,3.0,0,1
