mean_x,mean_y,mean_z,std_x,std_y,std_z,R,log_rmsW,rX_ratio,rY_ratio,rZ_ratio,psi,elev_normalized,elev_sin,elev_cos,is_synthetic,time_s,azimuth_deg,az_sector,elev_class,psi_cls
-0.114651,0.092535,0.019837,0.589496,0.632516,0.479783,0.148664,0.021575,0.828976,0.913171,0.528556,0.851336,0.444444,0.642788,0.766044,0.0,0.571333,162.025797,5.0,1,2
-0.099202,0.150352,0.033074,0.556047,0.643054,0.493622,0.183141,0.02045,0.789642,1.037121,0.598859,0.816859,0.444444,0.642788,0.766044,0.0,1.211333,142.932212,4.0,2,1
-0.034433,0.167967,-0.035756,0.565743,0.634316,0.496799,0.175149,0.020145,0.740227,1.114627,0.640747,0.824851,0.444444,0.642788,0.766044,0.0,1.891333,130.040709,4.0,0,1
-0.035252,0.229076,-0.022397,0.572576,0.584971,0.525034,0.232853,0.0286,0.369901,0.637799,0.372688,0.767147,0.444444,0.642788,0.766044,0.0,2.681333,112.50513,3.0,0,0
-0.013159,0.127655,-0.023705,0.580466,0.614862,0.517554,0.130502,0.029208,0.330739,0.528092,0.314857,0.869498,0.444444,0.642788,0.766044,0.0,3.541333,89.768561,2.0,0,2
-0.004537,0.046398,-0.003124,0.48045,0.530539,0.422435,0.046724,0.023221,0.294187,0.37919,0.224877,0.953276,0.444444,0.642788,0.766044,0.0,4.371333,79.250965,2.0,1,2
-0.015961,-0.027753,0.029272,0.307368,0.373483,0.303563,0.04338,0.011027,0.25565,0.446048,0.23048,0.95662,0.444444,0.642788,0.766044,0.0,5.101333,67.456043,2.0,2,2
