mean_x,mean_y,mean_z,std_x,std_y,std_z,R,log_rmsW,rX_ratio,rY_ratio,rZ_ratio,psi,elev_normalized,elev_sin,elev_cos,is_synthetic,time_s,azimuth_deg,az_sector,elev_class,psi_cls
0.139316,-0.157118,0.05149,0.561041,0.597763,0.530156,0.216208,0.019429,0.669952,0.917057,0.616593,0.783792,0.833333,0.965926,0.258819,0.0,0.461333,1.595033,0.0,2,1
0.123291,-0.226086,0.040744,0.53614,0.618332,0.512041,0.260722,0.027204,0.537385,0.807128,0.526064,0.739278,0.833333,0.965926,0.258819,0.0,1.361333,-60.855631,9.0,2,0
0.059756,-0.132009,0.058601,0.542058,0.632726,0.530413,0.156305,0.028463,0.565531,0.767279,0.539792,0.843695,0.833333,0.965926,0.258819,0.0,2.181333,-65.104655,9.0,2,1
0.039915,-0.145089,-0.002073,0.518989,0.601816,0.588009,0.150494,0.0288,0.532289,0.717454,0.580383,0.849506,0.833333,0.965926,0.258819,0.0,2.861333,-67.621412,9.0,1,2
0.01415,-0.100207,0.004905,0.521229,0.615084,0.582782,0.10132,0.020937,0.537966,0.73307,0.646523,0.89868,0.833333,0.965926,0.258819,0.0,3.081333,-85.638367,9.0,1,2
-0.007734,-0.079438,0.002977,0.56281,0.614557,0.546897,0.079869,0.017617,0.515835,0.570746,0.567387,0.920131,0.833333,0.965926,0.258819,0.0,3.801333,-52.257958,10.0,1,2
-0.062403,-0.153348,-0.023337,0.572055,0.584933,0.550056,0.167195,0.02643,0.524155,0.512326,0.556701,0.832805,0.833333,0.965926,0.258819,0.0,4.491333,-95.331362,8.0,0,1
-0.021857,-0.078214,-0.083871,0.521876,0.370854,0.505371,0.116745,0.029622,0.636048,0.360284,0.548253,0.883255,0.833333,0.965926,0.258819,0.0,6.151333,-145.40651,7.0,0,2
0.019679,-0.004656,-0.036427,0.307175,0.17584,0.341941,0.041663,0.016231,0.620463,0.077933,0.542773,0.958337,0.833333,0.965926,0.258819,0.0,7.021333,160.751201,5.0,0,2
