mean_x,mean_y,mean_z,std_x,std_y,std_z,R,log_rmsW,rX_ratio,rY_ratio,rZ_ratio,psi,elev_normalized,elev_sin,elev_cos,is_synthetic,time_s,azimuth_deg,az_sector,elev_class,psi_cls
0.086994,-0.178258,0.055557,0.554818,0.60136,0.536613,0.205987,0.015813,0.712803,0.819958,0.724781,0.794013,0.833333,0.965926,0.258819,0.0,0.441333,5.641807,0.0,2,1
0.069827,-0.2299,0.018912,0.531184,0.596428,0.551243,0.241013,0.025614,0.44797,1.075295,0.678916,0.758987,0.833333,0.965926,0.258819,0.0,1.181333,-44.013144,10.0,1,0
-0.004351,-0.321247,0.019873,0.525784,0.573375,0.53953,0.321891,0.026873,0.518075,1.066915,0.656531,0.678109,0.833333,0.965926,0.258819,0.0,2.691333,-99.613962,8.0,1,0
-0.0476,-0.264442,0.043726,0.540454,0.556477,0.569271,0.272226,0.030274,0.477708,0.709883,0.553529,0.727774,0.833333,0.965926,0.258819,0.0,3.601333,-109.579512,8.0,2,0
-0.095036,-0.19286,0.004547,0.577415,0.541954,0.571454,0.215053,0.033323,0.587576,0.588323,0.518414,0.784947,0.833333,0.965926,0.258819,0.0,4.291333,-103.710696,8.0,1,1
-0.098905,-0.08655,-0.050176,0.624875,0.54443,0.541529,0.14068,0.033733,0.556933,0.337294,0.434364,0.85932,0.833333,0.965926,0.258819,0.0,5.151333,-115.577121,8.0,0,2
-0.080201,-0.035175,-0.045994,0.623566,0.532321,0.512772,0.098919,0.028135,0.638575,0.241364,0.424026,0.901081,0.833333,0.965926,0.258819,0.0,5.371333,-59.814905,10.0,0,2
-0.066106,-0.030065,-0.039166,0.542511,0.453979,0.4034,0.08251,0.025631,0.604989,0.226609,0.40877,0.91749,0.833333,0.965926,0.258819,0.0,5.921333,177.787716,5.0,0,2
-0.040284,-0.005588,-0.008924,0.381832,0.315903,0.229489,0.041637,0.016966,0.456648,0.182733,0.372208,0.958363,0.833333,0.965926,0.258819,0.0,6.661333,171.5857,5.0,0,2
