mean_x,mean_y,mean_z,std_x,std_y,std_z,R,log_rmsW,rX_ratio,rY_ratio,rZ_ratio,psi,elev_normalized,elev_sin,elev_cos,is_synthetic,time_s,azimuth_deg,az_sector,elev_class,psi_cls
-0.195044,0.13726,0.041643,0.615539,0.565695,0.492366,0.242109,0.027122,0.892577,0.682737,0.412653,0.757891,0.444444,0.642788,0.766044,0.0,0.451333,159.990979,5.0,2,0
-0.154023,0.102037,0.102755,0.597527,0.575658,0.51655,0.211408,0.024346,0.83064,0.732242,0.39822,0.788592,0.444444,0.642788,0.766044,0.0,0.691333,176.67315,5.0,2,1
-0.105072,0.118234,0.023228,0.562003,0.606284,0.539399,0.159872,0.024222,0.688458,0.811386,0.526767,0.840128,0.444444,0.642788,0.766044,0.0,1.261333,139.242612,4.0,2,1
-0.047256,0.151598,0.065675,0.546097,0.611105,0.546528,0.171838,0.029532,0.503268,0.683827,0.473912,0.828162,0.444444,0.642788,0.766044,0.0,2.041333,126.580102,4.0,2,1
-0.012251,0.101426,0.048689,0.564949,0.601917,0.552792,0.113172,0.02525,0.351573,0.583205,0.481062,0.886828,0.444444,0.642788,0.766044,0.0,2.281333,122.127895,4.0,2,2
0.168891,0.086858,0.0793,0.583136,0.554772,0.556488,0.205808,0.023468,0.544135,0.558937,0.384847,0.794192,0.444444,0.642788,0.766044,0.0,3.741333,56.499269,1.0,2,1
0.140967,0.031078,0.06601,0.470285,0.435652,0.466126,0.158729,0.015614,0.725269,0.667536,0.43638,0.841271,0.444444,0.642788,0.766044,0.0,4.451333,41.26554,1.0,2,1
