mean_x,mean_y,mean_z,std_x,std_y,std_z,R,log_rmsW,rX_ratio,rY_ratio,rZ_ratio,psi,elev_normalized,elev_sin,elev_cos,is_synthetic,time_s,azimuth_deg,az_sector,elev_class,psi_cls
-0.136601,0.057939,0.067823,0.644598,0.571421,0.480824,0.163147,0.024114,0.955366,0.634321,0.332153,0.836853,0.444444,0.642788,0.766044,0.0,0.401333,172.850102,5.0,2,1
-0.058879,0.087258,0.060364,0.622596,0.583627,0.506824,0.121345,0.020387,0.885687,0.724832,0.372183,0.878655,0.444444,0.642788,0.766044,0.0,1.131333,147.482087,4.0,2,2
0.017653,0.092191,0.023794,0.544549,0.611664,0.565527,0.096835,0.017176,0.636619,0.792216,0.750046,0.903165,0.444444,0.642788,0.766044,0.0,1.961333,144.687108,4.0,2,2
0.063107,0.127761,-0.012002,0.567963,0.598621,0.546355,0.143002,0.020624,0.563397,0.668127,0.652811,0.856998,0.444444,0.642788,0.766044,0.0,2.691333,111.318168,3.0,0,2
0.060324,0.039197,0.097441,0.612445,0.574234,0.529552,0.121121,0.018799,0.728461,0.643938,0.617119,0.878879,0.444444,0.642788,0.766044,0.0,3.631333,47.569089,1.0,2,2
0.018565,0.037581,0.097919,0.538689,0.475473,0.442441,0.106514,0.013686,0.862136,0.6436,0.534247,0.893486,0.444444,0.642788,0.766044,0.0,4.311333,73.544483,2.0,2,2
