mean_x,mean_y,mean_z,std_x,std_y,std_z,R,log_rmsW,rX_ratio,rY_ratio,rZ_ratio,psi,elev_normalized,elev_sin,elev_cos,is_synthetic,time_s,azimuth_deg,az_sector,elev_class,psi_cls
-0.129926,0.049449,0.017792,0.618726,0.593571,0.495102,0.140152,0.029221,0.867103,0.52304,0.348038,0.859848,0.444444,0.642788,0.766044,0.0,0.331333,165.386356,5.0,1,2
-0.144507,0.156156,0.011396,0.541613,0.60596,0.542225,0.213066,0.020327,0.645724,0.758507,0.58889,0.786934,0.444444,0.642788,0.766044,0.0,1.101333,157.595318,5.0,1,1
-0.047253,0.186446,-0.033045,0.530098,0.603308,0.562904,0.195159,0.022564,0.446868,0.739982,0.59109,0.804841,0.444444,0.642788,0.766044,0.0,1.871333,122.18139,4.0,0,1
0.023962,0.105132,0.047925,0.556755,0.606486,0.555156,0.117999,0.023338,0.645244,0.888935,0.613202,0.882001,0.444444,0.642788,0.766044,0.0,2.751333,105.735971,3.0,2,2
0.172362,0.034126,0.020956,0.63463,0.561181,0.500948,0.176953,0.036108,0.86672,0.530957,0.392262,0.823047,0.444444,0.642788,0.766044,0.0,3.561333,64.899137,2.0,1,1
0.195524,-0.017191,0.053007,0.564395,0.442544,0.398031,0.203309,0.033095,0.91725,0.490356,0.351827,0.796691,0.444444,0.642788,0.766044,0.0,4.331333,28.681461,0.0,2,1
0.120075,-0.03751,0.016473,0.433918,0.212917,0.210876,0.126872,0.024627,0.909106,0.123161,0.245116,0.873128,0.444444,0.642788,0.766044,0.0,5.171333,10.160198,0.0,1,2
