mean_x,mean_y,mean_z,std_x,std_y,std_z,R,log_rmsW,rX_ratio,rY_ratio,rZ_ratio,psi,elev_normalized,elev_sin,elev_cos,is_synthetic,time_s,azimuth_deg,az_sector,elev_class,psi_cls
-0.094279,0.042827,-0.026631,0.608625,0.546494,0.565147,0.10692,0.025906,0.73805,0.730961,0.489283,0.89308,0.833333,0.965926,0.258819,0.0,0.681333,163.443629,5.0,0,2
-0.114039,0.09109,0.003424,0.571284,0.591338,0.550051,0.145994,0.029913,0.540663,0.78655,0.460859,0.854006,0.833333,0.965926,0.258819,0.0,1.331333,151.95379,5.0,1,2
-0.077454,0.108764,0.039631,0.531176,0.628861,0.55036,0.139281,0.028113,0.490105,0.89654,0.540931,0.860719,0.833333,0.965926,0.258819,0.0,2.061333,125.261258,4.0,2,2
-0.078715,0.069114,0.024944,0.543782,0.625487,0.548969,0.10768,0.024026,0.391567,0.85342,0.559283,0.89232,0.833333,0.965926,0.258819,0.0,2.281333,125.18607,4.0,2,2
-0.044185,0.105305,-0.000354,0.500579,0.637714,0.574122,0.1142,0.018736,0.375645,0.894393,0.667092,0.8858,0.833333,0.965926,0.258819,0.0,2.991333,111.234618,3.0,1,2
-0.005815,0.079347,0.012254,0.517662,0.622394,0.581415,0.080498,0.013086,0.355555,1.020895,0.824613,0.919502,0.833333,0.965926,0.258819,0.0,3.711333,84.004225,2.0,1,2
0.045275,0.045361,-0.021234,0.424496,0.482978,0.481037,0.067516,0.008858,0.447533,0.914123,0.699668,0.932484,0.833333,0.965926,0.258819,0.0,4.461333,49.287655,1.0,0,2
