mean_x,mean_y,mean_z,std_x,std_y,std_z,R,log_rmsW,rX_ratio,rY_ratio,rZ_ratio,psi,elev_normalized,elev_sin,elev_cos,is_synthetic,time_s,azimuth_deg,az_sector,elev_class,psi_cls
-0.083002,0.180994,-0.050197,0.570566,0.637009,0.475789,0.205348,0.021416,0.812845,0.874525,0.504824,0.794652,0.444444,0.642788,0.766044,0.0,0.491333,140.424927,4.0,0,1
-0.008917,0.163354,-0.057235,0.542491,0.649836,0.503257,0.173321,0.020045,0.768681,0.980612,0.630647,0.826679,0.444444,0.642788,0.766044,0.0,1.161333,140.05408,4.0,0,1
-0.030333,0.079296,0.014208,0.581201,0.608247,0.533577,0.08608,0.020972,0.540238,0.832129,0.57737,0.91392,0.444444,0.642788,0.766044,0.0,2.091333,129.078967,4.0,1,2
0.102871,0.095529,0.041909,0.578372,0.583594,0.550737,0.146508,0.028926,0.644557,0.720806,0.487775,0.853492,0.444444,0.642788,0.766044,0.0,2.821333,120.160033,4.0,2,2
0.108904,0.097871,0.0193,0.603336,0.540137,0.567766,0.147687,0.02778,0.693399,0.704683,0.488172,0.852313,0.444444,0.642788,0.766044,0.0,3.571333,60.901388,2.0,1,2
0.097872,0.027571,0.036048,0.484181,0.430405,0.476937,0.107883,0.01835,0.720541,0.617879,0.566589,0.892117,0.444444,0.642788,0.766044,0.0,4.441333,42.141399,1.0,2,2
-0.008718,-0.014083,0.004352,0.347782,0.313196,0.290646,0.017125,0.005635,1.061853,0.714972,0.744563,0.982875,0.444444,0.642788,0.766044,0.0,5.151333,28.54551,0.0,1,2
