mean_x,mean_y,mean_z,std_x,std_y,std_z,R,log_rmsW,rX_ratio,rY_ratio,rZ_ratio,psi,elev_normalized,elev_sin,elev_cos,is_synthetic,time_s,azimuth_deg,az_sector,elev_class,psi_cls
-0.09426,-0.007835,0.055874,0.608664,0.579649,0.530341,0.109856,0.013335,0.468012,0.407048,0.338331,0.890144,0.0,0.0,1.0,0.0,0.451333,120.487855,4.0,2,2
-0.037519,-0.028867,0.049298,0.601442,0.591694,0.532233,0.068346,0.010351,0.531101,0.486862,0.364314,0.931654,0.0,0.0,1.0,0.0,0.671333,-171.389586,6.0,2,2
0.004172,-0.021936,0.022523,0.579967,0.606243,0.543049,0.031715,0.011537,0.472588,0.441065,0.400845,0.968285,0.0,0.0,1.0,0.0,1.291333,116.044179,3.0,2,2
0.019591,0.000284,-0.000693,0.566432,0.608633,0.555092,0.019605,0.009996,0.511211,0.496554,0.546179,0.980395,0.0,0.0,1.0,0.0,2.071333,142.848376,4.0,1,2
0.022041,-0.01919,0.007672,0.578079,0.593756,0.558592,0.030215,0.007434,0.568629,0.491999,0.66286,0.969785,0.0,0.0,1.0,0.0,2.301333,169.825212,5.0,1,2
0.058462,-0.026535,-0.090219,0.57229,0.609283,0.537268,0.110731,0.006648,0.719458,0.97133,0.792768,0.889269,0.0,0.0,1.0,0.0,2.931333,-32.985056,10.0,0,2
0.061047,-0.02526,-0.07634,0.280091,0.334041,0.286909,0.100958,0.003679,0.712692,1.306449,0.724314,0.899042,0.0,0.0,1.0,0.0,4.441333,65.568201,2.0,0,2
