mean_x,mean_y,mean_z,std_x,std_y,std_z,R,log_rmsW,rX_ratio,rY_ratio,rZ_ratio,psi,elev_normalized,elev_sin,elev_cos,is_synthetic,time_s,azimuth_deg,az_sector,elev_class,psi_cls
-0.0559,-0.034706,0.056024,0.586779,0.573105,0.565327,0.086417,0.011972,0.500749,0.445671,0.373098,0.913583,0.0,0.0,1.0,0.0,0.591333,173.720775,5.0,2,2
0.008777,-0.049392,0.039513,0.552752,0.594534,0.580314,0.063859,0.013293,0.406809,0.394,0.380963,0.936141,0.0,0.0,1.0,0.0,1.311333,132.574264,4.0,2,2
-0.01568,0.018919,0.082737,0.563098,0.598514,0.563103,0.086309,0.011945,0.467691,0.431399,0.455834,0.913691,0.0,0.0,1.0,0.0,2.071333,131.60063,4.0,2,2
-0.031746,-0.020766,0.092817,0.573538,0.592612,0.556426,0.10027,0.009777,0.485766,0.387217,0.485085,0.89973,0.0,0.0,1.0,0.0,2.301333,119.354808,3.0,2,2
-0.009832,0.041349,-0.015574,0.565076,0.631671,0.528552,0.045266,0.007275,0.640456,0.920132,0.577953,0.954734,0.0,0.0,1.0,0.0,2.981333,12.289624,0.0,0,2
0.053886,0.075431,-0.066019,0.457424,0.498182,0.420632,0.113808,0.004362,0.489474,1.127236,0.394193,0.886193,0.0,0.0,1.0,0.0,4.461333,74.649537,2.0,0,2
