mean_x,mean_y,mean_z,std_x,std_y,std_z,R,log_rmsW,rX_ratio,rY_ratio,rZ_ratio,psi,elev_normalized,elev_sin,elev_cos,is_synthetic,time_s,azimuth_deg,az_sector,elev_class,psi_cls
-0.033734,-0.022135,-0.020662,0.578341,0.60127,0.549261,0.045331,0.009399,0.507138,0.600178,0.503373,0.954669,0.0,0.0,1.0,0.0,0.691333,-175.532404,6.0,0,2
0.038345,-0.023001,-0.051222,0.57601,0.611226,0.538354,0.067993,0.00898,0.483729,0.655129,0.504988,0.932007,0.0,0.0,1.0,0.0,1.571333,128.340658,4.0,0,2
0.10283,-0.033253,-0.07131,0.582633,0.603458,0.528674,0.129479,0.00842,0.727028,0.819756,0.617836,0.870521,0.0,0.0,1.0,0.0,2.301333,129.041951,4.0,0,2
0.221985,0.005743,-0.130662,0.565871,0.583493,0.522322,0.257649,0.008315,0.874299,1.167677,0.756375,0.742351,0.0,0.0,1.0,0.0,3.151333,-54.025138,10.0,0,0
0.21364,0.044165,-0.126926,0.447312,0.498128,0.437095,0.252394,0.007093,0.958771,1.339498,0.845919,0.747606,0.0,0.0,1.0,0.0,3.851333,-23.557509,11.0,0,0
0.127083,0.056884,-0.070185,0.308346,0.334284,0.277283,0.155922,0.005406,0.798978,1.515251,0.87659,0.844078,0.0,0.0,1.0,0.0,4.641333,55.609317,1.0,0,1
