mean_x,mean_y,mean_z,std_x,std_y,std_z,R,log_rmsW,rX_ratio,rY_ratio,rZ_ratio,psi,elev_normalized,elev_sin,elev_cos,is_synthetic,time_s,azimuth_deg,az_sector,elev_class,psi_cls
-0.051757,-0.006281,0.027466,0.572686,0.589719,0.56621,0.058929,0.009502,0.485938,0.528829,0.484421,0.941071,0.0,0.0,1.0,0.0,0.191333,161.413491,5.0,2,2
0.019878,-0.022962,0.0146,0.566883,0.588654,0.575192,0.033698,0.010083,0.431274,0.525374,0.443576,0.966302,0.0,0.0,1.0,0.0,1.031333,132.660895,4.0,1,2
0.081119,0.003874,-0.019526,0.555887,0.623402,0.543329,0.083526,0.008982,0.604525,0.750081,0.476251,0.916474,0.0,0.0,1.0,0.0,1.801333,124.22684,4.0,0,2
0.162099,0.181549,-0.105536,0.554747,0.61211,0.497034,0.265281,0.00842,0.8001,1.223115,0.610765,0.734719,0.0,0.0,1.0,0.0,2.661333,21.134256,0.0,0,0
0.153306,0.205145,-0.124205,0.424238,0.526241,0.399524,0.28463,0.006924,0.909157,1.467787,0.700319,0.71537,0.0,0.0,1.0,0.0,3.361333,-3.426748,11.0,0,0
0.081451,0.133164,-0.057348,0.294789,0.346726,0.2604,0.166301,0.005303,0.813525,1.669978,0.772655,0.833699,0.0,0.0,1.0,0.0,4.151333,45.601251,1.0,0,1
