mean_x,mean_y,mean_z,std_x,std_y,std_z,R,log_rmsW,rX_ratio,rY_ratio,rZ_ratio,psi,elev_normalized,elev_sin,elev_cos,is_synthetic,time_s,azimuth_deg,az_sector,elev_class,psi_cls
-0.078856,0.06474,0.012727,0.611924,0.615621,0.485616,0.102818,0.010554,0.521316,0.579335,0.352139,0.897182,0.0,0.0,1.0,0.0,0.521333,146.667127,4.0,1,2
0.035905,0.016516,0.016214,0.554263,0.653284,0.513903,0.042718,0.010435,0.476981,0.749557,0.396004,0.957282,0.0,0.0,1.0,0.0,1.351333,141.431324,4.0,1,2
0.037127,0.048657,-0.018165,0.556366,0.614112,0.555941,0.063843,0.008016,0.604005,0.90749,0.654616,0.936157,0.0,0.0,1.0,0.0,2.291333,175.910762,5.0,0,2
0.046832,0.068825,-0.028979,0.569991,0.615122,0.53736,0.088147,0.006547,0.8213,1.133896,0.937962,0.911853,0.0,0.0,1.0,0.0,3.021333,75.8953,2.0,0,2
0.063786,0.055496,0.010374,0.577805,0.591957,0.545065,0.085183,0.003718,1.243673,1.420231,1.360473,0.914817,0.0,0.0,1.0,0.0,3.781333,47.354822,1.0,1,2
