mean_x,mean_y,mean_z,std_x,std_y,std_z,R,log_rmsW,rX_ratio,rY_ratio,rZ_ratio,psi,elev_normalized,elev_sin,elev_cos,is_synthetic,time_s,azimuth_deg,az_sector,elev_class,psi_cls
-0.23005,-0.51083,0.0,0.282213,0.42617,0.0,0.560241,0.024437,0.532204,0.75519,0.0,0.439759,0.0,0.0,1.0,1.0,0.451333,-89.999998,9.0,0,0
-0.418114,-0.422257,0.0,0.362946,0.357446,0.0,0.594239,0.030024,0.727133,0.569939,0.0,0.405761,0.0,0.0,1.0,1.0,1.191333,-112.499992,8.0,0,0
-0.554944,-0.225182,0.0,0.424643,0.278434,0.0,0.598891,0.035411,0.838755,0.387355,0.0,0.401109,0.0,0.0,1.0,1.0,2.001333,-135.000002,7.0,0,0
-0.700239,-0.005275,0.0,0.393555,0.244466,0.0,0.700259,0.034953,0.883819,0.269104,0.0,0.299741,0.0,0.0,1.0,1.0,2.791333,-157.500006,6.0,0,0
-0.601244,0.037882,0.0,0.436912,0.205959,0.0,0.602437,0.030868,0.892329,0.23938,0.0,0.397563,0.0,0.0,1.0,1.0,3.011333,-157.500007,6.0,0,0
-0.640817,0.225571,0.0,0.391246,0.287161,0.0,0.679359,0.034325,0.819021,0.427502,0.0,0.320641,0.0,0.0,1.0,1.0,3.601333,180.0,6.0,0,0
-0.407498,0.412708,0.0,0.363747,0.367738,0.0,0.579985,0.029864,0.661973,0.644472,0.0,0.420015,0.0,0.0,1.0,1.0,4.401333,157.499999,5.0,0,0
-0.192965,0.305439,0.0,0.267779,0.399556,0.0,0.361287,0.02256,0.541453,0.748586,0.0,0.638713,0.0,0.0,1.0,1.0,5.281333,134.999997,4.0,0,0
-0.075913,0.183295,0.0,0.15067,0.363651,0.0,0.198394,0.014033,0.353553,0.853555,0.0,0.801606,0.0,0.0,1.0,1.0,6.001333,112.499998,3.0,0,1
