mean_x,mean_y,mean_z,std_x,std_y,std_z,R,log_rmsW,rX_ratio,rY_ratio,rZ_ratio,psi,elev_normalized,elev_sin,elev_cos,is_synthetic,time_s,azimuth_deg,az_sector,elev_class,psi_cls
-0.134076,0.139371,0.06105,0.564905,0.627765,0.495511,0.202799,0.025481,0.613943,0.745727,0.549078,0.797201,0.444444,0.642788,0.766044,0.0,0.161333,142.636774,4.0,2,1
-0.047097,0.14413,0.086312,0.5648,0.597187,0.542061,0.174474,0.024701,0.56717,0.754622,0.571258,0.825526,0.444444,0.642788,0.766044,0.0,1.001333,137.943495,4.0,2,1
0.097995,0.150709,0.132403,0.565551,0.551667,0.570874,0.223264,0.02747,0.511632,0.565187,0.432205,0.776736,0.444444,0.642788,0.766044,0.0,1.851333,112.387109,3.0,2,0
0.267717,0.096784,0.091354,0.61175,0.50875,0.526748,0.298973,0.034799,0.766651,0.38003,0.311411,0.701027,0.444444,0.642788,0.766044,0.0,2.611333,86.172643,2.0,2,0
0.266656,0.035449,0.078018,0.525212,0.367775,0.429098,0.280087,0.030644,0.822246,0.324189,0.283958,0.719913,0.444444,0.642788,0.766044,0.0,3.411333,28.086796,0.0,2,0
0.098069,-0.0301,0.015339,0.397252,0.201136,0.199195,0.103725,0.018974,0.891907,0.136878,0.251478,0.896275,0.444444,0.642788,0.766044,0.0,4.261333,9.20769,0.0,1,2
