mean_x,mean_y,mean_z,std_x,std_y,std_z,R,log_rmsW,rX_ratio,rY_ratio,rZ_ratio,psi,elev_normalized,elev_sin,elev_cos,is_synthetic,time_s,azimuth_deg,az_sector,elev_class,psi_cls
0.151321,-0.242605,-0.066692,0.558095,0.596731,0.496147,0.293604,0.026467,0.579132,0.703717,0.527408,0.706396,0.833333,0.965926,0.258819,0.0,0.251333,-10.287884,11.0,0,0
0.011669,-0.220297,0.011619,0.541734,0.575998,0.570836,0.220912,0.035094,0.595998,0.786947,0.628801,0.779088,0.833333,0.965926,0.258819,0.0,2.541333,-68.000371,9.0,1,1
0.01802,-0.259619,-0.008766,0.553368,0.572322,0.546191,0.260391,0.030314,0.441142,0.701389,0.482892,0.739609,0.833333,0.965926,0.258819,0.0,3.461333,-99.54933,8.0,0,0
-0.014703,-0.115313,-0.048227,0.592157,0.519573,0.602843,0.125854,0.036975,0.540359,0.289665,0.46907,0.874146,0.833333,0.965926,0.258819,0.0,4.261333,-48.601661,10.0,0,2
-0.049178,-0.150935,-0.064371,0.58454,0.492923,0.621199,0.171299,0.035281,0.56874,0.22507,0.502805,0.828701,0.833333,0.965926,0.258819,0.0,5.061333,-117.600217,8.0,0,1
-0.0333,-0.054227,-0.057757,0.550534,0.428774,0.582427,0.085938,0.029814,0.500798,0.157742,0.495155,0.914062,0.833333,0.965926,0.258819,0.0,5.841333,160.431095,5.0,0,2
0.019665,-0.042832,-0.022639,0.373086,0.320821,0.365687,0.052286,0.011278,0.430408,0.131403,0.543793,0.947714,0.833333,0.965926,0.258819,0.0,6.751333,-171.168034,6.0,0,2
