mean_x,mean_y,mean_z,std_x,std_y,std_z,R,log_rmsW,rX_ratio,rY_ratio,rZ_ratio,psi,elev_normalized,elev_sin,elev_cos,is_synthetic,time_s,azimuth_deg,az_sector,elev_class,psi_cls
0.226959,0.040786,-0.105497,0.586464,0.569755,0.51665,0.253581,0.009533,0.670693,0.482973,0.445394,0.746419,0.0,0.0,1.0,0.0,0.501333,42.599704,1.0,0,0
0.174512,-0.075103,-0.13116,0.612722,0.602349,0.456302,0.230864,0.014549,0.576958,0.469502,0.319064,0.769136,0.0,0.0,1.0,0.0,1.161333,-21.67898,11.0,0,0
-0.015003,-0.113664,-0.06261,0.665202,0.571118,0.462614,0.130631,0.014052,0.540339,0.509087,0.328804,0.869369,0.0,0.0,1.0,0.0,2.201333,-24.655543,11.0,0,2
-0.096485,-0.155655,-0.057627,0.651848,0.576887,0.452977,0.191986,0.014562,0.428885,0.590432,0.283208,0.808014,0.0,0.0,1.0,0.0,2.881333,-54.702884,10.0,0,1
-0.09132,-0.131693,0.001121,0.643875,0.602968,0.442669,0.160261,0.011803,0.567101,1.002757,0.394538,0.839739,0.0,0.0,1.0,0.0,3.581333,-100.40612,8.0,1,1
-0.192414,-0.046677,0.028094,0.610978,0.635747,0.427001,0.199978,0.009486,0.91544,1.550661,0.585061,0.800022,0.0,0.0,1.0,0.0,4.411333,-145.283438,7.0,2,1
-0.188598,-0.009213,0.053056,0.629242,0.61021,0.439258,0.196135,0.006647,1.235017,2.056773,0.797777,0.803865,0.0,0.0,1.0,0.0,4.641333,-23.348667,11.0,2,1
-0.227262,-0.027574,0.077902,0.601916,0.60975,0.455185,0.24182,0.007453,1.141284,1.83946,0.76096,0.75818,0.0,0.0,1.0,0.0,5.151333,-129.870324,7.0,2,0
-0.114623,0.011683,0.028923,0.545198,0.523411,0.438514,0.118792,0.005515,1.231733,1.786212,0.782895,0.881208,0.0,0.0,1.0,0.0,5.951333,-140.599699,7.0,2,2
