mean_x,mean_y,mean_z,std_x,std_y,std_z,R,log_rmsW,rX_ratio,rY_ratio,rZ_ratio,psi,elev_normalized,elev_sin,elev_cos,is_synthetic,time_s,azimuth_deg,az_sector,elev_class,psi_cls
0.161104,0.039685,-0.127904,0.641238,0.596827,0.434153,0.209497,0.008064,0.789534,0.596975,0.376914,0.790503,0.0,0.0,1.0,0.0,0.411333,42.769745,1.0,0,1
0.121525,-0.096204,-0.108222,0.630903,0.622559,0.422377,0.189038,0.013448,0.580433,0.520326,0.296791,0.810962,0.0,0.0,1.0,0.0,1.801333,-33.071947,10.0,0,1
0.076272,-0.086807,-0.090231,0.622622,0.634278,0.433863,0.14661,0.012615,0.567788,0.523684,0.293976,0.85339,0.0,0.0,1.0,0.0,2.041333,-24.906977,11.0,0,2
-0.011269,-0.130496,-0.074933,0.58665,0.645172,0.46536,0.150901,0.013772,0.47389,0.539304,0.281545,0.849099,0.0,0.0,1.0,0.0,2.631333,-36.475474,10.0,0,2
-0.138064,-0.184806,-0.003583,0.579448,0.627347,0.466106,0.230711,0.01559,0.456611,0.601033,0.279128,0.769289,0.0,0.0,1.0,0.0,3.401333,-64.21975,9.0,1,0
-0.120562,-0.136998,0.002853,0.620631,0.588285,0.485011,0.182515,0.014674,0.53612,0.650905,0.289255,0.817485,0.0,0.0,1.0,0.0,4.301333,-147.411651,7.0,1,1
-0.107182,-0.11304,-0.027636,0.67557,0.562782,0.449047,0.158208,0.010213,0.834649,0.826923,0.333188,0.841792,0.0,0.0,1.0,0.0,5.161333,-130.210721,7.0,0,1
-0.044368,-0.087028,-0.015277,0.554208,0.418841,0.38151,0.098872,0.006487,0.953318,0.49905,0.307668,0.901128,0.0,0.0,1.0,0.0,5.981333,-120.639229,7.0,0,2
-0.03179,-0.069245,0.002955,0.431094,0.272531,0.249129,0.07625,0.004079,1.346036,0.633167,0.413827,0.92375,0.0,0.0,1.0,0.0,6.601333,-155.771769,6.0,1,2
