mean_x,mean_y,mean_z,std_x,std_y,std_z,R,log_rmsW,rX_ratio,rY_ratio,rZ_ratio,psi,elev_normalized,elev_sin,elev_cos,is_synthetic,time_s,azimuth_deg,az_sector,elev_class,psi_cls
0.123616,-0.211804,0.086782,0.534575,0.61209,0.521373,0.260141,0.020044,0.609008,0.864167,0.61109,0.739859,0.833333,0.965926,0.258819,0.0,0.461333,-52.902072,10.0,2,0
0.080037,-0.277195,0.062571,0.551939,0.590528,0.509308,0.295225,0.023522,0.642052,0.94676,0.615972,0.704775,0.833333,0.965926,0.258819,0.0,1.211333,-62.792976,9.0,2,0
-0.008417,-0.199902,0.016387,0.586556,0.600747,0.504646,0.200749,0.02879,0.57519,0.930754,0.612387,0.799251,0.833333,0.965926,0.258819,0.0,2.101333,-65.934943,9.0,1,1
0.028687,-0.2773,-0.028669,0.594861,0.554506,0.509965,0.28025,0.029014,0.688909,0.974217,0.570708,0.71975,0.833333,0.965926,0.258819,0.0,2.791333,-81.033185,9.0,0,0
0.034851,-0.221715,-0.018176,0.594556,0.565801,0.524967,0.225172,0.026758,0.685679,0.942555,0.546977,0.774828,0.833333,0.965926,0.258819,0.0,3.021333,-66.955099,9.0,0,0
0.047289,-0.201166,-0.03893,0.583634,0.558576,0.550499,0.210285,0.033231,0.596425,0.740467,0.476848,0.789715,0.833333,0.965926,0.258819,0.0,3.611333,-105.81125,8.0,0,1
0.056632,-0.170461,-0.049737,0.618355,0.530892,0.548576,0.186381,0.031122,0.657348,0.566515,0.408467,0.813619,0.833333,0.965926,0.258819,0.0,4.421333,-51.6439,10.0,0,1
0.035419,-0.039228,-0.024018,0.552346,0.43743,0.45149,0.058053,0.023704,0.631904,0.441065,0.400536,0.941947,0.833333,0.965926,0.258819,0.0,5.351333,-71.901305,9.0,0,2
0.016883,0.003228,-0.012426,0.382736,0.289201,0.336319,0.02121,0.012334,0.732121,0.373907,0.438,0.97879,0.833333,0.965926,0.258819,0.0,6.071333,-108.888153,8.0,0,2
