mean_x,mean_y,mean_z,std_x,std_y,std_z,R,log_rmsW,rX_ratio,rY_ratio,rZ_ratio,psi,elev_normalized,elev_sin,elev_cos,is_synthetic,time_s,azimuth_deg,az_sector,elev_class,psi_cls
0.196963,0.000141,-0.077338,0.627602,0.589968,0.461595,0.211602,0.012954,0.733293,0.431131,0.336272,0.788398,0.0,0.0,1.0,0.0,0.441333,-14.327158,11.0,0,1
0.11285,-0.059636,-0.070785,0.621226,0.59875,0.483781,0.145952,0.014581,0.544439,0.42738,0.314477,0.854048,0.0,0.0,1.0,0.0,1.291333,-12.225527,11.0,0,2
0.021297,-0.11376,-0.050544,0.609381,0.635078,0.457349,0.126291,0.01493,0.429687,0.471255,0.307367,0.873709,0.0,0.0,1.0,0.0,1.931333,-19.830134,11.0,0,2
-0.070909,-0.212393,-0.042187,0.580825,0.637362,0.452117,0.227857,0.013984,0.382831,0.555739,0.287105,0.772143,0.0,0.0,1.0,0.0,2.731333,-44.401723,10.0,0,0
-0.161963,-0.216111,-0.03774,0.585127,0.626243,0.436995,0.272691,0.011096,0.541536,0.676153,0.315492,0.727309,0.0,0.0,1.0,0.0,3.591333,-108.753594,8.0,0,0
-0.218467,-0.108944,0.02895,0.62424,0.60929,0.422417,0.245835,0.00847,0.974799,1.037317,0.492711,0.754165,0.0,0.0,1.0,0.0,4.481333,-136.260334,7.0,2,0
-0.192002,-0.059307,0.079203,0.655578,0.565966,0.450549,0.215998,0.007121,1.376932,1.198062,0.657009,0.784002,0.0,0.0,1.0,0.0,5.101333,-138.749711,7.0,2,1
-0.133814,0.029343,0.074638,0.626483,0.545196,0.467695,0.156006,0.00536,1.650578,1.437993,0.765604,0.843994,0.0,0.0,1.0,0.0,5.891333,-135.741031,7.0,2,1
-0.031021,-0.02218,0.027594,0.445013,0.385259,0.386341,0.047071,0.00411,1.020474,0.635496,0.533079,0.952929,0.0,0.0,1.0,0.0,6.761333,-132.678649,7.0,2,2
