mean_x,mean_y,mean_z,std_x,std_y,std_z,R,log_rmsW,rX_ratio,rY_ratio,rZ_ratio,psi,elev_normalized,elev_sin,elev_cos,is_synthetic,time_s,azimuth_deg,az_sector,elev_class,psi_cls
-0.056026,-0.11685,0.025258,0.59497,0.541327,0.579029,0.132026,0.013306,0.447409,0.439524,0.451078,0.867974,0.0,0.0,1.0,0.0,0.701333,-171.652303,6.0,2,2
-0.007903,-0.075563,0.005685,0.592902,0.541285,0.591182,0.076188,0.012551,0.593264,0.487081,0.540884,0.923812,0.0,0.0,1.0,0.0,1.581333,-101.675263,8.0,1,2
0.069538,-0.025084,-0.029701,0.569633,0.568349,0.588173,0.079668,0.010771,0.601072,0.484564,0.522142,0.920332,0.0,0.0,1.0,0.0,2.351333,158.109795,5.0,0,2
0.113121,0.027851,-0.05811,0.601375,0.563715,0.550792,0.130188,0.010596,0.673317,0.486705,0.496629,0.869812,0.0,0.0,1.0,0.0,3.011333,143.99745,4.0,0,2
0.029639,0.03341,0.048823,0.578343,0.4883,0.452611,0.066169,0.007392,1.092594,0.825935,0.485789,0.933831,0.0,0.0,1.0,0.0,4.691333,6.103079,0.0,2,2
-0.015428,0.031393,0.033381,0.423901,0.364634,0.319767,0.048352,0.00516,1.397342,1.091486,0.597186,0.951648,0.0,0.0,1.0,0.0,5.421333,3.617459,0.0,2,2
