mean_x,mean_y,mean_z,std_x,std_y,std_z,R,log_rmsW,rX_ratio,rY_ratio,rZ_ratio,psi,elev_normalized,elev_sin,elev_cos,is_synthetic,time_s,azimuth_deg,az_sector,elev_class,psi_cls
-0.085131,0.111694,-0.011825,0.597381,0.574967,0.540931,0.140935,0.02438,0.65491,0.73012,0.600815,0.859065,0.833333,0.965926,0.258819,0.0,0.691333,142.756518,4.0,0,2
-0.070042,0.115301,0.008287,0.556715,0.6134,0.543572,0.135163,0.026236,0.596423,0.863204,0.56262,0.864837,0.833333,0.965926,0.258819,0.0,1.481333,142.402518,4.0,1,2
-0.015763,0.052561,-0.01279,0.558774,0.616648,0.551595,0.056345,0.022131,0.56126,0.95742,0.594098,0.943655,0.833333,0.965926,0.258819,0.0,1.701333,117.023437,3.0,0,2
0.001719,0.154573,0.005004,0.524989,0.587495,0.596026,0.154664,0.021103,0.548048,0.979025,0.563559,0.845336,0.833333,0.965926,0.258819,0.0,2.361333,116.85227,3.0,1,1
0.062659,0.123232,-0.032892,0.516455,0.561629,0.630527,0.142106,0.022999,0.514307,0.796502,0.54803,0.857894,0.833333,0.965926,0.258819,0.0,3.061333,91.926273,3.0,0,2
0.053191,0.098299,-0.042927,0.521438,0.5354,0.641205,0.119728,0.019497,0.490788,0.51938,0.571726,0.880272,0.833333,0.965926,0.258819,0.0,3.291333,85.447313,2.0,0,2
0.03513,0.094556,-0.031941,0.427215,0.434853,0.562363,0.105808,0.017409,0.53186,0.503311,0.61283,0.894192,0.833333,0.965926,0.258819,0.0,3.861333,53.785991,1.0,0,2
0.026007,0.002725,-0.077298,0.284936,0.243727,0.341859,0.081601,0.011588,0.440619,0.249037,0.538899,0.918399,0.833333,0.965926,0.258819,0.0,4.731333,11.787102,0.0,0,2
