mean_x,mean_y,mean_z,std_x,std_y,std_z,R,log_rmsW,rX_ratio,rY_ratio,rZ_ratio,psi,elev_normalized,elev_sin,elev_cos,is_synthetic,time_s,azimuth_deg,az_sector,elev_class,psi_cls
-0.012991,-0.058953,0.00382,0.641262,0.571,0.508664,0.060488,0.010808,0.476648,0.348762,0.322315,0.939512,0.0,0.0,1.0,0.0,0.511333,-35.522418,10.0,1,2
-0.057158,-0.028688,-0.036533,0.606443,0.594503,0.522595,0.073652,0.010533,0.437618,0.390178,0.336651,0.926348,0.0,0.0,1.0,0.0,1.261333,107.451922,3.0,0,2
0.046079,0.025018,-0.075165,0.555376,0.605112,0.562909,0.091646,0.008739,0.516658,0.65205,0.635314,0.908354,0.0,0.0,1.0,0.0,2.071333,159.961639,5.0,0,2
0.051551,0.030771,-0.019976,0.592345,0.558974,0.576566,0.063272,0.006701,1.154754,1.008947,1.059251,0.936728,0.0,0.0,1.0,0.0,3.151333,-110.587266,8.0,0,2
0.092299,0.023492,0.007412,0.638472,0.543064,0.536724,0.095529,0.008435,1.241576,0.842128,0.865207,0.904471,0.0,0.0,1.0,0.0,3.691333,47.14567,1.0,1,2
0.120584,-0.025834,0.034408,0.592933,0.442652,0.468373,0.128031,0.007227,1.38904,0.814944,0.819691,0.871969,0.0,0.0,1.0,0.0,4.441333,-17.66672,11.0,2,2
0.08723,-0.016069,0.007178,0.406906,0.280554,0.318089,0.088988,0.004654,1.094109,0.672152,0.515321,0.911012,0.0,0.0,1.0,0.0,5.301333,0.991226,0.0,1,2
