mean_x,mean_y,mean_z,std_x,std_y,std_z,R,log_rmsW,rX_ratio,rY_ratio,rZ_ratio,psi,elev_normalized,elev_sin,elev_cos,is_synthetic,time_s,azimuth_deg,az_sector,elev_class,psi_cls
0.15953,-0.023731,-0.062941,0.650496,0.586502,0.450201,0.173131,0.011234,0.670684,0.490942,0.324763,0.826869,0.0,0.0,1.0,0.0,2.201333,-17.253379,11.0,0,1
0.064629,-0.082269,-0.067007,0.638376,0.60369,0.460845,0.124238,0.012384,0.42863,0.547353,0.242086,0.875762,0.0,0.0,1.0,0.0,2.971333,-36.928825,10.0,0,2
-0.161339,-0.125205,-0.019603,0.586955,0.561244,0.546004,0.20516,0.016744,0.441504,0.553849,0.258365,0.79484,0.0,0.0,1.0,0.0,4.611333,-146.886651,7.0,0,1
-0.172954,-0.093915,0.004791,0.58977,0.536176,0.570659,0.196866,0.017736,0.452453,0.423019,0.275013,0.803134,0.0,0.0,1.0,0.0,5.411333,-158.122761,6.0,1,1
-0.090662,-0.042973,0.012388,0.546973,0.508271,0.538123,0.101093,0.014261,0.382082,0.227031,0.260327,0.898907,0.0,0.0,1.0,0.0,6.291333,-178.610357,6.0,1,2
-0.04927,-0.025611,-0.01459,0.439501,0.408967,0.398389,0.057414,0.010387,0.333168,0.200055,0.241925,0.942586,0.0,0.0,1.0,0.0,6.961333,169.073446,5.0,0,2
