mean_x,mean_y,mean_z,std_x,std_y,std_z,R,log_rmsW,rX_ratio,rY_ratio,rZ_ratio,psi,elev_normalized,elev_sin,elev_cos,is_synthetic,time_s,azimuth_deg,az_sector,elev_class,psi_cls
0.397455,0.359925,0.0,0.370481,0.346428,0.0,0.536206,0.02432,0.684158,0.620871,0.0,0.463794,0.0,0.0,1.0,1.0,0.411333,67.499994,2.0,0,0
0.541722,0.224573,0.0,0.424237,0.278076,0.0,0.586426,0.023099,0.771221,0.508696,0.0,0.413574,0.0,0.0,1.0,1.0,1.091333,44.999997,1.0,0,0
0.560803,-0.021306,0.0,0.449953,0.231669,0.0,0.561208,0.024232,0.863306,0.329023,0.0,0.438792,0.0,0.0,1.0,1.0,1.971333,22.500002,0.0,0,0
0.547752,-0.233713,0.0,0.419301,0.283812,0.0,0.595529,0.028137,0.787205,0.483593,0.0,0.404471,0.0,0.0,1.0,1.0,2.701333,0.0,0.0,0,0
0.368856,-0.404083,0.0,0.331898,0.36839,0.0,0.547118,0.025275,0.671502,0.634537,0.0,0.452882,0.0,0.0,1.0,1.0,3.651333,-22.500014,11.0,0,0
0.237386,-0.34704,0.0,0.281233,0.396144,0.0,0.420462,0.020598,0.570968,0.726326,0.0,0.579538,0.0,0.0,1.0,1.0,4.291333,-45.000019,10.0,0,0
0.044494,-0.107572,0.0,0.121715,0.293778,0.0,0.11641,0.009207,0.353553,0.853554,0.0,0.88359,0.0,0.0,1.0,1.0,5.251333,-67.500002,9.0,0,2
