mean_x,mean_y,mean_z,std_x,std_y,std_z,R,log_rmsW,rX_ratio,rY_ratio,rZ_ratio,psi,elev_normalized,elev_sin,elev_cos,is_synthetic,time_s,azimuth_deg,az_sector,elev_class,psi_cls
0.243899,-0.090888,-0.113284,0.582473,0.609842,0.456074,0.283867,0.009339,0.657347,0.637078,0.403203,0.716133,0.0,0.0,1.0,0.0,0.291333,-19.701743,11.0,0,0
0.165757,-0.176517,-0.128029,0.596183,0.608906,0.445617,0.273907,0.012566,0.685235,0.553671,0.392575,0.726093,0.0,0.0,1.0,0.0,1.081333,-20.496376,11.0,0,0
0.102121,-0.123276,-0.093781,0.593904,0.590588,0.513757,0.185528,0.012422,0.699496,0.616729,0.491795,0.814472,0.0,0.0,1.0,0.0,1.881333,-23.615297,11.0,0,1
0.066269,-0.128381,-0.063169,0.590866,0.591025,0.525898,0.157682,0.011524,0.698845,0.634684,0.492908,0.842318,0.0,0.0,1.0,0.0,2.111333,-30.121846,10.0,0,1
0.031304,-0.090029,0.048062,0.554663,0.613532,0.551742,0.106748,0.011942,0.545924,0.844393,0.604364,0.893252,0.0,0.0,1.0,0.0,2.721333,-50.126067,10.0,2,2
-0.065074,-0.08221,0.077321,0.565283,0.635986,0.50873,0.130275,0.012403,0.426332,0.822093,0.51959,0.869725,0.0,0.0,1.0,0.0,3.701333,-81.427632,9.0,2,2
-0.134045,-0.033551,0.106509,0.595539,0.628945,0.468117,0.174464,0.01692,0.382547,0.540115,0.314276,0.825536,0.0,0.0,1.0,0.0,4.461333,-102.994654,8.0,2,1
-0.115092,-0.012331,0.086926,0.625299,0.594878,0.4837,0.144756,0.015313,0.414179,0.466274,0.2598,0.855244,0.0,0.0,1.0,0.0,5.121333,-134.648397,7.0,2,2
-0.077051,0.03026,0.05718,0.579104,0.539671,0.496108,0.100609,0.009963,0.396795,0.394649,0.304973,0.899391,0.0,0.0,1.0,0.0,5.991333,-145.452152,7.0,2,2
