mean_x,mean_y,mean_z,std_x,std_y,std_z,R,log_rmsW,rX_ratio,rY_ratio,rZ_ratio,psi,elev_normalized,elev_sin,elev_cos,is_synthetic,time_s,azimuth_deg,az_sector,elev_class,psi_cls
-0.011014,-0.121329,-0.010842,0.528647,0.609361,0.57807,0.12231,0.027901,0.433082,0.9765,0.624701,0.87769,0.833333,0.965926,0.258819,0.0,1.091333,-83.700828,9.0,0,2
-0.086522,-0.206374,0.040798,0.525283,0.609157,0.548829,0.227465,0.032507,0.512799,0.992066,0.619669,0.772534,0.833333,0.965926,0.258819,0.0,1.831333,-52.188281,10.0,2,0
-0.066297,-0.219771,0.070438,0.554605,0.59926,0.524977,0.240117,0.032111,0.566381,0.997538,0.60475,0.759883,0.833333,0.965926,0.258819,0.0,2.651333,-89.907687,9.0,2,0
-0.078559,-0.133209,0.085718,0.569659,0.602801,0.529884,0.176815,0.02251,0.697899,0.982179,0.649905,0.823185,0.833333,0.965926,0.258819,0.0,2.911333,-56.127264,10.0,2,1
-0.074069,-0.128436,0.062943,0.555286,0.615836,0.535116,0.161071,0.020925,0.710467,0.936776,0.689758,0.838929,0.833333,0.965926,0.258819,0.0,3.571333,-103.904364,8.0,2,1
-0.066406,-0.048948,-0.024753,0.582552,0.553954,0.588408,0.08613,0.030866,0.582399,0.436124,0.552787,0.91387,0.833333,0.965926,0.258819,0.0,4.271333,-104.496095,8.0,0,2
-0.144445,0.001766,-0.035256,0.612415,0.534954,0.562667,0.148696,0.029005,0.567578,0.254385,0.482471,0.851304,0.833333,0.965926,0.258819,0.0,5.131333,-108.04254,8.0,0,2
-0.119958,0.028181,-0.043194,0.534247,0.406749,0.48123,0.130575,0.025779,0.563124,0.209682,0.477344,0.869425,0.833333,0.965926,0.258819,0.0,5.861333,-173.632159,6.0,0,2
-0.044794,0.028492,-0.017893,0.276675,0.223845,0.222976,0.056022,0.005343,0.408707,0.18447,0.382308,0.943978,0.833333,0.965926,0.258819,0.0,6.901333,168.456316,5.0,0,2
