mean_x,mean_y,mean_z,std_x,std_y,std_z,R,log_rmsW,rX_ratio,rY_ratio,rZ_ratio,psi,elev_normalized,elev_sin,elev_cos,is_synthetic,time_s,azimuth_deg,az_sector,elev_class,psi_cls
-0.129096,0.031112,0.010686,0.665091,0.598199,0.426551,0.133222,0.018324,0.898065,0.705311,0.351652,0.866778,0.444444,0.642788,0.766044,0.0,0.381333,165.14354,5.0,1,2
-0.139864,0.115698,0.020639,0.609999,0.604751,0.478249,0.182686,0.021024,0.711419,0.814786,0.549963,0.817314,0.444444,0.642788,0.766044,0.0,1.011333,139.729534,4.0,1,1
-0.107596,0.058718,0.05474,0.594159,0.60545,0.512123,0.134243,0.019315,0.582686,0.79039,0.556161,0.865757,0.444444,0.642788,0.766044,0.0,1.291333,163.210122,5.0,2,2
-0.058847,0.138611,0.029045,0.585544,0.589566,0.534752,0.153361,0.021395,0.532429,0.767083,0.58525,0.846639,0.444444,0.642788,0.766044,0.0,1.791333,125.219751,4.0,2,2
-0.028695,0.065424,0.032559,0.5759,0.576341,0.574386,0.07851,0.019268,0.858156,1.12335,0.719235,0.92149,0.444444,0.642788,0.766044,0.0,2.711333,114.911897,3.0,2,2
-0.01272,0.002213,0.007385,0.502869,0.48254,0.455649,0.014874,0.01289,1.177365,1.502122,0.839878,0.985126,0.444444,0.642788,0.766044,0.0,3.621333,75.44367,2.0,1,2
-0.011515,-0.027541,-0.01056,0.366218,0.371791,0.339495,0.031664,0.008528,1.670455,2.165855,1.159371,0.968336,0.444444,0.642788,0.766044,0.0,4.231333,68.881737,2.0,0,2
