mean_x,mean_y,mean_z,std_x,std_y,std_z,R,log_rmsW,rX_ratio,rY_ratio,rZ_ratio,psi,elev_normalized,elev_sin,elev_cos,is_synthetic,time_s,azimuth_deg,az_sector,elev_class,psi_cls
-0.058892,0.133531,-0.027978,0.5951,0.57136,0.545172,0.148599,0.028258,0.569455,0.737025,0.635762,0.851401,0.833333,0.965926,0.258819,0.0,1.261333,145.698445,4.0,0,2
-0.033709,0.07027,0.02048,0.573328,0.613777,0.53659,0.080583,0.026656,0.371757,0.655915,0.56996,0.919417,0.833333,0.965926,0.258819,0.0,2.251333,108.993466,3.0,1,2
-0.029777,0.038542,0.010393,0.545243,0.634752,0.545171,0.049801,0.026807,0.386323,0.752149,0.567118,0.950199,0.833333,0.965926,0.258819,0.0,2.861333,104.215719,3.0,1,2
-0.039449,0.020054,0.003338,0.56281,0.620259,0.544431,0.044379,0.022169,0.41249,0.753839,0.527669,0.955621,0.833333,0.965926,0.258819,0.0,3.121333,90.618361,3.0,1,2
-0.101146,-0.02299,0.006709,0.540109,0.657308,0.515085,0.103942,0.022051,0.548375,0.864524,0.499299,0.896058,0.833333,0.965926,0.258819,0.0,3.661333,81.491558,2.0,1,2
-0.046209,-0.021267,-0.042074,0.494224,0.570899,0.452322,0.066014,0.015825,0.737999,1.068798,0.498143,0.933986,0.833333,0.965926,0.258819,0.0,4.451333,66.425208,2.0,0,2
-0.031235,-0.025915,-0.036537,0.355693,0.405987,0.273629,0.054609,0.007937,1.067223,1.419118,0.488922,0.945391,0.833333,0.965926,0.258819,0.0,5.271333,67.248803,2.0,0,2
