mean_x,mean_y,mean_z,std_x,std_y,std_z,R,log_rmsW,rX_ratio,rY_ratio,rZ_ratio,psi,elev_normalized,elev_sin,elev_cos,is_synthetic,time_s,azimuth_deg,az_sector,elev_class,psi_cls
-0.147746,0.130156,-0.001935,0.607217,0.577259,0.509151,0.196909,0.03172,0.682281,0.595512,0.47777,0.803091,0.833333,0.965926,0.258819,0.0,0.461333,165.689512,5.0,1,1
-0.082582,0.095974,-0.011776,0.619059,0.590914,0.501352,0.127159,0.025286,0.749223,0.726906,0.469225,0.872841,0.833333,0.965926,0.258819,0.0,0.681333,151.500438,5.0,0,2
-0.111594,0.129085,-0.013396,0.571281,0.611374,0.520101,0.17116,0.027264,0.53541,0.808162,0.462004,0.82884,0.833333,0.965926,0.258819,0.0,1.371333,155.817857,5.0,0,1
-0.084228,0.128382,0.025772,0.524958,0.636086,0.543619,0.155694,0.026254,0.49861,0.90292,0.548281,0.844306,0.833333,0.965926,0.258819,0.0,2.061333,124.676016,4.0,2,1
-0.060001,0.137268,-0.0066,0.494336,0.631864,0.577763,0.149954,0.01817,0.41154,0.900802,0.678047,0.850046,0.833333,0.965926,0.258819,0.0,2.981333,111.795347,3.0,0,2
-0.028843,0.098352,0.016669,0.383059,0.508678,0.482485,0.103841,0.012593,0.397319,1.01503,0.832913,0.896159,0.833333,0.965926,0.258819,0.0,3.711333,83.378057,2.0,1,2
0.017726,0.076738,-0.023813,0.22846,0.323003,0.3476,0.08228,0.009125,0.488181,0.898668,0.694081,0.91772,0.833333,0.965926,0.258819,0.0,4.441333,46.310061,1.0,0,2
