mean_x,mean_y,mean_z,std_x,std_y,std_z,R,log_rmsW,rX_ratio,rY_ratio,rZ_ratio,psi,elev_normalized,elev_sin,elev_cos,is_synthetic,time_s,azimuth_deg,az_sector,elev_class,psi_cls
-0.162865,0.112459,-0.031011,0.567744,0.577186,0.551604,0.200335,0.029813,0.513226,0.52775,0.43482,0.799665,0.833333,0.965926,0.258819,0.0,0.701333,163.575768,5.0,0,1
-0.144347,0.154815,-0.012298,0.556045,0.599963,0.534576,0.212026,0.029277,0.414886,0.627388,0.455849,0.787974,0.833333,0.965926,0.258819,0.0,1.651333,137.283964,4.0,0,1
-0.08995,0.170303,-0.030288,0.569116,0.594022,0.533981,0.194965,0.02839,0.422193,0.809122,0.477301,0.805035,0.833333,0.965926,0.258819,0.0,2.311333,129.642393,4.0,0,1
-0.030339,0.07959,-0.038546,0.58041,0.601505,0.540773,0.093492,0.02354,0.428371,0.897124,0.49879,0.906508,0.833333,0.965926,0.258819,0.0,2.601333,133.215252,4.0,0,2
0.069339,0.06209,-0.064102,0.577218,0.62779,0.509746,0.113014,0.023982,0.600642,0.934254,0.468002,0.886986,0.833333,0.965926,0.258819,0.0,3.231333,111.001481,3.0,0,2
0.123221,0.080782,-0.058044,0.566244,0.635064,0.50089,0.158361,0.022573,0.783063,1.085184,0.531783,0.841639,0.833333,0.965926,0.258819,0.0,3.911333,84.429628,2.0,0,1
0.026855,0.02779,0.00197,0.321554,0.369439,0.334947,0.038695,0.011667,0.920733,1.194903,0.69083,0.961305,0.833333,0.965926,0.258819,0.0,5.551333,44.403519,1.0,1,2
