mean_x,mean_y,mean_z,std_x,std_y,std_z,R,log_rmsW,rX_ratio,rY_ratio,rZ_ratio,psi,elev_normalized,elev_sin,elev_cos,is_synthetic,time_s,azimuth_deg,az_sector,elev_class,psi_cls
0.030628,-0.142096,-0.012235,0.590477,0.605545,0.51313,0.145873,0.035605,0.577336,0.788279,0.411694,0.854127,0.444444,0.642788,0.766044,0.0,1.021333,-26.728299,11.0,0,2
-0.042578,-0.227567,0.001914,0.579341,0.602549,0.497605,0.231524,0.038295,0.527583,0.834469,0.382666,0.768476,0.444444,0.642788,0.766044,0.0,1.891333,-95.183319,8.0,1,0
-0.10389,-0.294958,0.037855,0.554877,0.584442,0.501214,0.315002,0.03502,0.520373,0.841897,0.352364,0.684998,0.444444,0.642788,0.766044,0.0,2.721333,-112.405355,8.0,2,0
-0.155215,-0.266064,0.053676,0.562718,0.583934,0.494481,0.312671,0.026206,0.608526,0.884976,0.420685,0.687329,0.444444,0.642788,0.766044,0.0,3.461333,-88.029366,9.0,2,0
-0.137509,-0.201433,0.05632,0.571967,0.597789,0.502713,0.250312,0.020583,0.648459,0.853157,0.455664,0.749688,0.444444,0.642788,0.766044,0.0,3.681333,-124.694157,7.0,2,0
-0.211621,-0.252679,0.004588,0.553469,0.571775,0.507921,0.329623,0.027034,0.746418,0.717658,0.429902,0.670377,0.444444,0.642788,0.766044,0.0,4.261333,-104.544604,8.0,1,0
-0.233027,-0.226836,-0.013061,0.626959,0.538924,0.458774,0.325464,0.024513,0.784794,0.585066,0.365134,0.674536,0.444444,0.642788,0.766044,0.0,5.101333,-124.86432,7.0,0,0
-0.149833,-0.188521,-0.029359,0.553385,0.442249,0.373178,0.242594,0.019848,0.814038,0.604129,0.37607,0.757406,0.444444,0.642788,0.766044,0.0,5.861333,-150.173781,6.0,0,0
