mean_x,mean_y,mean_z,std_x,std_y,std_z,R,log_rmsW,rX_ratio,rY_ratio,rZ_ratio,psi,elev_normalized,elev_sin,elev_cos,is_synthetic,time_s,azimuth_deg,az_sector,elev_class,psi_cls
0.542064,0.225371,0.0,0.428031,0.280468,0.0,0.587048,0.028349,0.857153,0.344734,0.0,0.412952,0.0,0.0,1.0,1.0,0.671333,44.999998,1.0,0,0
0.5751,-0.000976,0.0,0.459325,0.240384,0.0,0.575101,0.03048,0.87895,0.284604,0.0,0.424899,0.0,0.0,1.0,1.0,1.471333,22.500029,0.0,0,0
0.491582,-0.232331,0.0,0.425478,0.28253,0.0,0.543719,0.028857,0.78486,0.487389,0.0,0.456281,0.0,0.0,1.0,1.0,2.371333,0.0,0.0,0,0
0.413186,-0.417134,0.0,0.356744,0.358482,0.0,0.587132,0.033849,0.602019,0.700804,0.0,0.412868,0.0,0.0,1.0,1.0,3.071333,-22.500008,11.0,0,0
0.310099,-0.38089,0.0,0.322376,0.376922,0.0,0.491161,0.030139,0.514789,0.767167,0.0,0.508839,0.0,0.0,1.0,1.0,3.301333,-22.500041,11.0,0,0
0.23097,-0.344598,0.0,0.276451,0.390888,0.0,0.414843,0.028864,0.4923,0.781789,0.0,0.585157,0.0,0.0,1.0,1.0,3.871333,-45.000015,10.0,0,0
0.077651,-0.187435,0.0,0.149462,0.360564,0.0,0.202883,0.021558,0.353553,0.853549,0.0,0.797117,0.0,0.0,1.0,1.0,4.671333,-67.500001,9.0,0,1
