mean_x,mean_y,mean_z,std_x,std_y,std_z,R,log_rmsW,rX_ratio,rY_ratio,rZ_ratio,psi,elev_normalized,elev_sin,elev_cos,is_synthetic,time_s,azimuth_deg,az_sector,elev_class,psi_cls
0.058744,-0.153052,-0.034973,0.616996,0.542929,0.544363,0.167627,0.021695,0.79624,0.605832,0.465789,0.832373,0.444444,0.642788,0.766044,0.0,0.581333,106.967156,3.0,0,1
0.033982,-0.200927,-0.013256,0.590929,0.576594,0.52587,0.204211,0.020081,0.713188,0.698137,0.486055,0.795789,0.444444,0.642788,0.766044,0.0,1.371333,-21.308547,11.0,0,1
-0.009337,-0.163489,0.056496,0.599439,0.614583,0.482527,0.173227,0.018656,0.604008,0.760752,0.489924,0.826773,0.444444,0.642788,0.766044,0.0,2.011333,-39.949261,10.0,2,1
-0.081782,-0.159818,0.068728,0.607615,0.609143,0.471911,0.192234,0.020469,0.788693,1.165962,0.67424,0.807766,0.444444,0.642788,0.766044,0.0,2.781333,-67.908829,9.0,2,1
-0.11398,-0.134538,0.01365,0.608456,0.597419,0.491485,0.176856,0.023148,0.853065,1.049888,0.628728,0.823144,0.444444,0.642788,0.766044,0.0,3.581333,-86.258946,9.0,1,1
-0.180687,-0.180392,-0.021874,0.610968,0.562058,0.495021,0.256257,0.026275,0.80849,0.565295,0.389469,0.743743,0.444444,0.642788,0.766044,0.0,4.591333,-125.710676,7.0,0,0
-0.190052,-0.178185,-0.07178,0.640441,0.51419,0.502305,0.270226,0.030595,0.864819,0.402071,0.378548,0.729774,0.444444,0.642788,0.766044,0.0,5.371333,-152.051214,6.0,0,0
-0.136137,-0.161077,-0.035727,0.576863,0.427492,0.432214,0.213905,0.026521,0.906341,0.372905,0.376454,0.786095,0.444444,0.642788,0.766044,0.0,6.011333,-157.591896,6.0,0,1
-0.057349,-0.05346,-0.046406,0.382622,0.265507,0.312953,0.091106,0.015881,0.858693,0.371114,0.481636,0.908894,0.444444,0.642788,0.766044,0.0,6.861333,-143.559416,7.0,0,2
