mean_x,mean_y,mean_z,std_x,std_y,std_z,R,log_rmsW,rX_ratio,rY_ratio,rZ_ratio,psi,elev_normalized,elev_sin,elev_cos,is_synthetic,time_s,azimuth_deg,az_sector,elev_class,psi_cls
0.202433,0.034177,-0.195354,0.581864,0.572839,0.502728,0.283391,0.009121,0.723319,0.573377,0.514947,0.716609,0.0,0.0,1.0,0.0,0.411333,-22.637231,11.0,0,0
0.142193,-0.089223,-0.138914,0.599013,0.580139,0.50692,0.217892,0.010538,0.647054,0.573251,0.484237,0.782108,0.0,0.0,1.0,0.0,1.161333,-22.911186,11.0,0,1
0.069489,-0.17918,-0.075479,0.619124,0.595,0.468931,0.206474,0.014123,0.578369,0.723282,0.343621,0.793526,0.0,0.0,1.0,0.0,2.051333,-10.200715,11.0,0,1
0.037796,-0.209908,0.002996,0.593856,0.615763,0.471729,0.213305,0.014504,0.501358,0.823611,0.407809,0.786695,0.0,0.0,1.0,0.0,2.791333,-58.470755,10.0,1,1
-0.057061,-0.147335,0.040644,0.58516,0.649148,0.457542,0.163143,0.013589,0.626123,1.181722,0.465864,0.836857,0.0,0.0,1.0,0.0,3.591333,-106.503288,8.0,2,1
-0.160259,-0.120371,0.068218,0.578755,0.634806,0.465839,0.211722,0.012421,0.62352,1.090638,0.46765,0.788278,0.0,0.0,1.0,0.0,4.401333,109.211577,3.0,2,1
-0.108956,-0.075329,0.039493,0.53981,0.561029,0.416075,0.138223,0.010749,0.700867,1.130241,0.401419,0.861777,0.0,0.0,1.0,0.0,5.161333,-118.269953,8.0,2,2
-0.069594,-0.047431,0.041626,0.517853,0.497251,0.405112,0.093946,0.009784,0.53635,0.567581,0.307059,0.906054,0.0,0.0,1.0,0.0,5.381333,162.59667,5.0,2,2
-0.040792,-0.005711,0.017424,0.401783,0.370716,0.295978,0.044723,0.00858,0.455776,0.421719,0.187669,0.955277,0.0,0.0,1.0,0.0,5.981333,-165.292096,6.0,1,2
