mean_x,mean_y,mean_z,std_x,std_y,std_z,R,log_rmsW,rX_ratio,rY_ratio,rZ_ratio,psi,elev_normalized,elev_sin,elev_cos,is_synthetic,time_s,azimuth_deg,az_sector,elev_class,psi_cls
-0.104867,0.065398,0.005065,0.583515,0.56783,0.567173,0.123692,0.036057,0.619126,0.488784,0.468187,0.876308,0.833333,0.965926,0.258819,0.0,0.641333,166.287687,5.0,1,2
-0.11814,0.134743,0.039481,0.562635,0.58256,0.55703,0.183498,0.035377,0.595956,0.685393,0.488825,0.816502,0.833333,0.965926,0.258819,0.0,1.481333,149.045239,4.0,2,1
-0.033016,0.154971,-0.005742,0.537416,0.585746,0.585533,0.158553,0.031249,0.400841,0.704023,0.515011,0.841447,0.833333,0.965926,0.258819,0.0,2.381333,132.21136,4.0,1,1
0.022597,0.16134,-0.022184,0.509455,0.632347,0.559872,0.164418,0.032027,0.395379,0.77508,0.505603,0.835582,0.833333,0.965926,0.258819,0.0,3.031333,109.916475,3.0,0,1
0.041959,0.052733,-0.019454,0.532586,0.63774,0.551887,0.070141,0.027015,0.359581,0.663748,0.429078,0.929859,0.833333,0.965926,0.258819,0.0,3.901333,84.801463,2.0,0,2
0.03501,-0.035541,0.002115,0.504701,0.542062,0.472329,0.049933,0.019526,0.431499,0.676328,0.352466,0.950067,0.833333,0.965926,0.258819,0.0,4.711333,60.907746,2.0,1,2
-0.014993,-0.0445,0.019673,0.378354,0.3813,0.321024,0.050912,0.012901,0.297277,0.463569,0.262599,0.949088,0.833333,0.965926,0.258819,0.0,5.471333,2.782962,0.0,1,2
