mean_x,mean_y,mean_z,std_x,std_y,std_z,R,log_rmsW,rX_ratio,rY_ratio,rZ_ratio,psi,elev_normalized,elev_sin,elev_cos,is_synthetic,time_s,azimuth_deg,az_sector,elev_class,psi_cls
0.161301,-0.265608,-0.032663,0.620534,0.550477,0.462791,0.312462,0.024644,0.812546,0.441811,0.290384,0.687538,0.444444,0.642788,0.766044,0.0,0.321333,-17.95846,11.0,0,0
-0.111911,-0.205796,-0.009418,0.612258,0.587159,0.474615,0.234446,0.030523,0.517646,0.818418,0.367884,0.765554,0.444444,0.642788,0.766044,0.0,2.041333,-98.293465,8.0,0,0
-0.140712,-0.206685,0.003486,0.616149,0.587072,0.461606,0.250062,0.030813,0.531895,0.742958,0.332892,0.749938,0.444444,0.642788,0.766044,0.0,2.671333,-125.894333,7.0,1,0
-0.143114,-0.247037,0.077574,0.580298,0.592511,0.473893,0.295849,0.030712,0.531121,0.780107,0.334849,0.704151,0.444444,0.642788,0.766044,0.0,3.341333,-87.248545,9.0,2,0
-0.196726,-0.28199,0.058955,0.564618,0.558376,0.49765,0.348849,0.035828,0.687429,0.71506,0.368187,0.651151,0.444444,0.642788,0.766044,0.0,4.271333,-119.691715,8.0,2,0
-0.201717,-0.223885,0.024862,0.57599,0.555536,0.517805,0.302377,0.035385,0.712686,0.669116,0.390266,0.697622,0.444444,0.642788,0.766044,0.0,4.941333,-127.679858,7.0,2,0
-0.127631,-0.11585,-0.03185,0.559701,0.513674,0.485991,0.175287,0.024992,0.755297,0.591722,0.441469,0.824713,0.444444,0.642788,0.766044,0.0,5.821333,-133.838132,7.0,0,1
-0.041008,-0.02286,-0.036256,0.420768,0.388807,0.363762,0.059319,0.011188,0.631199,0.323059,0.34753,0.940681,0.444444,0.642788,0.766044,0.0,6.581333,168.075366,5.0,0,2
