mean_x,mean_y,mean_z,std_x,std_y,std_z,R,log_rmsW,rX_ratio,rY_ratio,rZ_ratio,psi,elev_normalized,elev_sin,elev_cos,is_synthetic,time_s,azimuth_deg,az_sector,elev_class,psi_cls
0.383709,0.33273,0.0,0.380458,0.339703,0.0,0.50788,0.021869,0.704558,0.597622,0.0,0.49212,0.0,0.0,1.0,1.0,0.381333,67.499994,2.0,0,0
0.5322,0.213403,0.0,0.431223,0.274617,0.0,0.573391,0.025598,0.846118,0.370996,0.0,0.426609,0.0,0.0,1.0,1.0,1.041333,44.999998,1.0,0,0
0.440917,0.12148,0.0,0.458039,0.202975,0.0,0.457346,0.022667,0.892535,0.23861,0.0,0.542654,0.0,0.0,1.0,1.0,1.301333,44.999999,1.0,0,0
0.575025,-0.006092,0.0,0.455922,0.239541,0.0,0.575057,0.025919,0.887825,0.255576,0.0,0.424943,0.0,0.0,1.0,1.0,1.831333,22.500003,0.0,0,0
0.522881,-0.228949,0.0,0.426279,0.283477,0.0,0.570809,0.026662,0.814233,0.436552,0.0,0.429191,0.0,0.0,1.0,1.0,2.651333,0.0,0.0,0,0
0.268518,-0.202242,0.0,0.364148,0.283314,0.0,0.33616,0.018143,0.707753,0.593835,0.0,0.66384,0.0,0.0,1.0,1.0,3.571333,-22.500015,11.0,0,0
0.151157,-0.151186,0.0,0.279301,0.279347,0.0,0.213789,0.014851,0.653283,0.653283,0.0,0.786211,0.0,0.0,1.0,1.0,4.211333,-45.00002,10.0,0,1
