mean_x,mean_y,mean_z,std_x,std_y,std_z,R,log_rmsW,rX_ratio,rY_ratio,rZ_ratio,psi,elev_normalized,elev_sin,elev_cos,is_synthetic,time_s,azimuth_deg,az_sector,elev_class,psi_cls
0.22184,-0.083765,-0.154094,0.546451,0.604325,0.505815,0.282798,0.009177,0.624519,0.549581,0.510497,0.717202,0.0,0.0,1.0,0.0,0.441333,-17.483333,11.0,0,0
0.119854,-0.109307,-0.14028,0.58348,0.587553,0.517733,0.214456,0.014077,0.491751,0.537925,0.507363,0.785544,0.0,0.0,1.0,0.0,1.301333,22.932565,0.0,0,1
0.053347,-0.039135,-0.074471,0.59157,0.627583,0.496031,0.099616,0.014578,0.473988,0.748909,0.465137,0.900384,0.0,0.0,1.0,0.0,2.151333,-6.551161,11.0,0,2
-0.015461,-0.028962,-0.044253,0.597023,0.640902,0.479004,0.055101,0.010016,0.531219,1.132699,0.43022,0.944898,0.0,0.0,1.0,0.0,3.021333,-50.910215,10.0,0,2
-0.082706,-0.048676,-0.015018,0.618357,0.640449,0.44461,0.097135,0.009314,0.641065,1.202268,0.444733,0.902865,0.0,0.0,1.0,0.0,3.651333,-61.964329,9.0,0,2
-0.160369,-0.13717,0.014347,0.617815,0.59534,0.467803,0.211517,0.013904,0.502658,0.633468,0.321594,0.788483,0.0,0.0,1.0,0.0,4.451333,-110.12409,8.0,1,1
-0.06689,-0.091757,0.070869,0.629055,0.566082,0.515502,0.133851,0.013359,0.509345,0.461419,0.305458,0.866149,0.0,0.0,1.0,0.0,5.241333,-140.475921,7.0,2,2
-0.032617,-0.038156,0.074508,0.612132,0.568861,0.534638,0.08984,0.012853,0.466539,0.404679,0.288418,0.91016,0.0,0.0,1.0,0.0,5.521333,-150.441857,6.0,2,2
0.048783,-0.0085,0.06752,0.481349,0.453888,0.466481,0.083732,0.008802,0.416655,0.327022,0.353636,0.916268,0.0,0.0,1.0,0.0,6.181333,128.699939,4.0,2,2
