mean_x,mean_y,mean_z,std_x,std_y,std_z,R,log_rmsW,rX_ratio,rY_ratio,rZ_ratio,psi,elev_normalized,elev_sin,elev_cos,is_synthetic,time_s,azimuth_deg,az_sector,elev_class,psi_cls
-0.224265,-0.453518,0.0,0.28547,0.429663,0.0,0.505938,0.025177,0.475849,0.79191,0.0,0.494062,0.0,0.0,1.0,1.0,0.551333,-90.0,9.0,0,0
-0.396614,-0.355806,0.0,0.375802,0.349211,0.0,0.532823,0.024427,0.640263,0.666045,0.0,0.467177,0.0,0.0,1.0,1.0,1.321333,-112.499993,8.0,0,0
-0.53528,-0.209883,0.0,0.429948,0.274868,0.0,0.574957,0.023929,0.835588,0.394139,0.0,0.425043,0.0,0.0,1.0,1.0,2.041333,-135.000001,7.0,0,0
-0.592159,-0.000763,0.0,0.447804,0.243464,0.0,0.592159,0.027416,0.877757,0.288264,0.0,0.407841,0.0,0.0,1.0,1.0,2.801333,-157.500001,6.0,0,0
-0.571202,0.236496,0.0,0.409278,0.281668,0.0,0.618225,0.030892,0.805109,0.453158,0.0,0.381775,0.0,0.0,1.0,1.0,3.601333,180.0,6.0,0,0
-0.454973,0.461635,0.0,0.326104,0.337992,0.0,0.648157,0.029702,0.650175,0.656374,0.0,0.351843,0.0,0.0,1.0,1.0,4.461333,157.499997,5.0,0,0
-0.202153,0.533589,0.0,0.252991,0.42155,0.0,0.570598,0.026182,0.370826,0.846192,0.0,0.429402,0.0,0.0,1.0,1.0,5.381333,134.999998,4.0,0,0
-0.077256,0.397684,0.0,0.14747,0.461232,0.0,0.405119,0.021907,0.233092,0.893992,0.0,0.594881,0.0,0.0,1.0,1.0,6.031333,112.5,3.0,0,0
0.0,0.200839,0.0,0.0,0.398597,0.0,0.200839,0.015102,0.0,0.923879,0.0,0.799161,0.0,0.0,1.0,1.0,6.811333,90.0,3.0,0,1
