mean_x,mean_y,mean_z,std_x,std_y,std_z,R,log_rmsW,rX_ratio,rY_ratio,rZ_ratio,psi,elev_normalized,elev_sin,elev_cos,is_synthetic,time_s,azimuth_deg,az_sector,elev_class,psi_cls
0.410548,0.406838,0.0,0.365976,0.361498,0.0,0.577985,0.026523,0.679712,0.625736,0.0,0.422015,0.0,0.0,1.0,1.0,0.531333,67.499986,2.0,0,0
0.549062,0.223581,0.0,0.420464,0.275623,0.0,0.592838,0.024312,0.823783,0.418252,0.0,0.407162,0.0,0.0,1.0,1.0,1.341333,45.000064,1.0,0,0
0.594751,0.004015,0.0,0.444841,0.244338,0.0,0.594764,0.030472,0.864075,0.326997,0.0,0.405236,0.0,0.0,1.0,1.0,2.131333,22.499997,0.0,0,0
0.425139,-0.233912,0.0,0.410026,0.280074,0.0,0.48524,0.025508,0.843502,0.376905,0.0,0.51476,0.0,0.0,1.0,1.0,3.201333,0.0,0.0,0,0
0.42558,-0.41453,0.0,0.353664,0.360296,0.0,0.594099,0.031222,0.657544,0.648991,0.0,0.405901,0.0,0.0,1.0,1.0,3.741333,-22.500014,11.0,0,0
0.305568,-0.364944,0.0,0.319182,0.386556,0.0,0.475978,0.023531,0.450606,0.80654,0.0,0.524022,0.0,0.0,1.0,1.0,4.001333,-22.50003,11.0,0,0
0.21443,-0.322758,0.0,0.281448,0.402378,0.0,0.387495,0.022331,0.390573,0.837261,0.0,0.612505,0.0,0.0,1.0,1.0,4.541333,-45.000031,10.0,0,0
0.066918,-0.161491,0.0,0.144899,0.349743,0.0,0.174807,0.017493,0.353553,0.853553,0.0,0.825193,0.0,0.0,1.0,1.0,5.381333,-67.500002,9.0,0,1
