mean_x,mean_y,mean_z,std_x,std_y,std_z,R,log_rmsW,rX_ratio,rY_ratio,rZ_ratio,psi,elev_normalized,elev_sin,elev_cos,is_synthetic,time_s,azimuth_deg,az_sector,elev_class,psi_cls
-0.170396,0.121437,0.027177,0.561962,0.589226,0.540736,0.210998,0.029812,0.587663,0.528878,0.467594,0.789002,0.833333,0.965926,0.258819,0.0,0.451333,170.160622,5.0,2,1
-0.107601,0.107204,0.040702,0.548265,0.607927,0.552263,0.157249,0.029287,0.522287,0.605369,0.535458,0.842751,0.833333,0.965926,0.258819,0.0,1.181333,142.685961,4.0,2,1
-0.06642,0.082557,0.006824,0.569344,0.606601,0.544486,0.106179,0.02281,0.562501,0.781978,0.68949,0.893821,0.833333,0.965926,0.258819,0.0,2.031333,130.476307,4.0,1,2
-0.00445,0.101795,-0.003747,0.544774,0.602099,0.574625,0.101961,0.019874,0.461287,0.872949,0.71158,0.898039,0.833333,0.965926,0.258819,0.0,2.891333,113.757456,3.0,1,2
0.022344,0.118276,-0.004271,0.541447,0.586047,0.590569,0.120443,0.01956,0.514741,0.854415,0.732632,0.879557,0.833333,0.965926,0.258819,0.0,3.571333,75.035408,2.0,1,2
0.031975,0.112174,-0.004831,0.540036,0.569864,0.56953,0.116742,0.016251,0.505157,0.784379,0.65132,0.883258,0.833333,0.965926,0.258819,0.0,3.851333,111.488729,3.0,1,2
0.008437,0.073979,0.006399,0.42457,0.484041,0.478815,0.074733,0.012134,0.493304,0.710327,0.635687,0.925267,0.833333,0.965926,0.258819,0.0,4.461333,72.445963,2.0,1,2
0.014252,0.027881,-0.003287,0.311469,0.321423,0.305228,0.031484,0.007018,0.681311,0.46742,0.642421,0.968516,0.833333,0.965926,0.258819,0.0,5.171333,22.949023,0.0,1,2
