mean_x,mean_y,mean_z,std_x,std_y,std_z,R,log_rmsW,rX_ratio,rY_ratio,rZ_ratio,psi,elev_normalized,elev_sin,elev_cos,is_synthetic,time_s,azimuth_deg,az_sector,elev_class,psi_cls
0.171538,-0.29608,-0.008066,0.61335,0.52268,0.483072,0.342277,0.023788,0.848039,0.461006,0.278694,0.657723,0.444444,0.642788,0.766044,0.0,0.561333,-14.93661,11.0,0,0
-0.065787,-0.225873,-0.024128,0.624941,0.575477,0.471411,0.236492,0.028281,0.610637,0.945837,0.361897,0.763508,0.444444,0.642788,0.766044,0.0,2.281333,-90.653335,8.0,0,0
-0.129033,-0.223795,-0.013848,0.608367,0.582853,0.472405,0.258699,0.028204,0.560888,0.844827,0.35726,0.741301,0.444444,0.642788,0.766044,0.0,2.911333,-114.970246,8.0,0,0
-0.163362,-0.269359,0.051708,0.566813,0.582771,0.48696,0.319241,0.028991,0.570581,0.834335,0.37231,0.680759,0.444444,0.642788,0.766044,0.0,3.581333,-83.17209,9.0,2,0
-0.197976,-0.29894,0.02169,0.552643,0.537424,0.52598,0.359208,0.035825,0.708412,0.713108,0.418134,0.640792,0.444444,0.642788,0.766044,0.0,4.541333,-112.937739,8.0,1,0
-0.187505,-0.215114,-0.017612,0.576678,0.548292,0.533847,0.285906,0.036565,0.725881,0.665883,0.415352,0.714094,0.444444,0.642788,0.766044,0.0,5.181333,-131.801586,7.0,0,0
-0.107038,-0.075326,-0.043822,0.535914,0.48142,0.436575,0.138027,0.027165,0.726278,0.564026,0.444779,0.861973,0.444444,0.642788,0.766044,0.0,6.051333,-132.791512,7.0,0,2
-0.041993,0.016773,-0.029245,0.386333,0.334125,0.291326,0.053852,0.010674,0.577253,0.338509,0.320345,0.946148,0.444444,0.642788,0.766044,0.0,6.811333,161.695809,5.0,0,2
