mean_x,mean_y,mean_z,std_x,std_y,std_z,R,log_rmsW,rX_ratio,rY_ratio,rZ_ratio,psi,elev_normalized,elev_sin,elev_cos,is_synthetic,time_s,azimuth_deg,az_sector,elev_class,psi_cls
-0.0185,-0.211695,0.021305,0.653228,0.538981,0.486908,0.213567,0.022769,0.635331,0.618013,0.447764,0.786433,0.444444,0.642788,0.766044,0.0,0.351333,94.152833,3.0,1,1
-0.075863,-0.222879,0.032171,0.644121,0.552592,0.472392,0.237624,0.029633,0.654794,0.816914,0.474413,0.762376,0.444444,0.642788,0.766044,0.0,1.111333,-35.978049,10.0,2,0
-0.095227,-0.243202,0.03669,0.604069,0.557813,0.504279,0.263746,0.028961,0.661506,0.85843,0.563429,0.736254,0.444444,0.642788,0.766044,0.0,1.901333,-49.945775,10.0,2,0
-0.080153,-0.27588,0.041117,0.571862,0.576232,0.506612,0.290215,0.041122,0.450694,0.805818,0.353723,0.709785,0.444444,0.642788,0.766044,0.0,2.761333,-131.056859,7.0,2,0
-0.192151,-0.222158,-0.053579,0.594378,0.563299,0.490059,0.298575,0.034005,0.544197,0.732911,0.290043,0.701425,0.444444,0.642788,0.766044,0.0,4.461333,-82.009871,9.0,0,0
-0.213827,-0.148199,-0.088709,0.616305,0.522973,0.520596,0.274871,0.023065,0.770708,0.509605,0.360665,0.725129,0.444444,0.642788,0.766044,0.0,5.201333,-127.703055,7.0,0,0
-0.143814,-0.105885,-0.087287,0.626353,0.493782,0.502178,0.198779,0.019135,0.841952,0.480338,0.383004,0.801221,0.444444,0.642788,0.766044,0.0,5.901333,-157.273969,6.0,0,1
-0.069169,-0.07871,-0.057287,0.585736,0.461393,0.482289,0.119421,0.013114,0.884222,0.437608,0.423215,0.880579,0.444444,0.642788,0.766044,0.0,6.151333,-141.112429,7.0,0,2
0.002857,-0.024473,-0.036694,0.471152,0.373192,0.380367,0.044199,0.009101,0.722439,0.401359,0.426309,0.955801,0.444444,0.642788,0.766044,0.0,6.741333,-160.517285,6.0,0,2
