mean_x,mean_y,mean_z,std_x,std_y,std_z,R,log_rmsW,rX_ratio,rY_ratio,rZ_ratio,psi,elev_normalized,elev_sin,elev_cos,is_synthetic,time_s,azimuth_deg,az_sector,elev_class,psi_cls
0.402227,0.38609,0.0,0.36692,0.345724,0.0,0.557541,0.025389,0.723741,0.57424,0.0,0.442459,0.0,0.0,1.0,1.0,0.531333,67.499996,2.0,0,0
0.53626,0.222068,0.0,0.431067,0.280916,0.0,0.580421,0.028456,0.825776,0.414304,0.0,0.419579,0.0,0.0,1.0,1.0,1.251333,44.999998,1.0,0,0
0.548485,-0.027596,0.0,0.449244,0.22141,0.0,0.549179,0.026538,0.881675,0.276048,0.0,0.450821,0.0,0.0,1.0,1.0,2.171333,22.5,0.0,0,0
0.464514,-0.234267,0.0,0.405512,0.279722,0.0,0.520244,0.031433,0.770476,0.509824,0.0,0.479756,0.0,0.0,1.0,1.0,3.061333,0.0,0.0,0,0
0.418936,-0.415447,0.0,0.355129,0.357571,0.0,0.590003,0.035187,0.628823,0.676856,0.0,0.409997,0.0,0.0,1.0,1.0,3.651333,-22.500017,11.0,0,0
0.215135,-0.327242,0.0,0.271219,0.391558,0.0,0.391626,0.028292,0.512948,0.768399,0.0,0.608374,0.0,0.0,1.0,1.0,4.491333,-45.000012,10.0,0,0
0.069584,-0.168275,0.0,0.143664,0.346711,0.0,0.182095,0.018503,0.353553,0.853556,0.0,0.817905,0.0,0.0,1.0,1.0,5.291333,-67.500001,9.0,0,1
