mean_x,mean_y,mean_z,std_x,std_y,std_z,R,log_rmsW,rX_ratio,rY_ratio,rZ_ratio,psi,elev_normalized,elev_sin,elev_cos,is_synthetic,time_s,azimuth_deg,az_sector,elev_class,psi_cls
-0.177752,0.13691,0.027321,0.617184,0.57077,0.492104,0.226023,0.028458,0.831895,0.644655,0.381996,0.773977,0.444444,0.642788,0.766044,0.0,0.431333,161.055707,5.0,2,0
-0.13618,0.096896,0.09772,0.601685,0.580946,0.512765,0.193606,0.024662,0.777811,0.712012,0.377543,0.806394,0.444444,0.642788,0.766044,0.0,0.691333,176.685729,5.0,2,1
-0.09588,0.11488,0.008655,0.556879,0.610054,0.54333,0.149884,0.024688,0.653417,0.772642,0.485604,0.850116,0.444444,0.642788,0.766044,0.0,1.241333,139.401761,4.0,1,2
0.00375,0.142776,0.042836,0.55011,0.613855,0.546119,0.149111,0.026331,0.411073,0.615205,0.458975,0.850889,0.444444,0.642788,0.766044,0.0,2.161333,125.589405,4.0,2,2
0.133019,0.102812,0.061936,0.454254,0.429801,0.458973,0.179166,0.023019,0.557983,0.567681,0.391398,0.820834,0.444444,0.642788,0.766044,0.0,3.741333,58.049548,1.0,2,1
0.105875,0.048754,0.045529,0.305936,0.245019,0.345835,0.125137,0.016517,0.713667,0.662158,0.433062,0.874862,0.444444,0.642788,0.766044,0.0,4.431333,41.591389,1.0,2,2
