mean_x,mean_y,mean_z,std_x,std_y,std_z,R,log_rmsW,rX_ratio,rY_ratio,rZ_ratio,psi,elev_normalized,elev_sin,elev_cos,is_synthetic,time_s,azimuth_deg,az_sector,elev_class,psi_cls
0.400748,0.371339,0.0,0.368757,0.339869,0.0,0.546344,0.032389,0.739203,0.554195,0.0,0.453656,0.0,0.0,1.0,1.0,0.421333,67.499994,2.0,0,0
0.523675,0.198122,0.0,0.431143,0.268311,0.0,0.5599,0.033116,0.838416,0.388089,0.0,0.4401,0.0,0.0,1.0,1.0,1.151333,44.999997,1.0,0,0
0.577436,-0.002657,0.0,0.447092,0.237622,0.0,0.577442,0.032851,0.872627,0.303439,0.0,0.422558,0.0,0.0,1.0,1.0,1.911333,22.500003,0.0,0,0
0.53397,-0.226131,0.0,0.425143,0.288322,0.0,0.579879,0.029382,0.791986,0.475722,0.0,0.420121,0.0,0.0,1.0,1.0,2.701333,0.0,0.0,0,0
0.370419,-0.391835,0.0,0.360216,0.376442,0.0,0.539208,0.02668,0.66779,0.638444,0.0,0.460792,0.0,0.0,1.0,1.0,3.561333,-22.500016,11.0,0,0
0.194521,-0.301045,0.0,0.272677,0.40019,0.0,0.358423,0.019465,0.556164,0.737723,0.0,0.641577,0.0,0.0,1.0,1.0,4.361333,-45.000018,10.0,0,0
0.072279,-0.174412,0.0,0.149329,0.360509,0.0,0.188795,0.010658,0.353553,0.853545,0.0,0.811205,0.0,0.0,1.0,1.0,5.091333,-67.500002,9.0,0,1
