mean_x,mean_y,mean_z,std_x,std_y,std_z,R,log_rmsW,rX_ratio,rY_ratio,rZ_ratio,psi,elev_normalized,elev_sin,elev_cos,is_synthetic,time_s,azimuth_deg,az_sector,elev_class,psi_cls
0.046202,-0.278857,0.008657,0.564594,0.545664,0.550826,0.282791,0.033431,0.536746,0.695546,0.360033,0.717209,0.444444,0.642788,0.766044,0.0,1.001333,-67.914798,9.0,1,0
0.07216,-0.317894,0.029715,0.558813,0.552342,0.524786,0.327333,0.036454,0.558011,0.719995,0.38003,0.672667,0.444444,0.642788,0.766044,0.0,1.751333,-44.134353,10.0,2,0
0.013353,-0.299472,0.023789,0.565223,0.565947,0.519333,0.300712,0.034026,0.545552,0.726313,0.354508,0.699288,0.444444,0.642788,0.766044,0.0,1.981333,-78.427356,9.0,2,0
-0.074241,-0.319249,0.073381,0.558853,0.582043,0.485812,0.335882,0.032767,0.528681,0.714006,0.347251,0.664118,0.444444,0.642788,0.766044,0.0,2.591333,-70.634543,9.0,2,0
-0.145803,-0.195557,0.008045,0.574656,0.580396,0.522757,0.244061,0.023207,0.579738,0.699405,0.40967,0.755939,0.444444,0.642788,0.766044,0.0,3.381333,-60.03868,9.0,1,0
-0.209073,-0.17779,-0.039049,0.561277,0.570558,0.531542,0.27721,0.028648,0.502976,0.578252,0.252244,0.72279,0.444444,0.642788,0.766044,0.0,4.131333,-109.181903,8.0,0,0
-0.216746,-0.13644,-0.050819,0.564552,0.560796,0.5464,0.261108,0.026533,0.51191,0.534915,0.227344,0.738892,0.444444,0.642788,0.766044,0.0,4.371333,-86.383082,9.0,0,0
-0.122027,-0.028071,-0.003244,0.552638,0.53855,0.477212,0.125256,0.026707,0.646401,0.446644,0.320324,0.874744,0.444444,0.642788,0.766044,0.0,5.831333,-115.923915,8.0,1,2
-0.046375,-0.011344,0.002624,0.415128,0.397496,0.333591,0.047815,0.012849,0.751899,0.421632,0.352509,0.952185,0.444444,0.642788,0.766044,0.0,6.621333,166.87012,5.0,1,2
