mean_x,mean_y,mean_z,std_x,std_y,std_z,R,log_rmsW,rX_ratio,rY_ratio,rZ_ratio,psi,elev_normalized,elev_sin,elev_cos,is_synthetic,time_s,azimuth_deg,az_sector,elev_class,psi_cls
-0.161601,0.085175,-0.020207,0.562294,0.589611,0.549843,0.183788,0.021335,0.57145,0.5789,0.481366,0.816212,0.833333,0.965926,0.258819,0.0,0.371333,151.438095,5.0,0,1
-0.128016,0.095566,-0.007635,0.569425,0.59176,0.547635,0.159936,0.022273,0.630258,0.767983,0.656377,0.840064,0.833333,0.965926,0.258819,0.0,1.041333,139.351257,4.0,0,1
-0.079091,0.044081,-0.009246,0.586608,0.588914,0.548338,0.091017,0.019229,0.671833,0.835823,0.705051,0.908983,0.833333,0.965926,0.258819,0.0,1.291333,137.795567,4.0,0,2
-0.067107,0.112076,-0.011679,0.579609,0.617485,0.515235,0.131151,0.022089,0.676188,0.969955,0.640957,0.868849,0.833333,0.965926,0.258819,0.0,1.801333,127.264765,4.0,0,2
0.012758,0.11577,-0.065265,0.572677,0.609143,0.532078,0.13351,0.023409,0.868801,1.259179,0.849106,0.86649,0.833333,0.965926,0.258819,0.0,2.651333,114.895314,3.0,0,2
-0.00934,0.036148,-0.042893,0.482281,0.524647,0.455486,0.056865,0.016933,1.014028,1.462158,1.003957,0.943135,0.833333,0.965926,0.258819,0.0,3.571333,100.226819,3.0,0,2
0.00987,0.022074,-0.019026,0.336997,0.401219,0.350823,0.030768,0.014712,1.101696,1.549996,1.125131,0.969232,0.833333,0.965926,0.258819,0.0,4.211333,64.380352,2.0,0,2
