mean_x,mean_y,mean_z,std_x,std_y,std_z,R,log_rmsW,rX_ratio,rY_ratio,rZ_ratio,psi,elev_normalized,elev_sin,elev_cos,is_synthetic,time_s,azimuth_deg,az_sector,elev_class,psi_cls
0.198291,-0.023482,-0.122206,0.566584,0.635916,0.46866,0.234105,0.011746,0.676991,0.614785,0.32158,0.765895,0.0,0.0,1.0,0.0,1.011333,1.946611,0.0,0,0
0.175931,-0.078726,-0.093489,0.544325,0.661763,0.468718,0.214219,0.01168,0.633313,1.107991,0.334884,0.785781,0.0,0.0,1.0,0.0,1.771333,-28.93898,11.0,0,1
0.106629,-0.159908,-0.067046,0.598964,0.644308,0.429455,0.203557,0.010211,0.695243,1.388726,0.329443,0.796443,0.0,0.0,1.0,0.0,2.551333,-32.658634,10.0,0,1
-0.007948,-0.191613,-0.026224,0.632153,0.621394,0.420178,0.193563,0.010258,0.693395,1.361973,0.314377,0.806437,0.0,0.0,1.0,0.0,3.321333,-69.320731,9.0,0,1
-0.016929,-0.141186,-0.038255,0.642535,0.605497,0.445601,0.147253,0.008974,0.64909,1.005912,0.260681,0.852747,0.0,0.0,1.0,0.0,3.551333,-58.32936,10.0,0,2
-0.069902,-0.111802,-0.015037,0.622408,0.617321,0.462204,0.13271,0.012265,0.52505,0.730708,0.228074,0.86729,0.0,0.0,1.0,0.0,4.131333,-150.892023,6.0,0,2
-0.050331,-0.047928,0.032139,0.619494,0.581479,0.521531,0.076571,0.011624,0.531075,0.466577,0.37139,0.923428,0.0,0.0,1.0,0.0,4.931333,-141.099094,7.0,2,2
-0.015773,-0.013583,0.046683,0.542434,0.55023,0.478421,0.051113,0.006221,0.655219,0.562132,0.618279,0.948887,0.0,0.0,1.0,0.0,5.851333,-91.703274,8.0,2,2
