mean_x,mean_y,mean_z,std_x,std_y,std_z,R,log_rmsW,rX_ratio,rY_ratio,rZ_ratio,psi,elev_normalized,elev_sin,elev_cos,is_synthetic,time_s,azimuth_deg,az_sector,elev_class,psi_cls
0.408272,0.405695,0.0,0.368212,0.364996,0.0,0.575564,0.029849,0.714154,0.586121,0.0,0.424436,0.0,0.0,1.0,1.0,0.621333,67.499994,2.0,0,0
0.502115,0.187863,0.0,0.442728,0.262797,0.0,0.536108,0.028655,0.834314,0.396828,0.0,0.463892,0.0,0.0,1.0,1.0,1.521333,44.999999,1.0,0,0
0.578008,0.001212,0.0,0.457663,0.243019,0.0,0.578009,0.027321,0.875672,0.294537,0.0,0.421991,0.0,0.0,1.0,1.0,2.221333,22.500004,0.0,0,0
0.538929,-0.227984,0.0,0.426365,0.284291,0.0,0.585168,0.021343,0.829152,0.407505,0.0,0.414832,0.0,0.0,1.0,1.0,3.031333,0.0,0.0,0,0
0.422777,-0.416417,0.0,0.361129,0.364011,0.0,0.593417,0.020828,0.625619,0.679819,0.0,0.406583,0.0,0.0,1.0,1.0,3.821333,-22.500014,11.0,0,0
0.043085,-0.104254,0.0,0.118751,0.286735,0.0,0.112806,0.010613,0.353553,0.853553,0.0,0.887194,0.0,0.0,1.0,1.0,5.611333,-67.5,9.0,0,2
