mean_x,mean_y,mean_z,std_x,std_y,std_z,R,log_rmsW,rX_ratio,rY_ratio,rZ_ratio,psi,elev_normalized,elev_sin,elev_cos,is_synthetic,time_s,azimuth_deg,az_sector,elev_class,psi_cls
-0.149985,0.095656,0.001213,0.633931,0.563567,0.498781,0.177896,0.025857,0.725531,0.702308,0.569868,0.822104,0.833333,0.965926,0.258819,0.0,0.631333,166.815703,5.0,1,1
-0.088792,0.024182,0.040456,0.59867,0.583777,0.539048,0.100525,0.025498,0.604208,0.716213,0.5537,0.899475,0.833333,0.965926,0.258819,0.0,1.501333,134.222324,4.0,2,2
-0.042847,0.06436,0.043179,0.565914,0.620293,0.535762,0.088558,0.025781,0.382085,0.689064,0.46536,0.911442,0.833333,0.965926,0.258819,0.0,2.231333,130.222002,4.0,2,2
0.094781,0.098079,0.011417,0.613613,0.574133,0.524427,0.136869,0.020823,0.570074,0.69442,0.426629,0.863131,0.833333,0.965926,0.258819,0.0,3.041333,93.523001,3.0,1,2
0.164223,0.087342,-0.059482,0.633983,0.556819,0.499778,0.195284,0.019735,0.827017,0.704849,0.468721,0.804716,0.833333,0.965926,0.258819,0.0,3.821333,91.319512,3.0,0,1
0.140922,0.054485,-0.011028,0.651393,0.542204,0.508573,0.15149,0.017097,0.944581,0.641243,0.461583,0.84851,0.833333,0.965926,0.258819,0.0,4.051333,89.972239,2.0,0,2
0.119577,0.066349,0.018971,0.610387,0.46229,0.461472,0.138061,0.014849,1.082166,0.612511,0.498624,0.861939,0.833333,0.965926,0.258819,0.0,4.621333,54.568818,1.0,1,2
-0.019722,-0.007835,0.035626,0.327754,0.303605,0.327201,0.041468,0.006396,1.505526,0.813152,0.753908,0.958532,0.833333,0.965926,0.258819,0.0,5.641333,9.318798,0.0,2,2
