mean_x,mean_y,mean_z,std_x,std_y,std_z,R,log_rmsW,rX_ratio,rY_ratio,rZ_ratio,psi,elev_normalized,elev_sin,elev_cos,is_synthetic,time_s,azimuth_deg,az_sector,elev_class,psi_cls
-0.240942,-0.525183,0.0,0.28286,0.412523,0.0,0.577815,0.028239,0.477109,0.791151,0.0,0.422185,0.0,0.0,1.0,1.0,0.391333,-90.0,9.0,0,0
-0.423654,-0.365988,0.0,0.361863,0.321688,0.0,0.559848,0.036456,0.774572,0.503578,0.0,0.440152,0.0,0.0,1.0,1.0,1.291333,-112.499992,8.0,0,0
-0.575251,-0.247148,0.0,0.402381,0.276008,0.0,0.626096,0.038421,0.834567,0.396298,0.0,0.373904,0.0,0.0,1.0,1.0,1.921333,-135.000002,7.0,0,0
-0.586081,0.009336,0.0,0.43555,0.23703,0.0,0.586156,0.033444,0.873586,0.300666,0.0,0.413844,0.0,0.0,1.0,1.0,2.791333,-157.500003,6.0,0,0
-0.480459,0.053514,0.0,0.451896,0.191233,0.0,0.48343,0.024736,0.890145,0.247376,0.0,0.51657,0.0,0.0,1.0,1.0,3.021333,-157.500004,6.0,0,0
-0.448575,0.22407,0.0,0.420218,0.283086,0.0,0.501425,0.022889,0.804734,0.453825,0.0,0.498575,0.0,0.0,1.0,1.0,3.721333,180.0,6.0,0,0
-0.380427,0.398438,0.0,0.358548,0.372411,0.0,0.550888,0.02373,0.613613,0.690675,0.0,0.449112,0.0,0.0,1.0,1.0,4.391333,157.499998,5.0,0,0
-0.213334,0.52813,0.0,0.28014,0.436633,0.0,0.56959,0.021284,0.429281,0.81809,0.0,0.43041,0.0,0.0,1.0,1.0,5.131333,134.999999,4.0,0,0
-0.068785,0.376889,0.0,0.145674,0.461224,0.0,0.383114,0.016131,0.289191,0.877452,0.0,0.616886,0.0,0.0,1.0,1.0,5.961333,112.5,3.0,0,0
