mean_x,mean_y,mean_z,std_x,std_y,std_z,R,log_rmsW,rX_ratio,rY_ratio,rZ_ratio,psi,elev_normalized,elev_sin,elev_cos,is_synthetic,time_s,azimuth_deg,az_sector,elev_class,psi_cls
0.031862,-0.243467,-0.000285,0.525865,0.624922,0.522054,0.245543,0.026595,0.386411,1.01418,0.626027,0.754457,0.833333,0.965926,0.258819,0.0,1.191333,-38.254236,10.0,1,0
0.065231,-0.192405,0.039885,0.589218,0.617917,0.477539,0.20704,0.026921,0.422842,1.024693,0.618678,0.79296,0.833333,0.965926,0.258819,0.0,2.241333,-71.654725,9.0,2,1
0.038513,-0.237172,0.032338,0.592052,0.599031,0.481435,0.242445,0.027845,0.448387,0.904109,0.559346,0.757555,0.833333,0.965926,0.258819,0.0,2.901333,-99.961294,8.0,2,0
0.012314,-0.210264,0.018327,0.59002,0.579359,0.520994,0.21142,0.028518,0.509564,0.678731,0.498498,0.78858,0.833333,0.965926,0.258819,0.0,3.581333,-80.10799,9.0,1,1
-0.07536,-0.105806,-0.061438,0.573035,0.537905,0.601298,0.143697,0.041301,0.557604,0.381539,0.4973,0.856303,0.833333,0.965926,0.258819,0.0,4.441333,-110.504032,8.0,0,2
-0.085001,-0.031009,-0.063616,0.590926,0.532418,0.595821,0.110606,0.039082,0.575152,0.299712,0.48967,0.889394,0.833333,0.965926,0.258819,0.0,4.711333,-86.707247,9.0,0,2
-0.142203,-0.009736,-0.082151,0.589372,0.522391,0.593807,0.164515,0.036739,0.620358,0.304084,0.505038,0.835485,0.833333,0.965926,0.258819,0.0,5.391333,-97.082865,8.0,0,1
-0.084843,0.001097,-0.053081,0.502175,0.453489,0.470672,0.100085,0.025735,0.580863,0.357204,0.499522,0.899915,0.833333,0.965926,0.258819,0.0,6.131333,168.12029,5.0,0,2
