mean_x,mean_y,mean_z,std_x,std_y,std_z,R,log_rmsW,rX_ratio,rY_ratio,rZ_ratio,psi,elev_normalized,elev_sin,elev_cos,is_synthetic,time_s,azimuth_deg,az_sector,elev_class,psi_cls
-0.201569,0.076693,-0.012534,0.614154,0.640836,0.406644,0.21603,0.0209,0.876742,0.922743,0.400841,0.78397,0.444444,0.642788,0.766044,0.0,0.511333,160.461925,5.0,0,1
-0.18754,0.213387,0.04267,0.577611,0.595714,0.47838,0.287273,0.024664,0.77558,0.955501,0.474317,0.712727,0.444444,0.642788,0.766044,0.0,1.311333,139.897782,4.0,2,0
-0.124786,0.118265,0.056858,0.560858,0.618253,0.519928,0.181083,0.024074,0.693917,1.001231,0.558054,0.818917,0.444444,0.642788,0.766044,0.0,2.111333,124.862762,4.0,2,1
-0.084957,0.065896,0.041708,0.566645,0.603759,0.548622,0.115324,0.018806,0.693092,1.033491,0.652625,0.884676,0.444444,0.642788,0.766044,0.0,2.351333,152.859968,5.0,2,2
-0.038299,0.040368,0.004503,0.578411,0.62549,0.520571,0.055827,0.018518,0.884003,1.25675,0.706425,0.944173,0.444444,0.642788,0.766044,0.0,2.911333,100.102101,3.0,1,2
-0.005515,-0.014617,-0.010946,0.583684,0.612916,0.532126,0.019076,0.014019,1.027888,1.400664,0.786761,0.980924,0.444444,0.642788,0.766044,0.0,3.131333,114.280221,3.0,0,2
0.019681,0.007917,0.009922,0.592588,0.59613,0.541106,0.023419,0.011911,1.15076,1.536037,0.842287,0.976581,0.444444,0.642788,0.766044,0.0,3.711333,81.937421,2.0,1,2
0.019628,-0.018001,-0.002094,0.473352,0.458454,0.408745,0.026715,0.008121,1.22011,1.53595,0.592822,0.973285,0.444444,0.642788,0.766044,0.0,4.551333,35.17287,1.0,1,2
-0.001098,0.004041,0.000311,0.297918,0.258218,0.258159,0.004199,0.004083,0.723327,0.353173,0.377743,0.995801,0.444444,0.642788,0.766044,0.0,5.311333,14.328216,0.0,1,2
