mean_x,mean_y,mean_z,std_x,std_y,std_z,R,log_rmsW,rX_ratio,rY_ratio,rZ_ratio,psi,elev_normalized,elev_sin,elev_cos,is_synthetic,time_s,azimuth_deg,az_sector,elev_class,psi_cls
-0.004021,-0.091226,0.063145,0.552214,0.551533,0.615146,0.111021,0.017892,0.672488,0.674309,0.788165,0.888979,0.833333,0.965926,0.258819,0.0,0.571333,-39.021623,10.0,2,2
-0.033498,-0.215298,0.066997,0.525555,0.556967,0.601269,0.227956,0.017658,0.695638,0.834646,0.849077,0.772044,0.833333,0.965926,0.258819,0.0,1.191333,-29.534654,11.0,2,0
-0.045348,-0.19861,0.062271,0.534906,0.564156,0.59171,0.213026,0.015665,0.677537,0.848945,0.823189,0.786974,0.833333,0.965926,0.258819,0.0,1.431333,-55.236216,10.0,2,1
0.04347,-0.2347,0.022681,0.587286,0.567012,0.525334,0.239767,0.016703,0.795483,0.840788,0.754546,0.760233,0.833333,0.965926,0.258819,0.0,2.031333,-45.815793,10.0,2,0
0.034807,-0.227916,0.035365,0.610427,0.568738,0.499432,0.233255,0.023298,0.873871,0.951005,0.688652,0.766745,0.833333,0.965926,0.258819,0.0,2.791333,-67.170784,9.0,2,0
-0.017193,-0.199823,0.044106,0.613715,0.55906,0.518241,0.205354,0.03284,0.664994,0.762315,0.568414,0.794646,0.833333,0.965926,0.258819,0.0,3.591333,-84.587854,9.0,2,1
-0.148881,-0.183587,0.006218,0.591584,0.518906,0.5699,0.236449,0.03105,0.655547,0.726023,0.557044,0.763551,0.833333,0.965926,0.258819,0.0,4.451333,-111.084655,8.0,1,0
-0.115492,-0.05351,-0.069084,0.63179,0.478035,0.592667,0.144825,0.028845,0.72748,0.374704,0.526027,0.855175,0.833333,0.965926,0.258819,0.0,5.401333,-115.959713,8.0,0,2
0.011251,-0.014961,-0.033362,0.337717,0.23995,0.367918,0.038255,0.017916,0.631652,0.076593,0.540928,0.961745,0.833333,0.965926,0.258819,0.0,6.891333,160.842321,5.0,0,2
