mean_x,mean_y,mean_z,std_x,std_y,std_z,R,log_rmsW,rX_ratio,rY_ratio,rZ_ratio,psi,elev_normalized,elev_sin,elev_cos,is_synthetic,time_s,azimuth_deg,az_sector,elev_class,psi_cls
0.423374,0.389072,0.0,0.363098,0.343552,0.0,0.574998,0.031507,0.688338,0.616234,0.0,0.425002,0.0,0.0,1.0,1.0,0.461333,67.499994,2.0,0,0
0.551636,0.237728,0.0,0.415153,0.276387,0.0,0.600681,0.030155,0.811783,0.441091,0.0,0.399319,0.0,0.0,1.0,1.0,1.191333,44.999998,1.0,0,0
0.575717,-0.003528,0.0,0.455151,0.24257,0.0,0.575728,0.030017,0.871329,0.307146,0.0,0.424272,0.0,0.0,1.0,1.0,1.991333,22.500003,0.0,0,0
0.476675,-0.231791,0.0,0.42594,0.281083,0.0,0.530043,0.032077,0.750606,0.53865,0.0,0.469957,0.0,0.0,1.0,1.0,2.891333,0.0,0.0,0,0
0.415844,-0.417347,0.0,0.357764,0.361214,0.0,0.589156,0.031396,0.707018,0.594709,0.0,0.410844,0.0,0.0,1.0,1.0,3.581333,-22.500012,11.0,0,0
0.286842,-0.364556,0.0,0.314893,0.38893,0.0,0.463874,0.026401,0.635238,0.67084,0.0,0.536126,0.0,0.0,1.0,1.0,3.861333,-22.500013,11.0,0,0
0.204743,-0.316005,0.0,0.269254,0.39778,0.0,0.376535,0.021234,0.612228,0.691903,0.0,0.623465,0.0,0.0,1.0,1.0,4.431333,-45.000011,10.0,0,0
0.076778,-0.185257,0.0,0.152091,0.367102,0.0,0.200537,0.007284,0.353553,0.853562,0.0,0.799463,0.0,0.0,1.0,1.0,5.171333,-67.500001,9.0,0,1
