mean_x,mean_y,mean_z,std_x,std_y,std_z,R,log_rmsW,rX_ratio,rY_ratio,rZ_ratio,psi,elev_normalized,elev_sin,elev_cos,is_synthetic,time_s,azimuth_deg,az_sector,elev_class,psi_cls
0.153291,-0.206245,-0.054432,0.602441,0.571992,0.490731,0.262675,0.034002,0.831863,0.484681,0.275087,0.737325,0.444444,0.642788,0.766044,0.0,0.311333,-16.910744,11.0,0,0
-0.050439,-0.243182,-0.012763,0.58247,0.605239,0.482152,0.248686,0.036887,0.495932,0.762444,0.360452,0.751314,0.444444,0.642788,0.766044,0.0,1.861333,-56.838786,10.0,0,0
-0.085193,-0.221116,0.031818,0.591895,0.588011,0.496656,0.239087,0.032893,0.582359,0.770572,0.431078,0.760913,0.444444,0.642788,0.766044,0.0,2.691333,-112.154106,8.0,2,0
-0.080376,-0.212374,0.153138,0.542618,0.57927,0.543067,0.273887,0.026634,0.599231,0.793027,0.539159,0.726113,0.444444,0.642788,0.766044,0.0,3.601333,-66.586335,9.0,2,0
-0.123491,-0.224441,0.125431,0.584749,0.554459,0.518854,0.285231,0.026532,0.758782,0.768948,0.51324,0.714769,0.444444,0.642788,0.766044,0.0,4.201333,-106.820146,8.0,2,0
-0.147114,-0.200812,0.127192,0.6166,0.546738,0.492572,0.279546,0.028313,0.756464,0.564527,0.402461,0.720454,0.444444,0.642788,0.766044,0.0,5.001333,-131.273795,7.0,2,0
-0.088689,-0.077901,0.049812,0.613825,0.490884,0.446189,0.128123,0.02202,0.887085,0.469945,0.367706,0.871877,0.444444,0.642788,0.766044,0.0,5.841333,-149.750364,7.0,2,2
-0.021848,-0.012611,0.05152,0.373134,0.314921,0.326532,0.057364,0.010137,1.095502,0.445346,0.42824,0.942636,0.444444,0.642788,0.766044,0.0,6.811333,-173.324593,6.0,2,2
