mean_x,mean_y,mean_z,std_x,std_y,std_z,R,log_rmsW,rX_ratio,rY_ratio,rZ_ratio,psi,elev_normalized,elev_sin,elev_cos,is_synthetic,time_s,azimuth_deg,az_sector,elev_class,psi_cls
0.551648,0.221953,0.0,0.423136,0.277456,0.0,0.594625,0.032551,0.874023,0.299396,0.0,0.405375,0.0,0.0,1.0,1.0,1.261333,44.999998,1.0,0,0
0.594292,-0.029956,0.0,0.421366,0.222903,0.0,0.595046,0.031617,0.889311,0.250357,0.0,0.404954,0.0,0.0,1.0,1.0,2.201333,22.500005,0.0,0,0
0.596635,-0.231477,0.0,0.393455,0.282473,0.0,0.639964,0.031432,0.850868,0.359969,0.0,0.360036,0.0,0.0,1.0,1.0,2.861333,0.0,0.0,0,0
0.476712,-0.236551,0.0,0.399344,0.27993,0.0,0.532176,0.024541,0.799695,0.462646,0.0,0.467824,0.0,0.0,1.0,1.0,3.111333,0.0,0.0,0,0
0.427327,-0.419814,0.0,0.351972,0.358338,0.0,0.599043,0.027161,0.651717,0.654843,0.0,0.400957,0.0,0.0,1.0,1.0,3.661333,-22.500012,11.0,0,0
0.22652,-0.34226,0.0,0.278541,0.395273,0.0,0.410431,0.021164,0.495977,0.779462,0.0,0.589569,0.0,0.0,1.0,1.0,4.461333,-45.000017,10.0,0,0
0.078643,-0.18979,0.0,0.150158,0.362241,0.0,0.205438,0.015549,0.353553,0.85355,0.0,0.794562,0.0,0.0,1.0,1.0,5.261333,-67.5,9.0,0,1
