mean_x,mean_y,mean_z,std_x,std_y,std_z,R,log_rmsW,rX_ratio,rY_ratio,rZ_ratio,psi,elev_normalized,elev_sin,elev_cos,is_synthetic,time_s,azimuth_deg,az_sector,elev_class,psi_cls
-0.141337,0.102088,-0.019859,0.583823,0.579051,0.541239,0.175477,0.025526,0.62229,0.532477,0.479491,0.824523,0.833333,0.965926,0.258819,0.0,0.401333,155.729074,5.0,0,1
-0.156332,0.154086,0.007716,0.560385,0.604326,0.521944,0.21964,0.021918,0.550971,0.600353,0.512674,0.78036,0.833333,0.965926,0.258819,0.0,1.141333,150.807531,5.0,1,1
-0.058243,0.200634,-0.027731,0.543211,0.594412,0.554174,0.21075,0.026353,0.355581,0.573016,0.539235,0.78925,0.833333,0.965926,0.258819,0.0,1.971333,119.190464,3.0,0,1
-0.041745,0.1712,-0.038578,0.512322,0.643618,0.539119,0.18039,0.028638,0.34744,0.714947,0.511616,0.81961,0.833333,0.965926,0.258819,0.0,2.701333,107.545135,3.0,0,1
-0.019276,0.059362,0.031767,0.557454,0.608504,0.560314,0.070033,0.023062,0.470321,0.757888,0.539407,0.929967,0.833333,0.965926,0.258819,0.0,3.661333,89.934459,2.0,2,2
-0.021483,-0.018631,0.049037,0.501916,0.507209,0.470922,0.056686,0.015575,0.676305,1.001239,0.576014,0.943314,0.833333,0.965926,0.258819,0.0,4.291333,66.475387,2.0,2,2
-0.038545,-0.034173,0.05598,0.478272,0.43758,0.445145,0.076074,0.01028,0.85552,0.756864,0.690595,0.923926,0.833333,0.965926,0.258819,0.0,4.511333,78.676073,2.0,2,2
-0.019113,-0.013313,0.04569,0.34195,0.270049,0.27704,0.051284,0.006612,0.936235,0.294203,0.78775,0.948716,0.833333,0.965926,0.258819,0.0,5.221333,1.874984,0.0,2,2
