mean_x,mean_y,mean_z,std_x,std_y,std_z,R,log_rmsW,rX_ratio,rY_ratio,rZ_ratio,psi,elev_normalized,elev_sin,elev_cos,is_synthetic,time_s,azimuth_deg,az_sector,elev_class,psi_cls
0.205831,0.079093,-0.130803,0.667996,0.553474,0.426088,0.256381,0.014964,0.687436,0.431158,0.319477,0.743619,0.0,0.0,1.0,0.0,0.361333,24.039123,0.0,0,0
0.18326,-0.029912,-0.087184,0.647832,0.60403,0.41619,0.205134,0.015467,0.717152,1.076305,0.33256,0.794866,0.0,0.0,1.0,0.0,1.261333,-10.549631,11.0,0,1
0.189675,-0.121383,-0.056298,0.631583,0.624448,0.396383,0.232121,0.017842,0.555822,0.988545,0.27686,0.767879,0.0,0.0,1.0,0.0,1.991333,-26.977465,11.0,0,0
0.052418,-0.178269,-0.062477,0.624485,0.617785,0.435675,0.196038,0.017754,0.556322,1.016534,0.374986,0.803962,0.0,0.0,1.0,0.0,2.691333,-62.262839,9.0,0,1
0.02365,-0.114628,-0.062364,0.638199,0.59859,0.465427,0.13262,0.016449,0.462077,0.583343,0.336118,0.86738,0.0,0.0,1.0,0.0,2.931333,-33.043596,10.0,0,2
-0.012303,-0.099641,-0.018401,0.622532,0.596276,0.496293,0.10207,0.012115,0.575646,0.708066,0.436616,0.89793,0.0,0.0,1.0,0.0,3.651333,-77.977374,9.0,0,2
-0.065588,-0.101514,-0.003744,0.616518,0.575704,0.523073,0.120917,0.010551,0.57281,0.585828,0.322828,0.879083,0.0,0.0,1.0,0.0,4.421333,-133.050258,7.0,1,2
-0.044763,-0.099846,0.02829,0.650727,0.539592,0.521884,0.113019,0.007169,0.754911,0.554771,0.396007,0.886981,0.0,0.0,1.0,0.0,5.201333,173.868598,5.0,2,2
-0.061062,-0.055952,0.013985,0.625328,0.532845,0.49032,0.083992,0.005361,0.89135,0.657485,0.473335,0.916008,0.0,0.0,1.0,0.0,5.911333,-143.969286,7.0,1,2
