mean_x,mean_y,mean_z,std_x,std_y,std_z,R,log_rmsW,rX_ratio,rY_ratio,rZ_ratio,psi,elev_normalized,elev_sin,elev_cos,is_synthetic,time_s,azimuth_deg,az_sector,elev_class,psi_cls
-0.248736,-0.513425,0.0,0.283371,0.399661,0.0,0.570505,0.023819,0.489372,0.783625,0.0,0.429495,0.0,0.0,1.0,1.0,0.301333,-90.0,9.0,0,0
-0.436125,-0.436302,0.0,0.352848,0.34916,0.0,0.616899,0.031471,0.758152,0.527976,0.0,0.383101,0.0,0.0,1.0,1.0,0.951333,-112.499993,8.0,0,0
-0.476421,-0.15787,0.0,0.445567,0.229265,0.0,0.501896,0.028537,0.85917,0.339678,0.0,0.498104,0.0,0.0,1.0,1.0,2.001333,-135.000004,7.0,0,0
-0.559375,0.030632,0.0,0.453398,0.230331,0.0,0.560213,0.029635,0.867487,0.317837,0.0,0.439787,0.0,0.0,1.0,1.0,2.651333,-157.500006,6.0,0,0
-0.555207,0.234816,0.0,0.414359,0.280557,0.0,0.602821,0.02774,0.798002,0.46556,0.0,0.397179,0.0,0.0,1.0,1.0,3.371333,180.0,6.0,0,0
-0.403509,0.419855,0.0,0.339292,0.358144,0.0,0.582321,0.032047,0.57718,0.721399,0.0,0.417679,0.0,0.0,1.0,1.0,4.251333,157.499998,5.0,0,0
-0.22941,0.54903,0.0,0.279067,0.42107,0.0,0.595032,0.030221,0.439284,0.812762,0.0,0.404968,0.0,0.0,1.0,1.0,4.951333,134.999999,4.0,0,0
-0.079721,0.39748,0.0,0.15101,0.461797,0.0,0.405396,0.024697,0.315225,0.868439,0.0,0.594604,0.0,0.0,1.0,1.0,5.761333,112.499998,3.0,0,0
