mean_x,mean_y,mean_z,std_x,std_y,std_z,R,log_rmsW,rX_ratio,rY_ratio,rZ_ratio,psi,elev_normalized,elev_sin,elev_cos,is_synthetic,time_s,azimuth_deg,az_sector,elev_class,psi_cls
0.175656,-0.121926,0.001279,0.560536,0.555837,0.575342,0.213829,0.024269,0.612188,0.609436,0.646304,0.786171,0.833333,0.965926,0.258819,0.0,0.311333,-10.616933,11.0,1,1
0.11197,-0.213013,-0.013659,0.545197,0.602248,0.530884,0.241036,0.030616,0.438686,0.932672,0.622217,0.758964,0.833333,0.965926,0.258819,0.0,1.201333,-53.423635,10.0,0,0
0.052889,-0.324133,-0.016387,0.523827,0.600873,0.506302,0.328828,0.034211,0.342274,0.957749,0.549943,0.671172,0.833333,0.965926,0.258819,0.0,2.021333,-62.525138,9.0,0,0
0.137542,-0.311349,-0.031736,0.527069,0.592002,0.50478,0.341853,0.041147,0.33452,0.779249,0.44715,0.658147,0.833333,0.965926,0.258819,0.0,2.781333,-106.601608,8.0,0,0
0.029676,-0.233971,-0.03787,0.563067,0.548559,0.570012,0.238867,0.038464,0.355442,0.575598,0.457886,0.761133,0.833333,0.965926,0.258819,0.0,3.671333,-93.163743,8.0,0,0
-0.050839,-0.142028,-0.034505,0.598831,0.537305,0.573328,0.154748,0.032379,0.473611,0.446668,0.479576,0.845252,0.833333,0.965926,0.258819,0.0,4.431333,-45.095908,10.0,0,1
-0.134381,-0.106628,-0.033353,0.581699,0.505091,0.61312,0.174757,0.027813,0.546409,0.343498,0.561304,0.825243,0.833333,0.965926,0.258819,0.0,5.131333,-124.067004,7.0,0,1
-0.036128,-0.073593,-0.014392,0.500054,0.467887,0.476935,0.083236,0.017314,0.63554,0.39364,0.525842,0.916764,0.833333,0.965926,0.258819,0.0,6.101333,-146.225248,7.0,0,2
-0.003101,-0.04767,-0.005487,0.367455,0.325982,0.373892,0.048085,0.013708,0.539534,0.204291,0.500355,0.951915,0.833333,0.965926,0.258819,0.0,6.741333,-174.697822,6.0,1,2
