mean_x,mean_y,mean_z,std_x,std_y,std_z,R,log_rmsW,rX_ratio,rY_ratio,rZ_ratio,psi,elev_normalized,elev_sin,elev_cos,is_synthetic,time_s,azimuth_deg,az_sector,elev_class,psi_cls
0.022799,0.074371,0.011269,0.56058,0.621947,0.540943,0.078599,0.016931,1.014313,1.376943,0.909445,0.921401,0.444444,0.642788,0.766044,0.0,1.401333,141.151533,4.0,1,2
0.057471,0.030076,-0.003272,0.545968,0.634769,0.542794,0.064947,0.014474,0.851123,1.441834,0.915477,0.935053,0.444444,0.642788,0.766044,0.0,1.691333,141.708169,4.0,1,2
0.061007,0.097826,0.042459,0.508603,0.661931,0.536646,0.12286,0.023283,0.600574,1.05199,0.647278,0.877141,0.444444,0.642788,0.766044,0.0,2.201333,120.150831,4.0,2,2
0.065271,0.125089,0.004188,0.549284,0.639235,0.519305,0.141157,0.028173,0.469996,0.70008,0.446896,0.858843,0.444444,0.642788,0.766044,0.0,3.001333,105.942888,3.0,1,2
0.076967,0.187025,-0.009073,0.563518,0.591817,0.53956,0.202446,0.031419,0.418883,0.576393,0.367438,0.797554,0.444444,0.642788,0.766044,0.0,3.831333,63.592976,2.0,0,1
0.03445,0.091628,-0.005448,0.522535,0.54036,0.458803,0.098041,0.023982,0.398825,0.471376,0.335874,0.901959,0.444444,0.642788,0.766044,0.0,4.691333,66.76253,2.0,1,2
0.030775,0.055599,0.013269,0.479182,0.49983,0.4201,0.064918,0.01869,0.291985,0.347801,0.193067,0.935082,0.444444,0.642788,0.766044,0.0,4.941333,57.73318,1.0,1,2
0.018643,0.026233,-0.003171,0.338387,0.391471,0.276376,0.032339,0.013718,0.217536,0.284977,0.123398,0.967661,0.444444,0.642788,0.766044,0.0,5.571333,56.142931,1.0,1,2
