mean_x,mean_y,mean_z,std_x,std_y,std_z,R,log_rmsW,rX_ratio,rY_ratio,rZ_ratio,psi,elev_normalized,elev_sin,elev_cos,is_synthetic,time_s,azimuth_deg,az_sector,elev_class,psi_cls
-0.007236,-0.326718,-0.017265,0.60542,0.548579,0.474708,0.327254,0.031193,0.600078,0.836443,0.59571,0.672746,0.444444,0.642788,0.766044,0.0,1.311333,-50.63204,10.0,0,0
-0.051503,-0.254486,0.006544,0.589548,0.565557,0.514767,0.259728,0.032763,0.577601,0.827411,0.591608,0.740272,0.444444,0.642788,0.766044,0.0,2.131333,-70.204433,9.0,1,0
-0.072719,-0.14071,0.120669,0.578056,0.582367,0.535591,0.199119,0.025549,0.552084,0.777266,0.453738,0.800881,0.444444,0.642788,0.766044,0.0,3.051333,-76.004716,9.0,2,1
-0.089392,-0.115811,0.111029,0.597279,0.581106,0.521201,0.183659,0.02493,0.578432,0.721466,0.435237,0.816341,0.444444,0.642788,0.766044,0.0,3.661333,-81.396848,9.0,2,1
-0.200797,-0.155501,-0.015406,0.63387,0.519665,0.513133,0.254435,0.029419,0.773068,0.473523,0.374181,0.745565,0.444444,0.642788,0.766044,0.0,5.261333,-128.553608,7.0,0,0
-0.105429,-0.081661,-0.009051,0.513104,0.365333,0.439389,0.133663,0.022373,0.847289,0.3889,0.413953,0.866337,0.444444,0.642788,0.766044,0.0,6.291333,-123.102006,7.0,0,2
-0.067417,-0.059182,-0.054214,0.376871,0.211812,0.291238,0.104817,0.016882,0.891369,0.34555,0.477149,0.895183,0.444444,0.642788,0.766044,0.0,6.941333,-149.849371,7.0,0,2
