mean_x,mean_y,mean_z,std_x,std_y,std_z,R,log_rmsW,rX_ratio,rY_ratio,rZ_ratio,psi,elev_normalized,elev_sin,elev_cos,is_synthetic,time_s,azimuth_deg,az_sector,elev_class,psi_cls
-0.412394,-0.413183,0.0,0.365695,0.36387,0.0,0.583771,0.031289,0.745498,0.545698,0.0,0.416229,0.0,0.0,1.0,1.0,1.361333,-112.499993,8.0,0,0
-0.529986,-0.199582,0.0,0.432462,0.269858,0.0,0.56632,0.027839,0.810037,0.444289,0.0,0.43368,0.0,0.0,1.0,1.0,2.231333,-135.000001,7.0,0,0
-0.592243,0.001062,0.0,0.444846,0.240552,0.0,0.592244,0.027138,0.855962,0.347682,0.0,0.407756,0.0,0.0,1.0,1.0,2.971333,-157.500005,6.0,0,0
-0.405987,0.414076,0.0,0.358943,0.368731,0.0,0.5799,0.027484,0.587661,0.712887,0.0,0.4201,0.0,0.0,1.0,1.0,4.581333,157.499998,5.0,0,0
-0.220599,0.548818,0.0,0.277178,0.423189,0.0,0.591494,0.031646,0.342276,0.858138,0.0,0.408506,0.0,0.0,1.0,1.0,5.391333,134.999998,4.0,0,0
-0.083434,0.419236,0.0,0.152352,0.455432,0.0,0.427457,0.028324,0.228561,0.895161,0.0,0.572543,0.0,0.0,1.0,1.0,6.171333,112.499998,3.0,0,0
0.0,0.200804,0.0,0.0,0.387539,0.0,0.200804,0.019147,0.0,0.92388,0.0,0.799196,0.0,0.0,1.0,1.0,6.991333,90.0,3.0,0,1
