mean_x,mean_y,mean_z,std_x,std_y,std_z,R,log_rmsW,rX_ratio,rY_ratio,rZ_ratio,psi,elev_normalized,elev_sin,elev_cos,is_synthetic,time_s,azimuth_deg,az_sector,elev_class,psi_cls
-0.091992,0.142577,0.060859,0.608031,0.598885,0.48887,0.180263,0.019105,0.850756,0.885054,0.530253,0.819737,0.444444,0.642788,0.766044,0.0,0.621333,148.564294,4.0,2,1
-0.108924,0.200317,0.053881,0.602337,0.59993,0.471439,0.234296,0.019272,0.855928,0.944239,0.524835,0.765704,0.444444,0.642788,0.766044,0.0,1.311333,141.542219,4.0,2,0
-0.060155,0.192952,0.117587,0.558868,0.609715,0.511052,0.233829,0.024517,0.603428,0.957668,0.474661,0.766171,0.444444,0.642788,0.766044,0.0,2.121333,134.185244,4.0,2,0
0.116243,0.135975,0.093408,0.56807,0.547352,0.580455,0.201808,0.020198,0.531863,0.963036,0.500154,0.798192,0.444444,0.642788,0.766044,0.0,3.181333,112.771448,3.0,2,1
0.184898,0.043356,0.110635,0.561745,0.497454,0.545169,0.219789,0.022572,0.669422,0.497542,0.463778,0.780211,0.444444,0.642788,0.766044,0.0,3.941333,62.481262,2.0,2,1
0.025386,-0.029458,0.058387,0.293068,0.225774,0.216367,0.070152,0.014335,0.702414,0.446508,0.534564,0.929848,0.444444,0.642788,0.766044,0.0,5.381333,10.050731,0.0,2,2
