mean_x,mean_y,mean_z,std_x,std_y,std_z,R,log_rmsW,rX_ratio,rY_ratio,rZ_ratio,psi,elev_normalized,elev_sin,elev_cos,is_synthetic,time_s,azimuth_deg,az_sector,elev_class,psi_cls
0.071028,-0.227514,-0.022921,0.563536,0.621235,0.488924,0.239443,0.01894,0.628915,0.948029,0.715043,0.760557,0.833333,0.965926,0.258819,0.0,1.981333,-39.179477,10.0,0,0
0.026516,-0.233097,-0.012551,0.55793,0.609623,0.511626,0.234936,0.023192,0.695843,0.965604,0.75477,0.765064,0.833333,0.965926,0.258819,0.0,2.611333,-57.795148,10.0,0,0
0.003575,-0.217964,-0.006314,0.541097,0.604733,0.542071,0.218084,0.024816,0.873787,1.03802,0.80821,0.781916,0.833333,0.965926,0.258819,0.0,3.371333,-57.127267,10.0,0,1
-0.017416,-0.184613,0.00507,0.554847,0.603751,0.541391,0.185502,0.022926,0.904853,1.049218,0.806652,0.814498,0.833333,0.965926,0.258819,0.0,3.611333,-94.535843,8.0,1,1
-0.032391,-0.178888,0.00341,0.558773,0.586544,0.557317,0.181829,0.027051,0.803031,0.946658,0.740399,0.818171,0.833333,0.965926,0.258819,0.0,4.231333,-102.118171,8.0,1,1
-0.03664,-0.111315,-0.049869,0.566669,0.537752,0.611088,0.127359,0.036452,0.570933,0.481321,0.543086,0.872641,0.833333,0.965926,0.258819,0.0,5.161333,-112.269389,8.0,0,2
-0.026534,-0.043471,-0.074836,0.608234,0.489718,0.618029,0.090522,0.036876,0.626354,0.365339,0.497056,0.909478,0.833333,0.965926,0.258819,0.0,5.941333,-110.042586,8.0,0,2
-0.018872,0.006027,-0.05877,0.587278,0.474274,0.583602,0.062019,0.030725,0.592024,0.241137,0.476357,0.937981,0.833333,0.965926,0.258819,0.0,6.681333,162.262778,5.0,0,2
-0.003816,-0.000387,-0.025549,0.474988,0.3993,0.416608,0.025836,0.016151,0.737932,0.360307,0.420164,0.974164,0.833333,0.965926,0.258819,0.0,7.391333,-169.069528,6.0,0,2
