mean_x,mean_y,mean_z,std_x,std_y,std_z,R,log_rmsW,rX_ratio,rY_ratio,rZ_ratio,psi,elev_normalized,elev_sin,elev_cos,is_synthetic,time_s,azimuth_deg,az_sector,elev_class,psi_cls
0.193628,-0.062197,-0.068592,0.623035,0.554909,0.507598,0.214628,0.009573,0.694705,0.549817,0.464716,0.785372,0.0,0.0,1.0,0.0,0.261333,37.659501,1.0,0,1
0.176563,-0.136736,-0.104366,0.623408,0.584325,0.45712,0.246502,0.015978,0.558117,0.489094,0.308363,0.753498,0.0,0.0,1.0,0.0,0.921333,-20.035398,11.0,0,0
0.06509,-0.20024,-0.055051,0.649828,0.56373,0.460741,0.217632,0.015701,0.511065,0.495223,0.300042,0.782368,0.0,0.0,1.0,0.0,1.961333,-23.354284,11.0,0,1
-0.018062,-0.237258,-0.048174,0.628755,0.588972,0.445576,0.242772,0.015565,0.41027,0.610943,0.25648,0.757228,0.0,0.0,1.0,0.0,2.661333,-52.756388,10.0,0,0
-0.109512,-0.206724,-0.013357,0.634876,0.59647,0.431177,0.234321,0.012111,0.641553,0.946412,0.366289,0.765679,0.0,0.0,1.0,0.0,3.351333,-98.396153,8.0,0,0
-0.163974,-0.117626,0.005141,0.640496,0.61145,0.418176,0.201866,0.008954,1.209418,1.505533,0.613673,0.798134,0.0,0.0,1.0,0.0,4.211333,-130.410101,7.0,1,1
-0.162131,-0.098076,0.031944,0.644152,0.57448,0.466719,0.19216,0.007302,1.464247,1.630426,0.7724,0.80784,0.0,0.0,1.0,0.0,4.921333,-136.436199,7.0,2,1
-0.055668,-0.034713,-0.001568,0.600951,0.53704,0.488227,0.065623,0.006212,1.417533,1.398979,0.720669,0.934377,0.0,0.0,1.0,0.0,5.721333,-137.921284,7.0,1,2
0.020473,0.004737,-0.021259,0.36064,0.357969,0.365036,0.029892,0.003155,0.261954,0.300693,0.26962,0.970108,0.0,0.0,1.0,0.0,6.721333,-122.91546,7.0,0,2
