mean_x,mean_y,mean_z,std_x,std_y,std_z,R,log_rmsW,rX_ratio,rY_ratio,rZ_ratio,psi,elev_normalized,elev_sin,elev_cos,is_synthetic,time_s,azimuth_deg,az_sector,elev_class,psi_cls
0.040045,-0.137223,-0.117135,0.613739,0.572749,0.510896,0.184809,0.024271,0.594468,0.499624,0.478805,0.815191,0.444444,0.642788,0.766044,0.0,0.241333,-4.063164,11.0,0,1
-0.045171,-0.207335,0.033149,0.561306,0.57795,0.551977,0.214772,0.026819,0.641564,0.851585,0.755355,0.785228,0.444444,0.642788,0.766044,0.0,1.931333,-64.937447,9.0,2,1
-0.060511,-0.231451,0.06359,0.525491,0.594511,0.555942,0.247537,0.033167,0.484245,0.806348,0.57992,0.752463,0.444444,0.642788,0.766044,0.0,2.581333,-48.060012,10.0,2,0
-0.15661,-0.206555,-0.021848,0.536975,0.586553,0.547607,0.260133,0.029508,0.42476,0.747775,0.412438,0.739867,0.444444,0.642788,0.766044,0.0,3.441333,-116.37957,8.0,0,0
-0.22311,-0.234119,-0.06461,0.536233,0.566548,0.531607,0.329794,0.033627,0.624147,0.716259,0.361198,0.670206,0.444444,0.642788,0.766044,0.0,4.131333,-103.822799,8.0,0,0
-0.203384,-0.079168,-0.061303,0.536542,0.504843,0.509491,0.226695,0.020811,0.79598,0.679315,0.463532,0.773305,0.444444,0.642788,0.766044,0.0,5.801333,-134.013267,7.0,0,0
-0.056346,0.014436,-0.01597,0.351658,0.365646,0.364357,0.060319,0.006155,0.670232,0.409374,0.533504,0.939681,0.444444,0.642788,0.766044,0.0,6.721333,-177.729448,6.0,0,2
