mean_x,mean_y,mean_z,std_x,std_y,std_z,R,log_rmsW,rX_ratio,rY_ratio,rZ_ratio,psi,elev_normalized,elev_sin,elev_cos,is_synthetic,time_s,azimuth_deg,az_sector,elev_class,psi_cls
-0.024728,-0.048415,0.000845,0.59817,0.622652,0.501381,0.054371,0.010544,0.605436,0.494334,0.37222,0.945629,0.0,0.0,1.0,0.0,0.361333,-55.556607,10.0,1,2
-0.070486,0.033668,-0.014432,0.56312,0.621605,0.538597,0.079436,0.010072,0.568854,0.519663,0.427798,0.920564,0.0,0.0,1.0,0.0,1.081333,-179.128989,6.0,0,2
0.048843,0.029784,-0.026112,0.566848,0.617681,0.541373,0.062886,0.009608,0.581306,0.488383,0.441384,0.937114,0.0,0.0,1.0,0.0,1.931333,34.621981,1.0,0,2
0.107649,0.016734,0.027868,0.585946,0.578109,0.556458,0.11245,0.006667,1.144589,0.92206,0.826279,0.88755,0.0,0.0,1.0,0.0,2.701333,139.055171,4.0,2,2
0.124255,0.162302,-0.045855,0.588917,0.572123,0.530793,0.209485,0.007735,1.090374,1.505817,0.86973,0.790515,0.0,0.0,1.0,0.0,3.581333,5.679772,0.0,0,1
0.087994,0.151623,-0.080173,0.296642,0.373192,0.290087,0.19277,0.006283,0.831731,1.643472,0.770408,0.80723,0.0,0.0,1.0,0.0,5.061333,42.143674,1.0,0,1
