mean_x,mean_y,mean_z,std_x,std_y,std_z,R,log_rmsW,rX_ratio,rY_ratio,rZ_ratio,psi,elev_normalized,elev_sin,elev_cos,is_synthetic,time_s,azimuth_deg,az_sector,elev_class,psi_cls
-0.063645,0.145697,-0.086212,0.602205,0.625468,0.46187,0.180861,0.021798,0.681369,0.651362,0.432095,0.819139,0.444444,0.642788,0.766044,0.0,0.491333,151.647449,5.0,0,1
0.003051,0.216569,-0.061518,0.550286,0.64524,0.479658,0.225157,0.018786,0.508203,1.021842,0.535563,0.774843,0.444444,0.642788,0.766044,0.0,1.231333,139.660504,4.0,0,0
-0.016155,0.119512,0.002664,0.591827,0.594483,0.530761,0.120628,0.016122,0.708995,1.279789,0.70455,0.879372,0.444444,0.642788,0.766044,0.0,2.171333,51.849239,1.0,1,2
0.055008,0.05681,0.049555,0.572412,0.586195,0.565601,0.093322,0.028478,0.548991,0.714511,0.485948,0.906678,0.444444,0.642788,0.766044,0.0,3.051333,96.396342,3.0,2,2
0.043019,0.069928,0.021077,0.586651,0.580134,0.558579,0.084763,0.033803,0.55401,0.593313,0.475368,0.915237,0.444444,0.642788,0.766044,0.0,3.631333,85.168853,2.0,1,2
0.024358,0.032931,0.097162,0.517645,0.475778,0.493355,0.105443,0.0281,0.520227,0.499691,0.44134,0.894557,0.444444,0.642788,0.766044,0.0,4.511333,31.249323,1.0,2,2
-0.003509,0.020906,0.051506,0.487693,0.434338,0.457429,0.055698,0.021111,0.57576,0.536017,0.466715,0.944302,0.444444,0.642788,0.766044,0.0,4.731333,41.59825,1.0,2,2
-0.03167,0.003661,0.062536,0.371481,0.302798,0.34532,0.070193,0.016859,0.55989,0.553368,0.482532,0.929807,0.444444,0.642788,0.766044,0.0,5.301333,56.05724,1.0,2,2
