mean_x,mean_y,mean_z,std_x,std_y,std_z,R,log_rmsW,rX_ratio,rY_ratio,rZ_ratio,psi,elev_normalized,elev_sin,elev_cos,is_synthetic,time_s,azimuth_deg,az_sector,elev_class,psi_cls
-0.229771,-0.465517,0.0,0.285138,0.426298,0.0,0.519135,0.023877,0.485484,0.78604,0.0,0.480865,0.0,0.0,1.0,1.0,0.541333,-90.0,9.0,0,0
-0.415628,-0.413322,0.0,0.364691,0.360376,0.0,0.586158,0.030872,0.743239,0.54877,0.0,0.413842,0.0,0.0,1.0,1.0,1.191333,-112.499993,8.0,0,0
-0.455776,-0.137348,0.0,0.455625,0.223209,0.0,0.476021,0.028507,0.864097,0.326939,0.0,0.523979,0.0,0.0,1.0,1.0,2.241333,-135.000003,7.0,0,0
-0.529284,0.023376,0.0,0.464574,0.222733,0.0,0.5298,0.027963,0.874298,0.29859,0.0,0.4702,0.0,0.0,1.0,1.0,2.901333,-157.500008,6.0,0,0
-0.533065,0.221147,0.0,0.432214,0.285114,0.0,0.577117,0.027302,0.798715,0.464335,0.0,0.422883,0.0,0.0,1.0,1.0,3.591333,180.0,6.0,0,0
-0.340311,0.400519,0.0,0.33473,0.373373,0.0,0.525573,0.030571,0.527686,0.758354,0.0,0.474427,0.0,0.0,1.0,1.0,4.561333,157.500002,5.0,0,0
-0.227128,0.550995,0.0,0.274991,0.417621,0.0,0.595972,0.030058,0.441166,0.811743,0.0,0.404028,0.0,0.0,1.0,1.0,5.201333,134.999998,4.0,0,0
-0.061279,0.350032,0.0,0.133674,0.451076,0.0,0.355356,0.017769,0.287716,0.877937,0.0,0.644644,0.0,0.0,1.0,1.0,6.111333,112.499999,3.0,0,0
0.0,0.196229,0.0,0.0,0.394732,0.0,0.196229,0.00943,0.0,0.923879,0.0,0.803771,0.0,0.0,1.0,1.0,6.791333,90.0,3.0,0,1
