mean_x,mean_y,mean_z,std_x,std_y,std_z,R,log_rmsW,rX_ratio,rY_ratio,rZ_ratio,psi,elev_normalized,elev_sin,elev_cos,is_synthetic,time_s,azimuth_deg,az_sector,elev_class,psi_cls
-0.130682,0.111195,0.074427,0.553019,0.628104,0.514325,0.187033,0.024513,0.515449,0.721036,0.519539,0.812967,0.444444,0.642788,0.766044,0.0,0.721333,134.577146,4.0,2,1
-0.068469,0.154478,0.091385,0.541717,0.608081,0.547509,0.192101,0.024536,0.521826,0.742772,0.543712,0.807899,0.444444,0.642788,0.766044,0.0,1.501333,135.842025,4.0,2,1
0.086169,0.136347,0.110788,0.567414,0.542147,0.587957,0.195677,0.025785,0.512141,0.53157,0.432993,0.804323,0.444444,0.642788,0.766044,0.0,2.421333,112.047151,3.0,2,1
0.219894,0.084553,0.066052,0.621002,0.506795,0.545492,0.244674,0.035115,0.754347,0.365031,0.327621,0.755326,0.444444,0.642788,0.766044,0.0,3.091333,81.999032,2.0,2,0
0.246443,0.024309,0.043383,0.53484,0.373869,0.446791,0.251411,0.031502,0.792451,0.301618,0.299033,0.748589,0.444444,0.642788,0.766044,0.0,3.881333,37.185346,1.0,2,0
0.111206,-0.035485,-0.009273,0.406931,0.211923,0.18563,0.117098,0.02003,0.857399,0.129784,0.253261,0.882902,0.444444,0.642788,0.766044,0.0,4.741333,9.536787,0.0,0,2
