mean_x,mean_y,mean_z,std_x,std_y,std_z,R,log_rmsW,rX_ratio,rY_ratio,rZ_ratio,psi,elev_normalized,elev_sin,elev_cos,is_synthetic,time_s,azimuth_deg,az_sector,elev_class,psi_cls
-0.132831,0.06423,-0.012482,0.621401,0.60023,0.481194,0.148072,0.026261,0.61889,0.650201,0.467862,0.851928,0.833333,0.965926,0.258819,0.0,0.541333,163.696005,5.0,0,2
-0.105423,0.119921,-0.041409,0.592541,0.56905,0.545709,0.164953,0.030036,0.543821,0.700233,0.552544,0.835047,0.833333,0.965926,0.258819,0.0,1.381333,143.279609,4.0,0,1
-0.042111,0.108795,-0.030049,0.60294,0.566963,0.548126,0.120469,0.028583,0.580469,0.757646,0.629097,0.879531,0.833333,0.965926,0.258819,0.0,2.141333,119.445362,3.0,0,2
-0.013532,0.06761,-0.040935,0.606506,0.565301,0.553232,0.080186,0.023482,0.610529,0.782729,0.704451,0.919814,0.833333,0.965926,0.258819,0.0,2.361333,130.175152,4.0,0,2
-0.007572,0.070724,-0.054587,0.590064,0.592595,0.54087,0.08966,0.019941,0.851717,1.027615,0.929291,0.91034,0.833333,0.965926,0.258819,0.0,3.051333,114.995919,3.0,0,2
-0.024957,0.0059,-0.017538,0.56484,0.600141,0.54313,0.031068,0.011343,1.190602,1.403108,1.140784,0.968932,0.833333,0.965926,0.258819,0.0,3.811333,127.563518,4.0,0,2
-0.000963,-0.014436,-0.008485,0.282773,0.265152,0.254401,0.016773,0.003768,0.753837,0.583742,0.514422,0.983227,0.833333,0.965926,0.258819,0.0,5.331333,35.34862,1.0,0,2
