mean_x,mean_y,mean_z,std_x,std_y,std_z,R,log_rmsW,rX_ratio,rY_ratio,rZ_ratio,psi,elev_normalized,elev_sin,elev_cos,is_synthetic,time_s,azimuth_deg,az_sector,elev_class,psi_cls
-0.097893,0.08872,-0.001693,0.585792,0.589202,0.540483,0.132126,0.02144,0.744175,0.886055,0.581761,0.867874,0.833333,0.965926,0.258819,0.0,0.561333,157.552107,5.0,1,2
-0.111857,0.136579,0.02107,0.569772,0.607246,0.524348,0.177792,0.021875,0.663791,0.896081,0.542575,0.822208,0.833333,0.965926,0.258819,0.0,1.341333,142.902969,4.0,1,1
-0.042927,0.146149,0.033169,0.543757,0.609784,0.555098,0.155893,0.028719,0.443931,0.761448,0.470157,0.844107,0.833333,0.965926,0.258819,0.0,2.131333,122.54226,4.0,2,1
0.011989,0.13796,0.025009,0.516203,0.58612,0.608374,0.14072,0.024437,0.319215,0.664926,0.487804,0.85928,0.833333,0.965926,0.258819,0.0,3.191333,114.193842,3.0,2,2
0.019273,0.080955,0.090323,0.529132,0.599086,0.5882,0.122814,0.024749,0.353748,0.572372,0.447587,0.877186,0.833333,0.965926,0.258819,0.0,3.751333,78.450874,2.0,2,2
0.021074,0.033927,0.029923,0.424662,0.448108,0.475104,0.049905,0.016437,0.422282,0.43808,0.407659,0.950095,0.833333,0.965926,0.258819,0.0,4.541333,66.891053,2.0,2,2
-0.013522,-0.043702,0.045572,0.280091,0.240076,0.221645,0.064572,0.013649,0.396616,0.453524,0.351959,0.935428,0.833333,0.965926,0.258819,0.0,5.381333,-1.32715,11.0,2,2
