mean_x,mean_y,mean_z,std_x,std_y,std_z,R,log_rmsW,rX_ratio,rY_ratio,rZ_ratio,psi,elev_normalized,elev_sin,elev_cos,is_synthetic,time_s,azimuth_deg,az_sector,elev_class,psi_cls
0.028642,0.051291,0.019418,0.55503,0.630639,0.538703,0.061872,0.010147,0.498209,0.512859,0.43819,0.938128,0.0,0.0,1.0,0.0,0.571333,174.753412,5.0,1,2
0.010848,0.072186,0.001514,0.560138,0.648952,0.509484,0.073012,0.00928,0.480056,0.554937,0.414772,0.926988,0.0,0.0,1.0,0.0,1.331333,149.681067,4.0,1,2
0.05059,0.032868,-0.004443,0.540919,0.64354,0.538037,0.060493,0.008106,0.523687,0.670196,0.46225,0.939507,0.0,0.0,1.0,0.0,2.161333,172.332356,5.0,1,2
0.116444,0.018126,-0.091211,0.539476,0.616163,0.554095,0.149021,0.005993,0.616776,0.775404,0.521003,0.850979,0.0,0.0,1.0,0.0,3.201333,129.893246,4.0,0,2
0.132845,0.036862,-0.101977,0.58081,0.61194,0.508583,0.171482,0.009316,0.963981,0.777112,0.538479,0.828518,0.0,0.0,1.0,0.0,3.691333,54.586368,1.0,0,1
-0.003291,-0.006869,0.009637,0.321815,0.263915,0.159154,0.012284,0.006166,1.176339,0.862032,0.566844,0.987716,0.0,0.0,1.0,0.0,5.361333,-11.392068,11.0,1,2
