mean_x,mean_y,mean_z,std_x,std_y,std_z,R,log_rmsW,rX_ratio,rY_ratio,rZ_ratio,psi,elev_normalized,elev_sin,elev_cos,is_synthetic,time_s,azimuth_deg,az_sector,elev_class,psi_cls
0.428408,0.410965,0.0,0.363603,0.351614,0.0,0.593654,0.033218,0.660699,0.645779,0.0,0.406346,0.0,0.0,1.0,1.0,0.651333,67.499996,2.0,0,0
0.551341,0.19602,0.0,0.414402,0.243924,0.0,0.58515,0.031236,0.863548,0.328387,0.0,0.41485,0.0,0.0,1.0,1.0,1.591333,44.999997,1.0,0,0
0.577362,-0.012168,0.0,0.438094,0.232711,0.0,0.57749,0.030743,0.890421,0.246381,0.0,0.42251,0.0,0.0,1.0,1.0,2.371333,22.500002,0.0,0,0
0.545481,-0.225458,0.0,0.42318,0.284567,0.0,0.590238,0.030597,0.840239,0.384124,0.0,0.409762,0.0,0.0,1.0,1.0,3.041333,0.0,0.0,0,0
0.410362,-0.406145,0.0,0.366223,0.365225,0.0,0.577366,0.030112,0.61687,0.687768,0.0,0.422635,0.0,0.0,1.0,1.0,3.831333,-22.500015,11.0,0,0
0.202814,-0.309427,0.0,0.27536,0.399872,0.0,0.369971,0.024279,0.468457,0.796305,0.0,0.630029,0.0,0.0,1.0,1.0,4.671333,-45.000016,10.0,0,0
0.065395,-0.157882,0.0,0.143618,0.346714,0.0,0.17089,0.015872,0.353553,0.853549,0.0,0.82911,0.0,0.0,1.0,1.0,5.471333,-67.500001,9.0,0,1
