mean_x,mean_y,mean_z,std_x,std_y,std_z,R,log_rmsW,rX_ratio,rY_ratio,rZ_ratio,psi,elev_normalized,elev_sin,elev_cos,is_synthetic,time_s,azimuth_deg,az_sector,elev_class,psi_cls
-0.082284,0.119028,0.026398,0.595851,0.647495,0.451682,0.147088,0.025648,0.718562,0.824429,0.469654,0.852912,0.444444,0.642788,0.766044,0.0,1.291333,134.169843,4.0,2,2
0.030657,0.123424,0.030204,0.598971,0.618146,0.491915,0.130712,0.026031,0.647409,0.816282,0.480714,0.869288,0.444444,0.642788,0.766044,0.0,2.161333,139.757021,4.0,2,2
0.093679,0.143287,0.007433,0.574785,0.615609,0.51107,0.171354,0.021867,0.519018,0.873921,0.530649,0.828646,0.444444,0.642788,0.766044,0.0,2.841333,98.140302,3.0,1,1
0.052075,0.085584,0.019414,0.595111,0.59332,0.53226,0.102046,0.019059,0.521057,0.745948,0.485532,0.897954,0.444444,0.642788,0.766044,0.0,3.111333,104.894492,3.0,1,2
0.071905,0.115456,-0.014202,0.587001,0.59267,0.534202,0.136756,0.024028,0.397716,0.405992,0.313839,0.863244,0.444444,0.642788,0.766044,0.0,3.861333,56.567333,1.0,0,2
0.056181,0.101135,-0.003287,0.531342,0.527427,0.458127,0.115739,0.022047,0.412113,0.401077,0.311076,0.884261,0.444444,0.642788,0.766044,0.0,4.441333,52.2172,1.0,1,2
0.033637,0.019779,-0.008596,0.332066,0.378824,0.27101,0.039957,0.014888,0.227438,0.272235,0.141097,0.960043,0.444444,0.642788,0.766044,0.0,5.351333,58.944826,1.0,0,2
