mean_x,mean_y,mean_z,std_x,std_y,std_z,R,log_rmsW,rX_ratio,rY_ratio,rZ_ratio,psi,elev_normalized,elev_sin,elev_cos,is_synthetic,time_s,azimuth_deg,az_sector,elev_class,psi_cls
0.131936,-0.127557,-0.002506,0.59367,0.610586,0.490896,0.183533,0.017587,0.703446,0.776124,0.6368,0.816467,0.833333,0.965926,0.258819,0.0,0.361333,-49.538257,10.0,1,1
0.115567,-0.254245,-0.035338,0.573395,0.585754,0.498785,0.281505,0.025842,0.569164,1.096287,0.697146,0.718495,0.833333,0.965926,0.258819,0.0,1.101333,-27.68865,11.0,0,0
0.055994,-0.242737,0.004198,0.579168,0.57,0.526804,0.249147,0.025905,0.620506,1.114802,0.744511,0.750853,0.833333,0.965926,0.258819,0.0,1.911333,-49.554578,10.0,1,0
0.037659,-0.201834,-0.008483,0.588306,0.575009,0.53006,0.205492,0.024254,0.615245,1.129933,0.740774,0.794508,0.833333,0.965926,0.258819,0.0,2.151333,-64.589537,9.0,0,1
0.118502,-0.287361,-0.006101,0.564001,0.565761,0.514884,0.310896,0.025761,0.740418,1.172493,0.64077,0.689104,0.833333,0.965926,0.258819,0.0,2.721333,-86.6549,9.0,0,0
0.011969,-0.092133,-0.001539,0.5833,0.576535,0.564507,0.09292,0.030537,0.55589,0.525777,0.467775,0.90708,0.833333,0.965926,0.258819,0.0,4.471333,-51.087415,10.0,1,2
-0.030001,-0.032676,-0.029618,0.574378,0.529136,0.622244,0.053339,0.029671,0.510401,0.343009,0.506495,0.946661,0.833333,0.965926,0.258819,0.0,5.191333,-126.861877,7.0,0,2
0.028866,0.011766,-0.039369,0.541106,0.48464,0.581857,0.050216,0.02236,0.517422,0.267916,0.515642,0.949784,0.833333,0.965926,0.258819,0.0,6.021333,-129.718347,7.0,0,2
0.0317,0.018568,-0.030128,0.434593,0.379154,0.434625,0.047512,0.011744,0.743855,0.154644,0.547469,0.952488,0.833333,0.965926,0.258819,0.0,6.711333,175.80443,5.0,0,2
