mean_x,mean_y,mean_z,std_x,std_y,std_z,R,log_rmsW,rX_ratio,rY_ratio,rZ_ratio,psi,elev_normalized,elev_sin,elev_cos,is_synthetic,time_s,azimuth_deg,az_sector,elev_class,psi_cls
0.025679,-0.224727,-0.008465,0.550422,0.582792,0.553253,0.226348,0.025239,0.461493,1.066177,0.663178,0.773652,0.833333,0.965926,0.258819,0.0,2.241333,-69.512295,9.0,0,0
-0.032233,-0.278386,0.017922,0.543161,0.588936,0.528398,0.280818,0.025297,0.376029,0.980648,0.551833,0.719182,0.833333,0.965926,0.258819,0.0,3.021333,-98.413378,8.0,1,0
-0.072264,-0.323978,-0.01201,0.552046,0.529298,0.55198,0.332157,0.036358,0.451747,0.468343,0.477552,0.667843,0.833333,0.965926,0.258819,0.0,4.631333,-105.497615,8.0,0,0
-0.066194,-0.271124,-0.048332,0.589362,0.525703,0.544063,0.283242,0.036389,0.567061,0.435716,0.464717,0.716758,0.833333,0.965926,0.258819,0.0,5.441333,-104.257992,8.0,0,0
-0.017644,-0.145831,-0.035686,0.617984,0.500144,0.468197,0.151167,0.028604,0.57309,0.451463,0.449566,0.848833,0.833333,0.965926,0.258819,0.0,6.261333,-162.532486,6.0,0,2
-0.01205,-0.045521,-0.014932,0.487193,0.378466,0.309972,0.049399,0.016239,0.682535,0.419963,0.433946,0.950601,0.833333,0.965926,0.258819,0.0,7.051333,-79.877946,9.0,0,2
