mean_x,mean_y,mean_z,std_x,std_y,std_z,R,log_rmsW,rX_ratio,rY_ratio,rZ_ratio,psi,elev_normalized,elev_sin,elev_cos,is_synthetic,time_s,azimuth_deg,az_sector,elev_class,psi_cls
-0.100403,0.112053,-0.01571,0.595315,0.562706,0.55313,0.151273,0.025345,0.661008,0.714904,0.62353,0.848727,0.833333,0.965926,0.258819,0.0,0.171333,143.594997,4.0,0,2
-0.069602,0.102363,0.000865,0.560103,0.603104,0.554182,0.123787,0.026857,0.582935,0.821814,0.579274,0.876213,0.833333,0.965926,0.258819,0.0,0.991333,148.88815,4.0,1,2
-0.005927,0.140661,-0.01364,0.532852,0.598747,0.580917,0.141445,0.022562,0.543311,0.932463,0.620319,0.858555,0.833333,0.965926,0.258819,0.0,1.791333,112.256191,3.0,0,2
0.050041,0.091724,-0.052671,0.523034,0.538609,0.637342,0.117011,0.019637,0.473869,0.533284,0.562044,0.882989,0.833333,0.965926,0.258819,0.0,2.791333,98.173107,3.0,0,2
0.035653,0.093328,-0.037885,0.424898,0.432857,0.55614,0.106848,0.017366,0.516617,0.524522,0.604888,0.893152,0.833333,0.965926,0.258819,0.0,3.381333,56.10783,1.0,0,2
0.022915,0.003452,-0.08075,0.282383,0.239304,0.331058,0.084009,0.01127,0.436261,0.266731,0.539107,0.915991,0.833333,0.965926,0.258819,0.0,4.251333,8.763462,0.0,0,2
