mean_x,mean_y,mean_z,std_x,std_y,std_z,R,log_rmsW,rX_ratio,rY_ratio,rZ_ratio,psi,elev_normalized,elev_sin,elev_cos,is_synthetic,time_s,azimuth_deg,az_sector,elev_class,psi_cls
-0.104213,0.058791,0.024375,0.57456,0.59065,0.553186,0.122111,0.025435,0.851179,0.722002,0.594524,0.877889,0.833333,0.965926,0.258819,0.0,0.791333,159.189795,5.0,2,2
-0.103447,0.083166,0.071679,0.562321,0.579253,0.570453,0.15085,0.026579,0.814829,0.738341,0.618267,0.84915,0.833333,0.965926,0.258819,0.0,1.431333,146.912779,4.0,2,2
-0.061458,0.022317,0.072552,0.572712,0.585539,0.565235,0.097667,0.023866,0.808811,0.699522,0.56989,0.902333,0.833333,0.965926,0.258819,0.0,1.711333,148.904975,4.0,2,2
-0.029055,0.070828,0.082461,0.555353,0.603015,0.561439,0.11252,0.020477,0.878504,0.873203,0.667626,0.88748,0.833333,0.965926,0.258819,0.0,2.281333,134.807224,4.0,2,2
0.023162,0.103908,0.043634,0.528816,0.643141,0.541645,0.115053,0.027234,0.437432,0.941417,0.548651,0.884947,0.833333,0.965926,0.258819,0.0,3.011333,108.076333,3.0,2,2
-0.026042,0.097192,-0.01722,0.531428,0.653237,0.529493,0.102084,0.025803,0.506769,1.020421,0.516761,0.897916,0.833333,0.965926,0.258819,0.0,3.831333,80.192127,2.0,0,2
0.000523,0.015608,-0.05716,0.492289,0.564363,0.451498,0.059255,0.019307,0.58268,0.993009,0.440183,0.940745,0.833333,0.965926,0.258819,0.0,4.721333,61.678225,2.0,0,2
-0.020505,0.003844,-0.050024,0.462027,0.509008,0.427459,0.0542,0.00821,0.943906,1.335762,0.547223,0.9458,0.833333,0.965926,0.258819,0.0,4.941333,-104.220501,8.0,0,2
-0.03235,-0.001905,-0.046302,0.369568,0.4186,0.288506,0.056515,0.006027,1.213604,1.735857,0.566514,0.943485,0.833333,0.965926,0.258819,0.0,5.461333,61.504327,2.0,0,2
