mean_x,mean_y,mean_z,std_x,std_y,std_z,R,log_rmsW,rX_ratio,rY_ratio,rZ_ratio,psi,elev_normalized,elev_sin,elev_cos,is_synthetic,time_s,azimuth_deg,az_sector,elev_class,psi_cls
0.415877,0.413865,0.0,0.366789,0.362719,0.0,0.586718,0.029185,0.685627,0.619249,0.0,0.413282,0.0,0.0,1.0,1.0,0.711333,67.499996,2.0,0,0
0.375645,0.301529,0.0,0.388756,0.325339,0.0,0.481694,0.027609,0.714982,0.58511,0.0,0.518306,0.0,0.0,1.0,1.0,0.961333,67.499998,2.0,0,0
0.544755,0.200007,0.0,0.428421,0.268449,0.0,0.580311,0.03014,0.833485,0.398567,0.0,0.419689,0.0,0.0,1.0,1.0,1.581333,44.999998,1.0,0,0
0.614757,0.002028,0.0,0.433587,0.242887,0.0,0.614761,0.029607,0.885044,0.265047,0.0,0.385239,0.0,0.0,1.0,1.0,2.311333,22.500001,0.0,0,0
0.481078,-0.053461,0.0,0.45905,0.18683,0.0,0.48404,0.025877,0.894703,0.230348,0.0,0.515961,0.0,0.0,1.0,1.0,2.601333,22.500005,0.0,0,0
0.532702,-0.233547,0.0,0.410464,0.284318,0.0,0.581649,0.028495,0.827396,0.411059,0.0,0.418351,0.0,0.0,1.0,1.0,3.191333,0.0,0.0,0,0
0.415181,-0.41667,0.0,0.357791,0.358528,0.0,0.588208,0.026161,0.656215,0.650335,0.0,0.411792,0.0,0.0,1.0,1.0,3.911333,-22.500013,11.0,0,0
0.061412,-0.148296,0.0,0.139785,0.33746,0.0,0.160509,0.010503,0.353553,0.853559,0.0,0.839491,0.0,0.0,1.0,1.0,5.571333,-67.500002,9.0,0,1
