mean_x,mean_y,mean_z,std_x,std_y,std_z,R,log_rmsW,rX_ratio,rY_ratio,rZ_ratio,psi,elev_normalized,elev_sin,elev_cos,is_synthetic,time_s,azimuth_deg,az_sector,elev_class,psi_cls
0.053201,-0.271803,-0.028781,0.600875,0.566397,0.490435,0.278452,0.026965,0.609595,0.769331,0.435478,0.721548,0.444444,0.642788,0.766044,0.0,0.421333,-28.700351,11.0,0,0
-0.026687,-0.303806,-0.007637,0.62249,0.555962,0.458547,0.305072,0.028828,0.636692,0.8028,0.446775,0.694928,0.444444,0.642788,0.766044,0.0,1.231333,84.103822,2.0,0,0
-0.043669,-0.258227,0.016095,0.628975,0.58397,0.440926,0.262387,0.030572,0.65328,0.857623,0.445296,0.737613,0.444444,0.642788,0.766044,0.0,2.051333,-68.607949,9.0,1,0
-0.0579,-0.228508,0.058843,0.613583,0.595396,0.458112,0.242963,0.040227,0.484746,0.838838,0.346034,0.757037,0.444444,0.642788,0.766044,0.0,2.771333,-65.602832,9.0,2,0
-0.057076,-0.253078,0.061667,0.589633,0.606116,0.462318,0.266662,0.042851,0.419031,0.815852,0.275454,0.733338,0.444444,0.642788,0.766044,0.0,3.671333,-116.300024,8.0,2,0
-0.134302,-0.220318,0.034726,0.600907,0.58667,0.476328,0.260351,0.039644,0.473003,0.778798,0.28326,0.739649,0.444444,0.642788,0.766044,0.0,4.401333,-96.430123,8.0,2,0
-0.112513,-0.109587,-0.030258,0.528887,0.487453,0.4131,0.15995,0.023775,0.600399,0.65955,0.334092,0.84005,0.444444,0.642788,0.766044,0.0,5.331333,-119.724732,8.0,0,1
-0.05418,-0.038851,-0.023924,0.391248,0.348162,0.315086,0.070832,0.013983,0.675779,0.399927,0.355873,0.929168,0.444444,0.642788,0.766044,0.0,6.001333,154.799616,5.0,0,2
-0.034626,-0.026758,-0.009529,0.311376,0.300784,0.272317,0.044786,0.00477,0.427297,0.432526,0.264755,0.955214,0.444444,0.642788,0.766044,0.0,6.231333,-84.91533,9.0,0,2
