mean_x,mean_y,mean_z,std_x,std_y,std_z,R,log_rmsW,rX_ratio,rY_ratio,rZ_ratio,psi,elev_normalized,elev_sin,elev_cos,is_synthetic,time_s,azimuth_deg,az_sector,elev_class,psi_cls
-0.235023,-0.47183,0.0,0.282471,0.421781,0.0,0.527124,0.02601,0.461277,0.800486,0.0,0.472876,0.0,0.0,1.0,1.0,0.451333,-89.999999,9.0,0,0
-0.390733,-0.338294,0.0,0.377287,0.333475,0.0,0.516832,0.026323,0.71178,0.589001,0.0,0.483168,0.0,0.0,1.0,1.0,1.291333,-112.499992,8.0,0,0
-0.547226,-0.226504,0.0,0.425131,0.280835,0.0,0.59225,0.028247,0.834733,0.395948,0.0,0.40775,0.0,0.0,1.0,1.0,1.901333,-135.000002,7.0,0,0
-0.567717,0.029355,0.0,0.442653,0.228967,0.0,0.568476,0.024621,0.887356,0.257202,0.0,0.431524,0.0,0.0,1.0,1.0,2.801333,-157.500007,6.0,0,0
-0.563144,0.235522,0.0,0.40748,0.281747,0.0,0.610411,0.02551,0.82403,0.417766,0.0,0.389589,0.0,0.0,1.0,1.0,3.511333,180.0,6.0,0,0
-0.436782,0.426582,0.0,0.349302,0.354794,0.0,0.610534,0.026606,0.584359,0.715596,0.0,0.389466,0.0,0.0,1.0,1.0,4.301333,157.500002,5.0,0,0
-0.226555,0.543595,0.0,0.27981,0.425862,0.0,0.588917,0.030494,0.35548,0.852753,0.0,0.411083,0.0,0.0,1.0,1.0,5.101333,134.999998,4.0,0,0
-0.077123,0.39338,0.0,0.151424,0.465119,0.0,0.400869,0.026822,0.231836,0.894318,0.0,0.599131,0.0,0.0,1.0,1.0,5.901333,112.499998,3.0,0,0
0.0,0.154624,0.0,0.0,0.355535,0.0,0.154624,0.015634,0.0,0.92388,0.0,0.845376,0.0,0.0,1.0,1.0,6.791333,90.0,3.0,0,1
