mean_x,mean_y,mean_z,std_x,std_y,std_z,R,log_rmsW,rX_ratio,rY_ratio,rZ_ratio,psi,elev_normalized,elev_sin,elev_cos,is_synthetic,time_s,azimuth_deg,az_sector,elev_class,psi_cls
-0.065925,-0.09953,0.001716,0.646688,0.555275,0.508916,0.119396,0.008192,0.514496,0.420815,0.361869,0.880604,0.0,0.0,1.0,0.0,0.401333,-58.133682,10.0,1,2
-0.076178,-0.05517,0.001715,0.612676,0.56975,0.539404,0.094073,0.008484,0.514272,0.585883,0.461294,0.905927,0.0,0.0,1.0,0.0,1.031333,171.839769,5.0,1,2
-0.022924,-0.067261,0.018869,0.580194,0.592831,0.553506,0.073522,0.011587,0.332153,0.450394,0.315768,0.926478,0.0,0.0,1.0,0.0,1.831333,176.486385,5.0,1,2
0.080886,-0.033058,0.022432,0.573849,0.597916,0.552248,0.090214,0.011579,0.565797,0.57629,0.520441,0.909786,0.0,0.0,1.0,0.0,2.631333,145.55187,4.0,2,2
0.039319,-0.027843,0.025838,0.525284,0.459504,0.461297,0.05467,0.005154,1.174686,0.97818,1.035777,0.94533,0.0,0.0,1.0,0.0,3.601333,0.926045,0.0,2,2
0.011953,0.011167,0.00965,0.408604,0.352959,0.347821,0.018992,0.003527,1.643465,1.384672,1.477559,0.981008,0.0,0.0,1.0,0.0,4.181333,17.118763,0.0,1,2
