mean_x,mean_y,mean_z,std_x,std_y,std_z,R,log_rmsW,rX_ratio,rY_ratio,rZ_ratio,psi,elev_normalized,elev_sin,elev_cos,is_synthetic,time_s,azimuth_deg,az_sector,elev_class,psi_cls
-0.114261,-0.049312,-0.000184,0.604851,0.532272,0.578936,0.124449,0.013259,0.419854,0.253026,0.355015,0.875551,0.0,0.0,1.0,0.0,0.691333,136.318789,4.0,1,2
-0.123325,-0.067728,0.02398,0.607335,0.531484,0.572755,0.142728,0.012569,0.418025,0.23392,0.352297,0.857272,0.0,0.0,1.0,0.0,1.001333,176.395282,5.0,2,2
-0.105444,-0.083811,0.011138,0.603609,0.545432,0.565381,0.135155,0.011701,0.438025,0.323016,0.409922,0.864845,0.0,0.0,1.0,0.0,1.571333,-163.350887,6.0,1,2
-0.033451,-0.048363,0.003474,0.596773,0.564383,0.567196,0.058906,0.010689,0.478924,0.401742,0.421736,0.941094,0.0,0.0,1.0,0.0,2.311333,129.18119,4.0,1,2
0.026961,-0.058573,0.02498,0.586099,0.573212,0.56826,0.06915,0.009119,0.489156,0.444409,0.431301,0.93085,0.0,0.0,1.0,0.0,2.591333,178.992205,5.0,2,2
0.138265,-0.07437,-0.003256,0.609986,0.575429,0.521509,0.157031,0.013274,0.454486,0.340183,0.243367,0.842969,0.0,0.0,1.0,0.0,3.231333,-64.696367,9.0,1,1
0.13034,-0.043699,-0.044358,0.634029,0.584103,0.485549,0.14445,0.01309,0.570746,0.322672,0.21018,0.85555,0.0,0.0,1.0,0.0,4.011333,-15.87644,11.0,0,2
-0.003958,0.009667,-0.022805,0.341988,0.367144,0.308168,0.025084,0.003975,0.864898,0.630528,0.396587,0.974916,0.0,0.0,1.0,0.0,5.561333,10.369524,0.0,0,2
