mean_x,mean_y,mean_z,std_x,std_y,std_z,R,log_rmsW,rX_ratio,rY_ratio,rZ_ratio,psi,elev_normalized,elev_sin,elev_cos,is_synthetic,time_s,azimuth_deg,az_sector,elev_class,psi_cls
-0.127294,0.137144,0.068851,0.633447,0.582525,0.468561,0.199381,0.019631,0.9467,0.890887,0.459424,0.800619,0.444444,0.642788,0.766044,0.0,0.691333,160.619556,5.0,2,1
-0.05376,0.117582,0.035414,0.638856,0.591754,0.472854,0.134052,0.019897,0.794782,0.890615,0.507647,0.865948,0.444444,0.642788,0.766044,0.0,1.641333,127.109007,4.0,2,2
-0.071373,0.151675,0.027771,0.595459,0.5832,0.525711,0.169914,0.021164,0.575505,0.84376,0.541425,0.830086,0.444444,0.642788,0.766044,0.0,2.291333,123.22748,4.0,2,1
-0.053262,0.100342,0.039524,0.59286,0.577804,0.5478,0.120281,0.019407,0.464336,0.756247,0.516431,0.879719,0.444444,0.642788,0.766044,0.0,2.591333,132.182042,4.0,2,2
0.003916,0.156809,0.00606,0.585787,0.568366,0.555978,0.156975,0.023138,0.411472,0.648469,0.48127,0.843025,0.444444,0.642788,0.766044,0.0,3.171333,88.399988,2.0,1,1
-0.014597,0.12385,0.013977,0.607698,0.56193,0.546919,0.125488,0.020442,0.409549,0.53493,0.429247,0.874512,0.444444,0.642788,0.766044,0.0,3.401333,123.213854,4.0,1,2
5e-06,0.084437,0.021159,0.596276,0.59209,0.535007,0.087048,0.023537,0.484425,0.512617,0.440323,0.912952,0.444444,0.642788,0.766044,0.0,3.971333,88.6255,2.0,1,2
-0.017539,0.019636,0.036869,0.49422,0.516416,0.406926,0.045304,0.018681,0.496873,0.528045,0.418374,0.954696,0.444444,0.642788,0.766044,0.0,4.901333,75.932203,2.0,2,2
-0.026953,-0.034052,0.045197,0.314138,0.381114,0.301237,0.062679,0.010832,0.486626,0.666753,0.504513,0.937321,0.444444,0.642788,0.766044,0.0,5.581333,76.751932,2.0,2,2
