mean_x,mean_y,mean_z,std_x,std_y,std_z,R,log_rmsW,rX_ratio,rY_ratio,rZ_ratio,psi,elev_normalized,elev_sin,elev_cos,is_synthetic,time_s,azimuth_deg,az_sector,elev_class,psi_cls
-0.437629,-0.453886,0.0,0.35033,0.344544,0.0,0.630501,0.029072,0.726357,0.570928,0.0,0.369499,0.0,0.0,1.0,1.0,1.011333,-112.499987,8.0,0,0
-0.533942,-0.216032,0.0,0.432003,0.276407,0.0,0.575989,0.033065,0.832736,0.400131,0.0,0.424011,0.0,0.0,1.0,1.0,1.781333,-135.000001,7.0,0,0
-0.58293,0.001431,0.0,0.455286,0.243521,0.0,0.582932,0.03058,0.885873,0.262265,0.0,0.417068,0.0,0.0,1.0,1.0,2.551333,-157.500006,6.0,0,0
-0.546276,0.228073,0.0,0.420103,0.282977,0.0,0.591975,0.027141,0.848153,0.366319,0.0,0.408025,0.0,0.0,1.0,1.0,3.351333,180.0,6.0,0,0
-0.427689,0.229484,0.0,0.414834,0.282007,0.0,0.485367,0.019951,0.776795,0.500143,0.0,0.514633,0.0,0.0,1.0,1.0,3.591333,180.0,6.0,0,0
-0.41995,0.414407,0.0,0.357543,0.362876,0.0,0.589992,0.02432,0.607883,0.695724,0.0,0.410008,0.0,0.0,1.0,1.0,4.151333,157.499999,5.0,0,0
-0.068321,0.371876,0.0,0.145191,0.46449,0.0,0.3781,0.020787,0.232187,0.894227,0.0,0.6219,0.0,0.0,1.0,1.0,5.791333,112.5,3.0,0,0
0.0,0.159696,0.0,0.0,0.36297,0.0,0.159696,0.010089,0.0,0.92388,0.0,0.840304,0.0,0.0,1.0,1.0,6.631333,90.0,3.0,0,1
