mean_x,mean_y,mean_z,std_x,std_y,std_z,R,log_rmsW,rX_ratio,rY_ratio,rZ_ratio,psi,elev_normalized,elev_sin,elev_cos,is_synthetic,time_s,azimuth_deg,az_sector,elev_class,psi_cls
-0.083201,-0.044557,-0.024484,0.636985,0.556419,0.524299,0.097505,0.008955,0.670045,0.493113,0.443253,0.902495,0.0,0.0,1.0,0.0,0.621333,-59.05189,10.0,0,2
-0.047914,-0.036168,-0.05613,0.639106,0.575466,0.503353,0.082186,0.008391,0.659979,0.577535,0.425412,0.917814,0.0,0.0,1.0,0.0,1.491333,-166.685236,6.0,0,2
0.032244,-0.001685,-0.057072,0.651215,0.551643,0.516813,0.065572,0.00768,0.667435,0.552225,0.460173,0.934428,0.0,0.0,1.0,0.0,2.231333,133.011537,4.0,0,2
0.111109,0.004171,-0.069019,0.61124,0.610728,0.485857,0.130867,0.010752,0.349976,0.350026,0.197189,0.869133,0.0,0.0,1.0,0.0,3.021333,148.497408,4.0,0,2
0.116923,-0.031258,-0.059262,0.635047,0.582592,0.488788,0.134759,0.010929,0.445245,0.295597,0.219061,0.865241,0.0,0.0,1.0,0.0,3.831333,168.411054,5.0,0,2
0.098177,-0.037754,-0.010082,0.555586,0.551844,0.4238,0.105668,0.009523,0.407167,0.29278,0.189222,0.894332,0.0,0.0,1.0,0.0,4.651333,-6.224553,11.0,0,2
0.032487,-0.015058,0.032904,0.354237,0.305834,0.287629,0.048629,0.002924,0.599721,0.239197,0.395018,0.951371,0.0,0.0,1.0,0.0,5.651333,-97.491713,8.0,2,2
