mean_x,mean_y,mean_z,std_x,std_y,std_z,R,log_rmsW,rX_ratio,rY_ratio,rZ_ratio,psi,elev_normalized,elev_sin,elev_cos,is_synthetic,time_s,azimuth_deg,az_sector,elev_class,psi_cls
0.412266,0.410289,0.0,0.366814,0.362632,0.0,0.581636,0.033996,0.625781,0.67967,0.0,0.418364,0.0,0.0,1.0,1.0,0.451333,67.499993,2.0,0,0
0.366272,0.291727,0.0,0.392202,0.322824,0.0,0.468252,0.02698,0.742478,0.549799,0.0,0.531748,0.0,0.0,1.0,1.0,0.711333,67.499993,2.0,0,0
0.53171,0.221105,0.0,0.43368,0.280984,0.0,0.57585,0.030714,0.823606,0.418601,0.0,0.42415,0.0,0.0,1.0,1.0,1.251333,45.000022,1.0,0,0
0.567581,-0.005607,0.0,0.459923,0.240635,0.0,0.567609,0.031253,0.876349,0.292516,0.0,0.432391,0.0,0.0,1.0,1.0,2.071333,22.500042,0.0,0,0
0.457623,-0.222847,0.0,0.430254,0.283925,0.0,0.508999,0.028771,0.791488,0.47655,0.0,0.491001,0.0,0.0,1.0,1.0,2.991333,0.0,0.0,0,0
0.288926,-0.203212,0.0,0.384103,0.285421,0.0,0.353233,0.02356,0.74265,0.549567,0.0,0.646767,0.0,0.0,1.0,1.0,3.741333,-22.500006,11.0,0,0
0.138145,-0.138154,0.0,0.27946,0.279481,0.0,0.195373,0.016913,0.65328,0.653281,0.0,0.804627,0.0,0.0,1.0,1.0,4.451333,-45.000004,10.0,0,1
