mean_x,mean_y,mean_z,std_x,std_y,std_z,R,log_rmsW,rX_ratio,rY_ratio,rZ_ratio,psi,elev_normalized,elev_sin,elev_cos,is_synthetic,time_s,azimuth_deg,az_sector,elev_class,psi_cls
0.221424,-0.069995,-0.11793,0.597938,0.596052,0.468141,0.260452,0.014701,0.591403,0.464736,0.317743,0.739548,0.0,0.0,1.0,0.0,0.181333,23.773811,0.0,0,0
0.11453,-0.10722,-0.079809,0.582535,0.607418,0.510458,0.176019,0.015579,0.616852,0.641085,0.556509,0.823981,0.0,0.0,1.0,0.0,1.711333,-28.317507,11.0,0,1
0.033864,-0.109684,-0.049358,0.583661,0.619779,0.509361,0.124954,0.012356,0.70229,1.176481,0.58897,0.875046,0.0,0.0,1.0,0.0,2.611333,-36.600759,10.0,0,2
-0.079575,-0.075064,-0.028743,0.580974,0.611482,0.524856,0.113106,0.01071,0.657179,1.27035,0.443122,0.886894,0.0,0.0,1.0,0.0,3.431333,-100.794158,8.0,0,2
-0.149056,0.041584,0.040141,0.585262,0.631962,0.481863,0.15987,0.00825,0.99017,1.809549,0.489239,0.84013,0.0,0.0,1.0,0.0,4.151333,-90.314945,8.0,2,1
-0.148733,0.084134,0.071876,0.573187,0.578263,0.549874,0.185382,0.009728,0.650274,0.941319,0.408941,0.814618,0.0,0.0,1.0,0.0,5.021333,-143.070744,7.0,2,1
-0.103736,0.08542,0.084991,0.553547,0.55372,0.508452,0.159,0.008566,0.69577,1.044934,0.444687,0.841,0.0,0.0,1.0,0.0,5.711333,-134.889021,7.0,2,1
-0.001359,0.006155,0.022292,0.342142,0.33776,0.394054,0.023166,0.006238,0.226342,0.214097,0.264921,0.976834,0.0,0.0,1.0,0.0,6.731333,168.157385,5.0,2,2
