mean_x,mean_y,mean_z,std_x,std_y,std_z,R,log_rmsW,rX_ratio,rY_ratio,rZ_ratio,psi,elev_normalized,elev_sin,elev_cos,is_synthetic,time_s,azimuth_deg,az_sector,elev_class,psi_cls
0.554452,0.239592,0.0,0.417732,0.28026,0.0,0.604004,0.030443,0.825011,0.415825,0.0,0.395996,0.0,0.0,1.0,1.0,1.421333,44.999997,1.0,0,0
0.572738,-0.000959,0.0,0.459337,0.240918,0.0,0.572738,0.031638,0.868905,0.313937,0.0,0.427262,0.0,0.0,1.0,1.0,2.231333,22.500002,0.0,0,0
0.467134,-0.045165,0.0,0.471875,0.197908,0.0,0.469312,0.025198,0.877787,0.288171,0.0,0.530688,0.0,0.0,1.0,1.0,2.461333,22.5,0.0,0,0
0.528248,-0.220733,0.0,0.43595,0.285611,0.0,0.572512,0.030811,0.789286,0.480188,0.0,0.427488,0.0,0.0,1.0,1.0,3.021333,0.0,0.0,0,0
0.412718,-0.421645,0.0,0.353519,0.360357,0.0,0.590017,0.030167,0.674964,0.630854,0.0,0.409983,0.0,0.0,1.0,1.0,3.841333,-22.500013,11.0,0,0
0.212053,-0.322696,0.0,0.269341,0.396104,0.0,0.386134,0.022397,0.547217,0.744384,0.0,0.613866,0.0,0.0,1.0,1.0,4.691333,-45.000015,10.0,0,0
0.051557,-0.124625,0.0,0.130006,0.313777,0.0,0.134869,0.011389,0.353553,0.853555,0.0,0.865131,0.0,0.0,1.0,1.0,5.551333,-67.500003,9.0,0,2
