mean_x,mean_y,mean_z,std_x,std_y,std_z,R,log_rmsW,rX_ratio,rY_ratio,rZ_ratio,psi,elev_normalized,elev_sin,elev_cos,is_synthetic,time_s,azimuth_deg,az_sector,elev_class,psi_cls
-0.010502,-0.172817,0.012659,0.6267,0.531745,0.542464,0.173598,0.025876,0.63453,0.480845,0.508536,0.826402,0.444444,0.642788,0.766044,0.0,0.381333,-29.493875,11.0,1,1
-0.149102,-0.256496,-0.065113,0.589338,0.553943,0.503424,0.303746,0.032255,0.566968,0.77582,0.432539,0.696254,0.444444,0.642788,0.766044,0.0,1.231333,56.024298,1.0,0,0
-0.102064,-0.352983,-0.057267,0.580143,0.560421,0.459238,0.371878,0.043539,0.392952,0.771804,0.300222,0.628122,0.444444,0.642788,0.766044,0.0,2.811333,-129.224427,7.0,0,0
-0.105919,-0.338409,0.122281,0.537972,0.570247,0.494561,0.37509,0.039447,0.330341,0.760566,0.292342,0.62491,0.444444,0.642788,0.766044,0.0,3.661333,-88.771488,9.0,2,0
-0.166944,-0.290121,0.129676,0.559489,0.554025,0.501074,0.358966,0.038562,0.407638,0.632733,0.294468,0.641034,0.444444,0.642788,0.766044,0.0,4.391333,-87.305112,9.0,2,0
-0.231945,-0.163819,0.092046,0.553086,0.540606,0.559144,0.298509,0.028827,0.574771,0.497474,0.359717,0.701491,0.444444,0.642788,0.766044,0.0,5.091333,-131.411603,7.0,2,0
-0.191113,-0.0383,-0.022726,0.531046,0.490214,0.487495,0.196233,0.022587,0.647147,0.357722,0.28648,0.803767,0.444444,0.642788,0.766044,0.0,5.911333,-157.46117,6.0,0,1
-0.084913,0.014148,-0.02722,0.357001,0.360602,0.371329,0.090284,0.0101,0.723162,0.405026,0.356777,0.909716,0.444444,0.642788,0.766044,0.0,6.701333,177.679747,5.0,0,2
