mean_x,mean_y,mean_z,std_x,std_y,std_z,R,log_rmsW,rX_ratio,rY_ratio,rZ_ratio,psi,elev_normalized,elev_sin,elev_cos,is_synthetic,time_s,azimuth_deg,az_sector,elev_class,psi_cls
-0.144272,0.119678,-0.036585,0.572825,0.573804,0.553234,0.190986,0.030485,0.592591,0.534371,0.472922,0.809014,0.833333,0.965926,0.258819,0.0,0.341333,157.544756,5.0,0,1
-0.109558,0.145142,-0.019372,0.562744,0.58508,0.554526,0.182878,0.024689,0.683974,0.743032,0.602939,0.817122,0.833333,0.965926,0.258819,0.0,1.091333,142.919302,4.0,0,1
-0.044614,0.151889,-0.036632,0.546361,0.617991,0.541385,0.162489,0.029806,0.441675,0.758835,0.49261,0.837511,0.833333,0.965926,0.258819,0.0,1.931333,139.136688,4.0,0,1
-0.029063,0.10693,-0.022847,0.548325,0.597019,0.574479,0.11314,0.026276,0.620022,1.038961,0.709297,0.88686,0.833333,0.965926,0.258819,0.0,2.721333,114.09743,3.0,0,2
0.06442,0.022358,-0.078632,0.569853,0.560135,0.592145,0.104081,0.024412,0.704723,0.882822,0.736785,0.895919,0.833333,0.965926,0.258819,0.0,3.621333,89.790713,2.0,0,2
0.053171,-0.005718,-0.091691,0.313689,0.253145,0.352044,0.106146,0.01415,0.4499,0.268228,0.512923,0.893854,0.833333,0.965926,0.258819,0.0,5.161333,11.031624,0.0,0,2
