mean_x,mean_y,mean_z,std_x,std_y,std_z,R,log_rmsW,rX_ratio,rY_ratio,rZ_ratio,psi,elev_normalized,elev_sin,elev_cos,is_synthetic,time_s,azimuth_deg,az_sector,elev_class,psi_cls
0.419048,0.432253,0.0,0.359881,0.355699,0.0,0.602033,0.030555,0.721421,0.577152,0.0,0.397967,0.0,0.0,1.0,1.0,0.531333,67.499996,2.0,0,0
0.529315,0.211491,0.0,0.431295,0.276989,0.0,0.570002,0.033898,0.846367,0.370427,0.0,0.429998,0.0,0.0,1.0,1.0,1.361333,44.999999,1.0,0,0
0.523778,-0.024099,0.0,0.460971,0.219892,0.0,0.524332,0.030879,0.889038,0.251328,0.0,0.475668,0.0,0.0,1.0,1.0,2.261333,22.5,0.0,0,0
0.470131,-0.22118,0.0,0.428558,0.284515,0.0,0.519561,0.025685,0.852436,0.356238,0.0,0.480439,0.0,0.0,1.0,1.0,3.061333,0.0,0.0,0,0
0.395559,-0.403813,0.0,0.364889,0.369531,0.0,0.565271,0.01897,0.762682,0.52141,0.0,0.434729,0.0,0.0,1.0,1.0,3.751333,-22.500014,11.0,0,0
0.215007,-0.325117,0.0,0.280888,0.402169,0.0,0.389781,0.011147,0.60168,0.701096,0.0,0.610219,0.0,0.0,1.0,1.0,4.541333,-45.000014,10.0,0,0
0.076181,-0.183886,0.0,0.151756,0.36633,0.0,0.199042,0.004136,0.353553,0.853548,0.0,0.800958,0.0,0.0,1.0,1.0,5.331333,-67.5,9.0,0,1
