mean_x,mean_y,mean_z,std_x,std_y,std_z,R,log_rmsW,rX_ratio,rY_ratio,rZ_ratio,psi,elev_normalized,elev_sin,elev_cos,is_synthetic,time_s,azimuth_deg,az_sector,elev_class,psi_cls
-0.071385,-0.106306,0.025863,0.584025,0.593226,0.538279,0.130636,0.009523,0.475169,0.469712,0.344106,0.869364,0.0,0.0,1.0,0.0,0.321333,165.012685,5.0,2,2
-0.071516,-0.078959,0.010187,0.567474,0.602457,0.550785,0.107018,0.007043,0.448814,0.574974,0.394002,0.892982,0.0,0.0,1.0,0.0,1.151333,-59.140483,10.0,1,2
0.023332,0.044952,-0.033223,0.577573,0.610842,0.537931,0.060571,0.006948,0.554758,0.818371,0.546625,0.939429,0.0,0.0,1.0,0.0,1.951333,-87.375086,9.0,0,2
0.096047,-0.019974,-0.039134,0.642545,0.563201,0.508597,0.10562,0.009058,0.738606,0.620094,0.451169,0.89438,0.0,0.0,1.0,0.0,3.511333,43.203492,1.0,0,2
0.032057,-0.036335,-0.003249,0.587226,0.466902,0.428832,0.048564,0.007739,0.777287,0.451392,0.333417,0.951436,0.0,0.0,1.0,0.0,4.261333,11.353611,0.0,1,2
0.000296,-0.048595,0.015459,0.522136,0.425685,0.403303,0.050996,0.006312,0.585323,0.397811,0.291468,0.949004,0.0,0.0,1.0,0.0,4.521333,-156.440274,6.0,1,2
-0.038571,-0.027976,0.001582,0.345775,0.318698,0.21381,0.047675,0.003751,0.721578,0.593333,0.291584,0.952325,0.0,0.0,1.0,0.0,5.221333,-17.44946,11.0,1,2
