mean_x,mean_y,mean_z,std_x,std_y,std_z,R,log_rmsW,rX_ratio,rY_ratio,rZ_ratio,psi,elev_normalized,elev_sin,elev_cos,is_synthetic,time_s,azimuth_deg,az_sector,elev_class,psi_cls
-0.096597,-0.020642,0.037013,0.620731,0.564156,0.533974,0.105485,0.011846,0.57135,0.466109,0.401501,0.894515,0.0,0.0,1.0,0.0,0.371333,145.325448,4.0,2,2
-0.045094,-0.034533,-0.045848,0.611378,0.595568,0.515737,0.072994,0.011124,0.536491,0.587148,0.444013,0.927006,0.0,0.0,1.0,0.0,1.161333,176.346711,5.0,0,2
0.011085,-0.019375,-0.093461,0.613584,0.608553,0.493693,0.09609,0.010055,0.594966,0.624227,0.471934,0.90391,0.0,0.0,1.0,0.0,1.911333,160.561267,5.0,0,2
0.115006,-0.028212,-0.07761,0.630843,0.593706,0.478911,0.141582,0.008037,1.073103,0.670648,0.416114,0.858418,0.0,0.0,1.0,0.0,2.671333,94.558906,3.0,0,2
0.15735,-0.076243,-0.035427,0.657691,0.551297,0.481063,0.178402,0.007332,1.297039,0.539617,0.362632,0.821598,0.0,0.0,1.0,0.0,3.571333,-43.287429,10.0,0,1
0.043982,-0.015935,0.003654,0.388396,0.33722,0.293231,0.046922,0.003057,1.616613,0.737745,0.419505,0.953078,0.0,0.0,1.0,0.0,5.051333,-9.357692,11.0,1,2
