mean_x,mean_y,mean_z,std_x,std_y,std_z,R,log_rmsW,rX_ratio,rY_ratio,rZ_ratio,psi,elev_normalized,elev_sin,elev_cos,is_synthetic,time_s,azimuth_deg,az_sector,elev_class,psi_cls
-0.224202,-0.49599,0.0,0.283841,0.431152,0.0,0.544309,0.025102,0.405878,0.829949,0.0,0.455691,0.0,0.0,1.0,1.0,0.221333,-90.0,9.0,0,0
-0.530707,-0.219656,0.0,0.435367,0.283,0.0,0.574368,0.031669,0.851732,0.357918,0.0,0.425632,0.0,0.0,1.0,1.0,1.741333,-135.000004,7.0,0,0
-0.602636,0.002642,0.0,0.442384,0.241352,0.0,0.602641,0.033738,0.879229,0.283742,0.0,0.397359,0.0,0.0,1.0,1.0,2.541333,-157.500004,6.0,0,0
-0.527265,0.228803,0.0,0.407794,0.280998,0.0,0.574769,0.025052,0.853336,0.354079,0.0,0.425231,0.0,0.0,1.0,1.0,3.451333,180.0,6.0,0,0
-0.425787,0.413324,0.0,0.358595,0.362151,0.0,0.593406,0.029351,0.627595,0.677996,0.0,0.406594,0.0,0.0,1.0,1.0,4.141333,157.499999,5.0,0,0
-0.183314,0.505833,0.0,0.262667,0.446268,0.0,0.538026,0.025257,0.329358,0.863178,0.0,0.461974,0.0,0.0,1.0,1.0,5.041333,134.999997,4.0,0,0
-0.07681,0.394994,0.0,0.151288,0.468538,0.0,0.402393,0.02375,0.297264,0.87475,0.0,0.597607,0.0,0.0,1.0,1.0,5.751333,112.499999,3.0,0,0
0.0,0.101685,0.0,0.0,0.299354,0.0,0.101685,0.009282,0.0,0.92388,0.0,0.898315,0.0,0.0,1.0,1.0,6.751333,90.0,3.0,0,2
