mean_x,mean_y,mean_z,std_x,std_y,std_z,R,log_rmsW,rX_ratio,rY_ratio,rZ_ratio,psi,elev_normalized,elev_sin,elev_cos,is_synthetic,time_s,azimuth_deg,az_sector,elev_class,psi_cls
-0.0975,0.189787,-0.034732,0.616836,0.584432,0.480687,0.216175,0.025966,0.964637,0.802878,0.468299,0.783825,0.444444,0.642788,0.766044,0.0,0.621333,158.719193,5.0,0,1
-0.04856,0.139074,-0.026629,0.58881,0.59532,0.525711,0.149695,0.026932,0.805694,0.808168,0.543125,0.850305,0.444444,0.642788,0.766044,0.0,1.471333,147.353265,4.0,0,2
-0.003867,0.111774,-0.041093,0.558273,0.609024,0.550544,0.119151,0.01913,0.553712,0.965887,0.746454,0.880849,0.444444,0.642788,0.766044,0.0,1.711333,80.374404,2.0,0,2
0.020616,0.069151,-0.006072,0.549153,0.590739,0.586623,0.072414,0.019816,0.431899,0.71349,0.68665,0.927586,0.444444,0.642788,0.766044,0.0,2.501333,129.622065,4.0,0,2
0.061671,0.08941,-0.031891,0.552326,0.599888,0.567597,0.113201,0.019868,0.52139,0.689057,0.661126,0.886799,0.444444,0.642788,0.766044,0.0,3.111333,81.511036,2.0,0,2
0.08955,0.008674,0.058215,0.58564,0.585516,0.5501,0.107161,0.025323,0.634351,0.513492,0.545393,0.892839,0.444444,0.642788,0.766044,0.0,3.811333,73.085936,2.0,2,2
0.025238,-0.026972,0.061672,0.540831,0.524471,0.475122,0.071888,0.021945,0.656006,0.422011,0.458494,0.928112,0.444444,0.642788,0.766044,0.0,4.661333,52.457912,1.0,2,2
0.011645,-0.04977,0.036509,0.375886,0.372628,0.330803,0.062813,0.01377,0.615403,0.384976,0.511093,0.937187,0.444444,0.642788,0.766044,0.0,5.471333,9.500759,0.0,2,2
