mean_x,mean_y,mean_z,std_x,std_y,std_z,R,log_rmsW,rX_ratio,rY_ratio,rZ_ratio,psi,elev_normalized,elev_sin,elev_cos,is_synthetic,time_s,azimuth_deg,az_sector,elev_class,psi_cls
-0.222116,-0.534773,0.0,0.285557,0.43239,0.0,0.579066,0.023806,0.533425,0.754328,0.0,0.420934,0.0,0.0,1.0,1.0,0.471333,-90.0,9.0,0,0
-0.423814,-0.418054,0.0,0.359525,0.353936,0.0,0.595304,0.030369,0.714449,0.585761,0.0,0.404696,0.0,0.0,1.0,1.0,1.281333,-112.499993,8.0,0,0
-0.553794,-0.235851,0.0,0.41171,0.275082,0.0,0.601925,0.033293,0.833843,0.397819,0.0,0.398075,0.0,0.0,1.0,1.0,2.081333,-135.000003,7.0,0,0
-0.493414,0.031775,0.0,0.46193,0.209164,0.0,0.494436,0.02567,0.896466,0.223387,0.0,0.505564,0.0,0.0,1.0,1.0,3.071333,-157.500008,6.0,0,0
-0.524512,0.220291,0.0,0.434963,0.286295,0.0,0.568894,0.027135,0.849269,0.363724,0.0,0.431106,0.0,0.0,1.0,1.0,3.671333,180.0,6.0,0,0
-0.399895,0.409706,0.0,0.361463,0.36705,0.0,0.572517,0.026121,0.590911,0.710195,0.0,0.427483,0.0,0.0,1.0,1.0,4.491333,157.499999,5.0,0,0
-0.224447,0.536891,0.0,0.281921,0.430976,0.0,0.581918,0.027025,0.386584,0.83911,0.0,0.418082,0.0,0.0,1.0,1.0,5.271333,134.999999,4.0,0,0
-0.060138,0.356175,0.0,0.138094,0.455875,0.0,0.361216,0.021515,0.249344,0.889596,0.0,0.638784,0.0,0.0,1.0,1.0,6.161333,112.499998,3.0,0,0
0.0,0.17261,0.0,0.0,0.3666,0.0,0.17261,0.012597,0.0,0.923881,0.0,0.82739,0.0,0.0,1.0,1.0,6.941333,90.0,3.0,0,1
