mean_x,mean_y,mean_z,std_x,std_y,std_z,R,log_rmsW,rX_ratio,rY_ratio,rZ_ratio,psi,elev_normalized,elev_sin,elev_cos,is_synthetic,time_s,azimuth_deg,az_sector,elev_class,psi_cls
0.431691,0.428624,0.0,0.354088,0.345941,0.0,0.608339,0.031902,0.651428,0.655129,0.0,0.391661,0.0,0.0,1.0,1.0,0.301333,67.499997,2.0,0,0
0.590274,0.254141,0.0,0.392432,0.273357,0.0,0.64266,0.027868,0.82552,0.414814,0.0,0.35734,0.0,0.0,1.0,1.0,1.101333,44.999998,1.0,0,0
0.610597,0.00138,0.0,0.430359,0.246333,0.0,0.610599,0.027656,0.872128,0.304872,0.0,0.389401,0.0,0.0,1.0,1.0,1.931333,22.500004,0.0,0,0
0.543859,-0.230538,0.0,0.417397,0.281114,0.0,0.590703,0.026683,0.804674,0.45393,0.0,0.409297,0.0,0.0,1.0,1.0,2.721333,0.0,0.0,0,0
0.395233,-0.421436,0.0,0.34352,0.363681,0.0,0.57777,0.032867,0.534112,0.753842,0.0,0.42223,0.0,0.0,1.0,1.0,3.581333,-22.500014,11.0,0,0
0.22672,-0.351515,0.0,0.277888,0.398003,0.0,0.418288,0.030037,0.450743,0.806464,0.0,0.581712,0.0,0.0,1.0,1.0,4.301333,-45.000012,10.0,0,0
0.084674,-0.204517,0.0,0.152548,0.368112,0.0,0.221352,0.024687,0.353553,0.853552,0.0,0.778648,0.0,0.0,1.0,1.0,5.101333,-67.500001,9.0,0,1
