mean_x,mean_y,mean_z,std_x,std_y,std_z,R,log_rmsW,rX_ratio,rY_ratio,rZ_ratio,psi,elev_normalized,elev_sin,elev_cos,is_synthetic,time_s,azimuth_deg,az_sector,elev_class,psi_cls
-0.227639,-0.425653,0.0,0.283502,0.423313,0.0,0.482701,0.022118,0.525964,0.759549,0.0,0.517299,0.0,0.0,1.0,1.0,0.451333,-90.0,9.0,0,0
-0.414638,-0.41398,0.0,0.365389,0.361173,0.0,0.585922,0.033952,0.756411,0.530468,0.0,0.414078,0.0,0.0,1.0,1.0,1.031333,-112.499995,8.0,0,0
-0.547407,-0.226038,0.0,0.424555,0.27977,0.0,0.592239,0.037363,0.847314,0.368256,0.0,0.407761,0.0,0.0,1.0,1.0,1.841333,-135.000001,7.0,0,0
-0.582208,-0.002757,0.0,0.451653,0.241433,0.0,0.582215,0.035429,0.879,0.284451,0.0,0.417785,0.0,0.0,1.0,1.0,2.641333,-157.500006,6.0,0,0
-0.482014,0.039919,0.0,0.465612,0.201526,0.0,0.483664,0.026053,0.900475,0.206634,0.0,0.516336,0.0,0.0,1.0,1.0,2.861333,-157.500004,6.0,0,0
-0.460248,0.222247,0.0,0.428293,0.282874,0.0,0.511099,0.022306,0.818115,0.429233,0.0,0.488901,0.0,0.0,1.0,1.0,3.581333,180.0,6.0,0,0
-0.390588,0.407625,0.0,0.357786,0.36886,0.0,0.56455,0.02505,0.557413,0.736779,0.0,0.43545,0.0,0.0,1.0,1.0,4.271333,157.499999,5.0,0,0
-0.175442,0.49701,0.0,0.252187,0.443023,0.0,0.527066,0.024427,0.326205,0.864375,0.0,0.472934,0.0,0.0,1.0,1.0,5.171333,134.999998,4.0,0,0
-0.076635,0.391521,0.0,0.150163,0.46402,0.0,0.398951,0.022072,0.271782,0.882999,0.0,0.601049,0.0,0.0,1.0,1.0,5.851333,112.499999,3.0,0,0
