mean_x,mean_y,mean_z,std_x,std_y,std_z,R,log_rmsW,rX_ratio,rY_ratio,rZ_ratio,psi,elev_normalized,elev_sin,elev_cos,is_synthetic,time_s,azimuth_deg,az_sector,elev_class,psi_cls
-0.089221,0.001819,-0.025742,0.625025,0.537953,0.557701,0.092878,0.012396,0.464077,0.33163,0.425135,0.907122,0.0,0.0,1.0,0.0,0.431333,113.812451,3.0,0,2
-0.021124,-0.01771,-0.042134,0.634971,0.544189,0.545783,0.05035,0.010961,0.513435,0.415966,0.479245,0.94965,0.0,0.0,1.0,0.0,1.181333,142.413025,4.0,0,2
0.03834,0.020067,-0.056266,0.58332,0.585158,0.558608,0.070983,0.008685,0.556944,0.675364,0.655913,0.929017,0.0,0.0,1.0,0.0,1.981333,113.196355,3.0,0,2
0.068306,0.038564,-0.091559,0.564798,0.604411,0.548572,0.120565,0.007835,0.665988,1.147282,0.745713,0.879435,0.0,0.0,1.0,0.0,2.871333,-50.677291,10.0,0,2
0.070134,0.031588,-0.116493,0.581723,0.615487,0.512946,0.139597,0.007779,0.674853,1.114682,0.651341,0.860403,0.0,0.0,1.0,0.0,3.731333,62.963608,2.0,0,2
0.068224,-0.004736,-0.105331,0.491861,0.512969,0.420463,0.125585,0.006538,0.715577,1.165227,0.637131,0.874415,0.0,0.0,1.0,0.0,4.361333,64.923771,2.0,0,2
0.000567,-0.00883,-0.023336,0.347438,0.342286,0.263003,0.024957,0.003091,0.581614,0.755597,0.35415,0.975043,0.0,0.0,1.0,0.0,5.141333,6.790084,0.0,0,2
