mean_x,mean_y,mean_z,std_x,std_y,std_z,R,log_rmsW,rX_ratio,rY_ratio,rZ_ratio,psi,elev_normalized,elev_sin,elev_cos,is_synthetic,time_s,azimuth_deg,az_sector,elev_class,psi_cls
0.415679,0.412831,0.0,0.366999,0.360635,0.0,0.585848,0.033604,0.640824,0.665506,0.0,0.414152,0.0,0.0,1.0,1.0,0.471333,67.499995,2.0,0,0
0.37425,0.303876,0.0,0.387985,0.325361,0.0,0.482082,0.027362,0.747372,0.543128,0.0,0.517918,0.0,0.0,1.0,1.0,0.711333,67.499996,2.0,0,0
0.51294,0.199088,0.0,0.438602,0.269805,0.0,0.550221,0.029741,0.854731,0.350698,0.0,0.449779,0.0,0.0,1.0,1.0,1.331333,44.999998,1.0,0,0
0.578667,0.001996,0.0,0.455133,0.243625,0.0,0.57867,0.033516,0.875937,0.293748,0.0,0.42133,0.0,0.0,1.0,1.0,2.061333,22.500002,0.0,0,0
0.482565,-0.046063,0.0,0.464478,0.202962,0.0,0.484759,0.028448,0.884626,0.266441,0.0,0.515241,0.0,0.0,1.0,1.0,2.291333,22.500002,0.0,0,0
0.465363,-0.225317,0.0,0.427597,0.283225,0.0,0.51704,0.028898,0.796529,0.468075,0.0,0.48296,0.0,0.0,1.0,1.0,3.001333,0.0,0.0,0,0
0.374294,-0.396826,0.0,0.354012,0.373872,0.0,0.545497,0.023009,0.740849,0.551993,0.0,0.454503,0.0,0.0,1.0,1.0,3.751333,-22.500012,11.0,0,0
0.215713,-0.327333,0.0,0.281133,0.402705,0.0,0.392019,0.015804,0.649596,0.656946,0.0,0.607981,0.0,0.0,1.0,1.0,4.471333,-45.00001,10.0,0,0
