mean_x,mean_y,mean_z,std_x,std_y,std_z,R,log_rmsW,rX_ratio,rY_ratio,rZ_ratio,psi,elev_normalized,elev_sin,elev_cos,is_synthetic,time_s,azimuth_deg,az_sector,elev_class,psi_cls
-0.154108,-0.022118,-0.026439,0.590141,0.644654,0.459414,0.157916,0.025134,0.873229,0.686788,0.404303,0.842084,0.444444,0.642788,0.766044,0.0,0.661333,151.447783,5.0,0,1
-0.079455,-0.030478,-0.015467,0.57657,0.639843,0.500562,0.086494,0.022418,0.855402,0.878604,0.456026,0.913505,0.444444,0.642788,0.766044,0.0,1.501333,155.871118,5.0,0,2
0.015292,0.046236,-0.050599,0.539377,0.653801,0.525917,0.070227,0.017591,0.592074,1.107261,0.546133,0.929773,0.444444,0.642788,0.766044,0.0,2.211333,124.9372,4.0,0,2
0.076411,0.08342,-0.073152,0.558925,0.574081,0.582889,0.134718,0.015281,0.505454,0.916651,0.562357,0.865282,0.444444,0.642788,0.766044,0.0,3.011333,100.584293,3.0,0,2
0.084711,0.065146,-0.092688,0.58627,0.557959,0.569928,0.141461,0.014146,0.604755,0.52864,0.597715,0.858539,0.444444,0.642788,0.766044,0.0,3.811333,78.341538,2.0,0,2
0.055171,0.024129,-0.025068,0.599843,0.539412,0.587221,0.065227,0.012388,0.634264,0.469616,0.611117,0.934773,0.444444,0.642788,0.766044,0.0,4.031333,65.245524,2.0,0,2
-0.035709,-0.010197,0.075882,0.356579,0.291101,0.338304,0.084482,0.007889,0.684934,0.441526,0.55432,0.915518,0.444444,0.642788,0.766044,0.0,5.591333,-0.620525,11.0,2,2
