mean_x,mean_y,mean_z,std_x,std_y,std_z,R,log_rmsW,rX_ratio,rY_ratio,rZ_ratio,psi,elev_normalized,elev_sin,elev_cos,is_synthetic,time_s,azimuth_deg,az_sector,elev_class,psi_cls
-0.036936,-0.274888,0.01567,0.579033,0.597682,0.479769,0.277801,0.034527,0.415561,0.665034,0.40873,0.722199,0.444444,0.642788,0.766044,0.0,1.541333,-56.592015,10.0,1,0
-0.044695,-0.244914,0.047881,0.572378,0.598715,0.49954,0.253522,0.031592,0.410482,0.678016,0.386373,0.746478,0.444444,0.642788,0.766044,0.0,2.271333,-79.580109,9.0,2,0
-0.112247,-0.264047,0.037923,0.562948,0.589335,0.501907,0.28941,0.029892,0.436972,0.66044,0.319439,0.71059,0.444444,0.642788,0.766044,0.0,3.021333,-127.906498,7.0,2,0
-0.28486,-0.159879,-0.085651,0.537367,0.568606,0.523198,0.337702,0.027078,0.718157,0.683169,0.398947,0.662298,0.444444,0.642788,0.766044,0.0,4.561333,-98.456443,8.0,0,0
-0.24884,-0.057883,-0.103546,0.577501,0.557002,0.529242,0.275669,0.027888,0.723448,0.591322,0.393941,0.724331,0.444444,0.642788,0.766044,0.0,5.421333,-129.478375,7.0,0,0
-0.139061,-0.028736,-0.070125,0.567428,0.550931,0.502349,0.158371,0.024585,0.669132,0.577144,0.379516,0.841629,0.444444,0.642788,0.766044,0.0,6.201333,-139.054164,7.0,0,1
-0.041363,0.019145,-0.030417,0.439596,0.412031,0.383398,0.054796,0.016991,0.613308,0.559636,0.337379,0.945204,0.444444,0.642788,0.766044,0.0,6.981333,113.07803,3.0,0,2
