mean_x,mean_y,mean_z,std_x,std_y,std_z,R,log_rmsW,rX_ratio,rY_ratio,rZ_ratio,psi,elev_normalized,elev_sin,elev_cos,is_synthetic,time_s,azimuth_deg,az_sector,elev_class,psi_cls
-0.230892,-0.475683,0.0,0.285502,0.426552,0.0,0.528758,0.026439,0.445644,0.809293,0.0,0.471242,0.0,0.0,1.0,1.0,0.461333,-90.0,9.0,0,0
-0.392348,-0.336273,0.0,0.378118,0.338524,0.0,0.516737,0.025848,0.705222,0.596838,0.0,0.483263,0.0,0.0,1.0,1.0,1.311333,-112.499995,8.0,0,0
-0.549621,-0.225663,0.0,0.423686,0.280587,0.0,0.594144,0.028221,0.845061,0.373397,0.0,0.405856,0.0,0.0,1.0,1.0,1.931333,-135.000001,7.0,0,0
-0.561579,0.012398,0.0,0.454474,0.232545,0.0,0.561716,0.026016,0.888431,0.253462,0.0,0.438284,0.0,0.0,1.0,1.0,2.791333,-157.500006,6.0,0,0
-0.539419,0.223421,0.0,0.431309,0.285382,0.0,0.583858,0.026318,0.828718,0.408388,0.0,0.416142,0.0,0.0,1.0,1.0,3.521333,180.0,6.0,0,0
-0.420802,0.420466,0.0,0.356451,0.359378,0.0,0.594866,0.026941,0.58977,0.711143,0.0,0.405134,0.0,0.0,1.0,1.0,4.321333,157.5,5.0,0,0
-0.232078,0.547733,0.0,0.279957,0.42406,0.0,0.594872,0.030606,0.368542,0.847189,0.0,0.405128,0.0,0.0,1.0,1.0,5.121333,134.999999,4.0,0,0
-0.07624,0.392388,0.0,0.151806,0.465823,0.0,0.399726,0.026382,0.232783,0.894072,0.0,0.600274,0.0,0.0,1.0,1.0,5.931333,112.499999,3.0,0,0
0.0,0.178703,0.0,0.0,0.376264,0.0,0.178703,0.016385,0.0,0.923879,0.0,0.821297,0.0,0.0,1.0,1.0,6.771333,90.0,3.0,0,1
