mean_x,mean_y,mean_z,std_x,std_y,std_z,R,log_rmsW,rX_ratio,rY_ratio,rZ_ratio,psi,elev_normalized,elev_sin,elev_cos,is_synthetic,time_s,azimuth_deg,az_sector,elev_class,psi_cls
-0.014468,-0.011668,-0.038206,0.59695,0.643047,0.477568,0.042487,0.007908,0.57973,0.88826,0.494352,0.957513,0.0,0.0,1.0,0.0,1.241333,-154.060581,6.0,0,2
0.00602,0.009292,-0.048832,0.586661,0.628392,0.508121,0.050072,0.007201,0.589006,0.918755,0.582785,0.949928,0.0,0.0,1.0,0.0,2.151333,142.535992,4.0,0,2
0.021033,0.035538,-0.064038,0.617357,0.592795,0.511227,0.076198,0.006517,0.75589,0.88678,0.60584,0.923802,0.0,0.0,1.0,0.0,2.871333,-31.957094,10.0,0,2
0.029563,0.018515,-0.042947,0.630229,0.565563,0.528705,0.055328,0.005305,0.845463,0.774424,0.603004,0.944672,0.0,0.0,1.0,0.0,3.101333,61.175904,2.0,0,2
0.107662,-0.001538,-0.026518,0.671623,0.53864,0.496241,0.110891,0.00697,1.182766,0.666877,0.469328,0.889109,0.0,0.0,1.0,0.0,3.611333,63.303688,2.0,0,2
0.108613,-0.052251,0.029487,0.577665,0.414871,0.407531,0.124082,0.005398,1.328063,0.546672,0.25521,0.875918,0.0,0.0,1.0,0.0,4.631333,-124.782488,7.0,2,2
0.077629,-0.036564,0.016731,0.448864,0.304657,0.265418,0.087425,0.004252,1.501051,0.61185,0.129383,0.912575,0.0,0.0,1.0,0.0,5.261333,-17.568769,11.0,1,2
