mean_x,mean_y,mean_z,std_x,std_y,std_z,R,log_rmsW,rX_ratio,rY_ratio,rZ_ratio,psi,elev_normalized,elev_sin,elev_cos,is_synthetic,time_s,azimuth_deg,az_sector,elev_class,psi_cls
0.024635,-0.251262,0.05081,0.526877,0.583002,0.562264,0.257529,0.022233,0.582078,1.0238,0.685991,0.742471,0.833333,0.965926,0.258819,0.0,1.051333,-69.205912,9.0,2,0
-0.00758,-0.246905,0.042852,0.52844,0.576754,0.570266,0.250711,0.025396,0.624881,0.978127,0.681319,0.749289,0.833333,0.965926,0.258819,0.0,1.771333,-50.973436,10.0,2,0
0.019264,-0.229928,0.000125,0.556699,0.602633,0.523105,0.230734,0.02601,0.54847,0.852012,0.569979,0.769266,0.833333,0.965926,0.258819,0.0,2.601333,-75.757962,9.0,1,0
-0.022895,-0.190267,0.009146,0.569802,0.581038,0.548512,0.191858,0.022794,0.523126,0.593052,0.495487,0.808142,0.833333,0.965926,0.258819,0.0,3.431333,-48.487479,10.0,1,1
-0.013022,-0.268373,-0.016025,0.549426,0.564864,0.55367,0.269166,0.027292,0.550443,0.571823,0.468025,0.730834,0.833333,0.965926,0.258819,0.0,4.161333,-136.521855,7.0,0,0
-0.000847,-0.22145,-0.004368,0.561601,0.566672,0.560662,0.221494,0.025051,0.575897,0.557209,0.470068,0.778506,0.833333,0.965926,0.258819,0.0,4.401333,-45.762357,10.0,1,1
-0.048368,-0.228305,-0.007038,0.581365,0.564331,0.537561,0.233478,0.025159,0.756221,0.73277,0.541391,0.766522,0.833333,0.965926,0.258819,0.0,5.001333,-119.417156,8.0,0,0
-0.030034,-0.108058,-0.010681,0.562725,0.523387,0.490553,0.112662,0.019398,0.868927,0.848181,0.566233,0.887338,0.833333,0.965926,0.258819,0.0,5.821333,-102.19334,8.0,0,2
-0.036895,-0.035969,-0.009753,0.442162,0.385144,0.35688,0.052441,0.010769,1.172979,1.147153,0.69728,0.947559,0.833333,0.965926,0.258819,0.0,6.561333,-163.587151,6.0,0,2
