mean_x,mean_y,mean_z,std_x,std_y,std_z,R,log_rmsW,rX_ratio,rY_ratio,rZ_ratio,psi,elev_normalized,elev_sin,elev_cos,is_synthetic,time_s,azimuth_deg,az_sector,elev_class,psi_cls
-0.171413,0.083545,0.037774,0.568035,0.577758,0.552905,0.194394,0.033114,0.567116,0.588176,0.457181,0.805606,0.833333,0.965926,0.258819,0.0,0.401333,162.128769,5.0,2,1
-0.09255,0.073099,-0.004144,0.559303,0.60476,0.55448,0.118009,0.031992,0.471977,0.648839,0.507711,0.881991,0.833333,0.965926,0.258819,0.0,1.201333,148.198975,4.0,1,2
-0.07869,0.137703,-0.015759,0.552433,0.616844,0.537433,0.159382,0.035067,0.36493,0.650276,0.472271,0.840618,0.833333,0.965926,0.258819,0.0,1.911333,121.241587,4.0,0,1
0.017208,0.154471,-0.044796,0.556211,0.622046,0.526745,0.161753,0.027731,0.403018,0.943754,0.504909,0.838247,0.833333,0.965926,0.258819,0.0,2.691333,109.765109,3.0,0,1
0.046037,0.081205,-0.046628,0.58157,0.631725,0.501749,0.104345,0.023662,0.471646,1.061197,0.433903,0.895655,0.833333,0.965926,0.258819,0.0,3.561333,91.111578,3.0,0,2
0.055188,0.035636,-0.026864,0.510951,0.545417,0.400669,0.070975,0.014172,0.714554,1.513113,0.516938,0.929025,0.833333,0.965926,0.258819,0.0,4.311333,77.095913,2.0,0,2
0.00419,-0.012021,-0.00732,0.338864,0.359136,0.308428,0.014685,0.00891,0.756577,1.054394,0.534273,0.985315,0.833333,0.965926,0.258819,0.0,5.081333,37.212317,1.0,0,2
