mean_x,mean_y,mean_z,std_x,std_y,std_z,R,log_rmsW,rX_ratio,rY_ratio,rZ_ratio,psi,elev_normalized,elev_sin,elev_cos,is_synthetic,time_s,azimuth_deg,az_sector,elev_class,psi_cls
0.544275,0.226525,0.0,0.428776,0.280295,0.0,0.589532,0.028439,0.859113,0.339822,0.0,0.410468,0.0,0.0,1.0,1.0,0.181333,44.999998,1.0,0,0
0.589118,0.000726,0.0,0.452155,0.243139,0.0,0.589118,0.030357,0.878474,0.286072,0.0,0.410882,0.0,0.0,1.0,1.0,0.981333,22.500002,0.0,0,0
0.548716,-0.228644,0.0,0.417011,0.282948,0.0,0.594447,0.029836,0.80368,0.455687,0.0,0.405553,0.0,0.0,1.0,1.0,1.791333,0.0,0.0,0,0
0.424191,-0.416942,0.0,0.35224,0.356138,0.0,0.594793,0.03298,0.599425,0.703024,0.0,0.405207,0.0,0.0,1.0,1.0,2.581333,-22.500015,11.0,0,0
0.225673,-0.337795,0.0,0.276974,0.392594,0.0,0.406243,0.028016,0.488207,0.784352,0.0,0.593757,0.0,0.0,1.0,1.0,3.391333,-45.000011,10.0,0,0
0.075604,-0.182422,0.0,0.148373,0.35795,0.0,0.197469,0.020694,0.353553,0.853555,0.0,0.802531,0.0,0.0,1.0,1.0,4.191333,-67.500003,9.0,0,1
