mean_x,mean_y,mean_z,std_x,std_y,std_z,R,log_rmsW,rX_ratio,rY_ratio,rZ_ratio,psi,elev_normalized,elev_sin,elev_cos,is_synthetic,time_s,azimuth_deg,az_sector,elev_class,psi_cls
-0.217961,0.068374,0.021557,0.54284,0.591235,0.550481,0.229449,0.025984,0.549518,0.593977,0.470304,0.770551,0.833333,0.965926,0.258819,0.0,0.521333,166.218616,5.0,1,0
-0.161274,0.116538,0.022453,0.523948,0.627988,0.539372,0.200236,0.025492,0.463569,0.649338,0.475884,0.799764,0.833333,0.965926,0.258819,0.0,1.311333,147.837843,4.0,2,1
-0.150838,0.095204,0.015757,0.558166,0.60005,0.544275,0.179065,0.021516,0.58684,0.739321,0.643853,0.820935,0.833333,0.965926,0.258819,0.0,2.171333,141.91117,4.0,1,1
-0.104651,0.062642,0.064931,0.562392,0.585005,0.567723,0.138174,0.020243,0.6139,0.809499,0.741449,0.861826,0.833333,0.965926,0.258819,0.0,3.101333,110.798606,3.0,2,2
-0.014427,0.071216,0.017126,0.588827,0.584102,0.553563,0.074653,0.024849,0.853556,0.955492,0.748529,0.925347,0.833333,0.965926,0.258819,0.0,3.641333,91.452949,3.0,1,2
-0.023881,0.038426,0.093703,0.492861,0.51562,0.494023,0.104054,0.02046,0.930254,1.006572,0.715563,0.895946,0.833333,0.965926,0.258819,0.0,4.481333,76.625031,2.0,2,2
-0.022296,-0.00606,0.045188,0.314653,0.293116,0.325902,0.050753,0.009251,1.264197,0.796384,0.655022,0.949247,0.833333,0.965926,0.258819,0.0,5.421333,23.44287,0.0,2,2
