mean_x,mean_y,mean_z,std_x,std_y,std_z,R,log_rmsW,rX_ratio,rY_ratio,rZ_ratio,psi,elev_normalized,elev_sin,elev_cos,is_synthetic,time_s,azimuth_deg,az_sector,elev_class,psi_cls
-0.026148,-0.000119,0.017305,0.599852,0.566276,0.564212,0.031356,0.009732,0.637823,0.720616,0.738798,0.968644,0.0,0.0,1.0,0.0,0.771333,160.251163,5.0,1,2
0.006988,0.003745,-0.042445,0.58512,0.58644,0.558298,0.043179,0.009548,0.621658,0.785047,0.750997,0.956821,0.0,0.0,1.0,0.0,1.431333,142.201141,4.0,0,2
0.029481,0.005447,-0.068394,0.573128,0.589753,0.563849,0.074677,0.00701,0.615211,1.041509,0.951635,0.925323,0.0,0.0,1.0,0.0,2.241333,-28.974461,11.0,0,2
0.061232,0.015115,-0.091338,0.634853,0.56595,0.513875,0.110998,0.00684,1.069241,0.766887,0.655412,0.889002,0.0,0.0,1.0,0.0,2.981333,92.627545,3.0,0,2
0.173776,-0.022934,-0.048834,0.67327,0.511769,0.501548,0.181958,0.006748,1.419943,0.679335,0.597085,0.818042,0.0,0.0,1.0,0.0,3.831333,96.198952,3.0,0,1
0.155663,-0.029087,-0.014416,0.605609,0.447275,0.436631,0.159012,0.0056,1.426814,0.647789,0.417426,0.840988,0.0,0.0,1.0,0.0,4.691333,-0.030626,11.0,0,1
0.132918,-0.028896,0.008796,0.562853,0.412469,0.408944,0.136306,0.003908,1.68027,0.654009,0.271814,0.863694,0.0,0.0,1.0,0.0,4.911333,-76.68267,9.0,1,2
0.065084,-0.020177,0.01078,0.434811,0.32167,0.274778,0.068987,0.002936,1.865061,0.745762,0.152111,0.931013,0.0,0.0,1.0,0.0,5.511333,-15.575504,11.0,1,2
