mean_x,mean_y,mean_z,std_x,std_y,std_z,R,log_rmsW,rX_ratio,rY_ratio,rZ_ratio,psi,elev_normalized,elev_sin,elev_cos,is_synthetic,time_s,azimuth_deg,az_sector,elev_class,psi_cls
-0.174737,0.466008,0.014249,0.24527,0.425185,0.015029,0.497895,0.048627,0.420283,0.90719,0.019196,0.502105,0.0,0.0,1.0,1.0,1.391333,134.050003,4.0,0,0
-0.005253,0.497879,0.011807,0.205865,0.447791,0.013096,0.498047,0.049416,0.302129,0.95304,0.020803,0.501953,0.0,0.0,1.0,1.0,2.161333,111.830001,3.0,0,0
0.183581,0.445679,0.016613,0.266472,0.415752,0.015998,0.482294,0.051673,0.527903,0.848994,0.022979,0.517706,0.0,0.0,1.0,1.0,3.001333,90.57,3.0,0,0
0.343367,0.3001,0.019161,0.350402,0.328037,0.015054,0.456429,0.058596,0.77007,0.637482,0.024692,0.543571,0.0,0.0,1.0,1.0,3.831333,67.989997,2.0,0,0
0.281606,0.178878,0.01286,0.367599,0.248327,0.015565,0.333863,0.048864,0.856678,0.515231,0.025296,0.666137,0.0,0.0,1.0,1.0,4.591333,44.479999,1.0,0,0
0.160864,0.06971,0.003736,0.332398,0.139599,0.009065,0.175358,0.037479,0.923575,0.382556,0.025828,0.824642,0.0,0.0,1.0,1.0,5.361333,22.5,0.0,0,1
