mean_x,mean_y,mean_z,std_x,std_y,std_z,R,log_rmsW,rX_ratio,rY_ratio,rZ_ratio,psi,elev_normalized,elev_sin,elev_cos,is_synthetic,time_s,azimuth_deg,az_sector,elev_class,psi_cls
-0.009605,0.09417,-0.005554,0.61692,0.65078,0.432257,0.094821,0.029856,0.439088,0.522172,0.279653,0.905179,0.0,0.0,1.0,0.0,0.491333,-179.346985,6.0,1,2
-0.056328,0.154442,0.042103,0.572589,0.661597,0.453412,0.1697,0.02912,0.393783,0.594836,0.302348,0.8303,0.0,0.0,1.0,0.0,1.321333,129.80891,4.0,2,1
-0.012355,0.107943,0.08344,0.546506,0.636822,0.526289,0.136991,0.021778,0.734373,1.051103,0.757163,0.863009,0.0,0.0,1.0,0.0,2.141333,133.101469,4.0,2,2
0.049951,-0.013782,0.06823,0.539135,0.588512,0.596308,0.085676,0.02618,0.985888,1.054837,1.129735,0.914324,0.0,0.0,1.0,0.0,2.951333,-7.137643,11.0,2,2
0.102172,-0.030871,-0.014726,0.582598,0.581655,0.557299,0.107745,0.027659,0.951325,0.966703,1.047835,0.892255,0.0,0.0,1.0,0.0,3.691333,74.744496,2.0,0,2
0.056108,-0.051927,-0.038785,0.524888,0.509607,0.437804,0.085725,0.020025,0.791247,0.764629,0.700073,0.914275,0.0,0.0,1.0,0.0,4.541333,-54.557495,10.0,0,2
0.045673,-0.018319,-0.015398,0.36556,0.370313,0.275371,0.051562,0.009505,0.566146,0.52728,0.203668,0.948438,0.0,0.0,1.0,0.0,5.311333,20.032157,0.0,0,2
