mean_x,mean_y,mean_z,std_x,std_y,std_z,R,log_rmsW,rX_ratio,rY_ratio,rZ_ratio,psi,elev_normalized,elev_sin,elev_cos,is_synthetic,time_s,azimuth_deg,az_sector,elev_class,psi_cls
0.258157,-0.085419,-0.007815,0.569014,0.592643,0.500947,0.272034,0.088834,0.525955,0.405826,0.195914,0.727966,0.0,0.0,1.0,0.0,0.261333,-12.666041,11.0,0,0
0.129987,-0.089328,0.020679,0.539267,0.66121,0.496628,0.159072,0.097798,0.344604,0.567759,0.166758,0.840928,0.0,0.0,1.0,0.0,1.021333,-36.834631,10.0,1,1
0.051029,-0.104496,-0.018728,0.563564,0.672591,0.464874,0.117789,0.090537,0.321597,0.578151,0.13841,0.882211,0.0,0.0,1.0,0.0,1.811333,-48.291887,10.0,0,2
0.009114,-0.134548,-0.034096,0.5468,0.67128,0.48063,0.139099,0.077344,0.265127,0.569644,0.136478,0.860901,0.0,0.0,1.0,0.0,2.611333,-53.661442,10.0,0,2
-0.032841,-0.225601,-0.00262,0.663531,0.560492,0.439899,0.227993,0.068017,0.496657,0.475573,0.181074,0.772007,0.0,0.0,1.0,0.0,4.201333,-99.971482,8.0,1,0
0.049832,-0.13102,0.080656,0.695469,0.544435,0.440123,0.161725,0.055881,0.707337,0.52146,0.221417,0.838275,0.0,0.0,1.0,0.0,5.031333,-98.625642,8.0,2,1
0.095826,-0.042019,0.083132,0.568906,0.463988,0.415322,0.133638,0.034271,1.014018,0.534835,0.325078,0.866362,0.0,0.0,1.0,0.0,5.801333,-36.471552,10.0,2,2
0.061338,0.005209,0.065068,0.341482,0.298577,0.30906,0.089573,0.013926,1.30531,0.754208,0.380739,0.910427,0.0,0.0,1.0,0.0,6.641333,9.453054,0.0,2,2
