mean_x,mean_y,mean_z,std_x,std_y,std_z,R,log_rmsW,rX_ratio,rY_ratio,rZ_ratio,psi,elev_normalized,elev_sin,elev_cos,is_synthetic,time_s,azimuth_deg,az_sector,elev_class,psi_cls
-0.016903,0.049499,0.016732,0.584059,0.664347,0.463085,0.054917,0.020435,0.822393,1.118489,0.75132,0.945083,0.0,0.0,1.0,0.0,0.271333,-91.831996,8.0,1,2
-0.02914,0.068214,0.007649,0.56727,0.682356,0.454948,0.074571,0.017042,0.64365,0.875451,0.460753,0.925429,0.0,0.0,1.0,0.0,1.141333,158.389472,5.0,1,2
-0.020914,0.026284,0.051562,0.545043,0.70687,0.446551,0.061538,0.020602,0.360207,0.97138,0.360833,0.938462,0.0,0.0,1.0,0.0,1.841333,110.773215,3.0,2,2
0.031146,-0.013741,0.062172,0.551923,0.666593,0.495917,0.070882,0.017274,0.359605,1.028357,0.394135,0.929118,0.0,0.0,1.0,0.0,2.681333,53.875476,1.0,2,2
0.06056,-0.011623,0.035881,0.599414,0.63826,0.477701,0.071345,0.024966,0.446886,0.630542,0.279443,0.928655,0.0,0.0,1.0,0.0,3.491333,84.658282,2.0,2,2
0.065325,0.005027,0.008515,0.478893,0.455353,0.378168,0.066069,0.021758,0.451024,0.285084,0.17943,0.933931,0.0,0.0,1.0,0.0,4.341333,-40.098923,10.0,1,2
0.004542,0.000433,-0.01611,0.29744,0.243628,0.161193,0.016744,0.015646,0.407105,0.200947,0.152169,0.983256,0.0,0.0,1.0,0.0,5.161333,7.971424,0.0,0,2
