mean_x,mean_y,mean_z,std_x,std_y,std_z,R,log_rmsW,rX_ratio,rY_ratio,rZ_ratio,psi,elev_normalized,elev_sin,elev_cos,is_synthetic,time_s,azimuth_deg,az_sector,elev_class,psi_cls
-0.005559,0.085516,0.018327,0.598479,0.669475,0.431144,0.087634,0.024351,0.690411,1.131675,0.581898,0.912366,0.0,0.0,1.0,0.0,0.671333,-21.689222,11.0,1,2
-0.041944,0.074693,0.052693,0.563648,0.643223,0.508327,0.100573,0.021017,0.543899,0.947091,0.450322,0.899427,0.0,0.0,1.0,0.0,1.501333,146.081375,4.0,2,2
0.08606,0.073786,0.023676,0.586422,0.633863,0.490786,0.115807,0.021872,0.457868,0.627922,0.317159,0.884193,0.0,0.0,1.0,0.0,2.241333,131.058647,4.0,2,2
0.144343,0.046386,0.002726,0.59388,0.62197,0.487258,0.151637,0.020518,0.746963,0.744298,0.665767,0.848363,0.0,0.0,1.0,0.0,2.981333,90.974538,3.0,1,2
0.256443,0.040411,-0.05924,0.63759,0.589003,0.419079,0.266281,0.018447,0.91569,0.662543,0.695787,0.73372,0.0,0.0,1.0,0.0,3.891333,17.227197,0.0,0,0
0.184393,0.042637,-0.038092,0.600857,0.541207,0.391466,0.193054,0.014551,0.973868,0.765872,0.718369,0.806946,0.0,0.0,1.0,0.0,4.571333,24.711084,0.0,0,1
0.084823,0.010456,-0.019468,0.411932,0.332967,0.247433,0.087654,0.007753,0.992198,0.202663,0.215267,0.912346,0.0,0.0,1.0,0.0,5.561333,2.612081,0.0,0,2
