mean_x,mean_y,mean_z,std_x,std_y,std_z,R,log_rmsW,rX_ratio,rY_ratio,rZ_ratio,psi,elev_normalized,elev_sin,elev_cos,is_synthetic,time_s,azimuth_deg,az_sector,elev_class,psi_cls
0.518456,-0.2161,0.005189,0.399648,0.257619,0.013614,0.561714,0.077684,0.918382,0.395688,0.002527,0.438286,0.0,0.0,1.0,1.0,0.311333,-0.82,11.0,1,0
0.404045,-0.390027,0.007448,0.339731,0.335445,0.014311,0.56163,0.090998,0.567903,0.823078,0.005286,0.43837,0.0,0.0,1.0,1.0,1.091333,-21.9,11.0,1,0
0.210061,-0.464381,0.009131,0.26512,0.411027,0.014338,0.509764,0.08096,0.45082,0.892596,0.005746,0.490236,0.0,0.0,1.0,1.0,1.881333,-43.550001,10.0,1,0
0.004693,-0.485004,0.0046,0.231938,0.445043,0.005844,0.485048,0.076155,0.396924,0.91783,0.006252,0.514952,0.0,0.0,1.0,1.0,2.661333,-66.639999,9.0,1,0
-0.03949,-0.384667,0.003947,0.187018,0.43891,0.005987,0.386709,0.023594,0.401127,0.91598,0.008815,0.613291,0.0,0.0,1.0,1.0,2.881333,-66.639998,9.0,1,0
-0.390288,-0.323045,0.015968,0.362732,0.302889,0.018365,0.50689,0.083179,0.800208,0.599617,0.011289,0.49311,0.0,0.0,1.0,1.0,4.411333,-113.879996,8.0,1,0
-0.450543,-0.205655,0.02063,0.417675,0.23855,0.016611,0.49569,0.068238,0.892474,0.450933,0.012227,0.50431,0.0,0.0,1.0,1.0,5.181333,-135.679993,7.0,1,0
-0.334112,-0.092796,0.013375,0.433872,0.150314,0.015569,0.347017,0.052919,0.941633,0.3364,0.012766,0.652983,0.0,0.0,1.0,1.0,5.881333,-156.809998,6.0,1,0
-0.137707,-0.005417,0.004298,0.339464,0.009928,0.008536,0.13788,0.025192,0.99967,0.021464,0.014137,0.86212,0.0,0.0,1.0,1.0,6.661333,-178.770004,6.0,1,2
