mean_x,mean_y,mean_z,std_x,std_y,std_z,R,log_rmsW,rX_ratio,rY_ratio,rZ_ratio,psi,elev_normalized,elev_sin,elev_cos,is_synthetic,time_s,azimuth_deg,az_sector,elev_class,psi_cls
-0.078794,0.120795,-0.028469,0.614606,0.631401,0.449374,0.147005,0.044224,0.556927,0.78133,0.357518,0.852995,0.833333,0.965926,0.258819,0.0,0.521333,144.238518,4.0,0,2
-0.058095,0.145944,-0.023187,0.615873,0.62807,0.448317,0.158784,0.043756,0.693445,0.889591,0.422777,0.841216,0.833333,0.965926,0.258819,0.0,1.161333,131.550417,4.0,0,1
-0.008289,0.083541,-0.038096,0.575465,0.648486,0.489666,0.092191,0.032106,0.751766,0.949839,0.457791,0.907809,0.833333,0.965926,0.258819,0.0,2.081333,108.999125,3.0,0,2
-0.019679,0.097317,-0.062542,0.561501,0.640635,0.510392,0.117343,0.044421,0.428026,0.69008,0.349846,0.882657,0.833333,0.965926,0.258819,0.0,2.761333,95.042255,3.0,0,2
-0.002864,0.072047,-0.09387,0.534021,0.642421,0.536704,0.118366,0.045197,0.316159,0.585268,0.332601,0.881634,0.833333,0.965926,0.258819,0.0,3.541333,68.875198,2.0,0,2
-0.049796,0.015947,-0.06944,0.428951,0.522851,0.445636,0.086924,0.03416,0.267467,0.558541,0.346995,0.913076,0.833333,0.965926,0.258819,0.0,4.431333,99.230068,3.0,0,2
-0.009769,0.016619,-0.037556,0.283969,0.348474,0.31575,0.042215,0.017634,0.433587,0.575894,0.441399,0.957785,0.833333,0.965926,0.258819,0.0,5.151333,129.891674,4.0,0,2
