mean_x,mean_y,mean_z,std_x,std_y,std_z,R,log_rmsW,rX_ratio,rY_ratio,rZ_ratio,psi,elev_normalized,elev_sin,elev_cos,is_synthetic,time_s,azimuth_deg,az_sector,elev_class,psi_cls
-0.125051,0.114214,-0.049201,0.581566,0.624073,0.491084,0.176362,0.038857,0.613217,0.675507,0.420534,0.823638,0.833333,0.965926,0.258819,0.0,0.201333,138.661655,4.0,0,1
-0.015101,0.141165,-0.052079,0.538038,0.65161,0.512835,0.151221,0.033568,0.556546,0.853301,0.448074,0.848779,0.833333,0.965926,0.258819,0.0,1.011333,142.777571,4.0,0,2
0.038062,0.218458,-0.04138,0.506034,0.657996,0.509939,0.225577,0.038934,0.446271,1.149581,0.433255,0.774423,0.833333,0.965926,0.258819,0.0,1.761333,124.88234,4.0,0,0
0.059235,0.18181,-0.050201,0.50322,0.670805,0.507586,0.197696,0.034591,0.300441,1.198514,0.378661,0.802304,0.833333,0.965926,0.258819,0.0,1.981333,119.313345,3.0,0,1
0.015206,0.153353,-0.015348,0.531498,0.694104,0.4601,0.154867,0.035106,0.321428,1.173565,0.36651,0.845133,0.833333,0.965926,0.258819,0.0,2.591333,88.549358,2.0,0,1
-0.053347,0.03606,-0.047903,0.566194,0.657509,0.490515,0.080256,0.056199,0.32279,0.665196,0.309182,0.919744,0.833333,0.965926,0.258819,0.0,3.371333,84.249792,2.0,0,2
-0.063387,-0.084156,-0.039881,0.525335,0.544438,0.440384,0.112653,0.049516,0.340771,0.232971,0.281357,0.887347,0.833333,0.965926,0.258819,0.0,4.201333,63.685117,2.0,0,2
-0.05678,-0.091516,-0.032524,0.368559,0.347681,0.323547,0.112503,0.043876,0.280058,0.177707,0.271516,0.887497,0.833333,0.965926,0.258819,0.0,5.011333,-61.700893,9.0,0,2
