mean_x,mean_y,mean_z,std_x,std_y,std_z,R,log_rmsW,rX_ratio,rY_ratio,rZ_ratio,psi,elev_normalized,elev_sin,elev_cos,is_synthetic,time_s,azimuth_deg,az_sector,elev_class,psi_cls
-0.103999,-0.08661,0.056606,0.612987,0.56036,0.537303,0.146702,0.102468,0.588629,0.412636,0.438256,0.853298,0.444444,0.642788,0.766044,0.0,0.221333,17.548018,0.0,2,2
-0.052774,-0.111977,0.028703,0.57267,0.605332,0.538011,0.127074,0.068261,0.550395,0.788276,0.662204,0.872926,0.444444,0.642788,0.766044,0.0,0.971333,-31.850943,10.0,2,2
-0.025912,-0.184494,-0.045248,0.576373,0.619225,0.497582,0.191721,0.05919,0.425996,0.759056,0.655983,0.808279,0.444444,0.642788,0.766044,0.0,1.801333,-55.897762,10.0,0,1
-0.030217,-0.191311,-0.031919,0.555536,0.616431,0.522303,0.196295,0.060595,0.330888,0.680771,0.635245,0.803705,0.444444,0.642788,0.766044,0.0,2.561333,-61.851412,9.0,0,1
-0.033582,-0.217268,-0.063838,0.578539,0.587217,0.517647,0.228929,0.076902,0.231214,0.449962,0.350978,0.771071,0.444444,0.642788,0.766044,0.0,3.391333,-72.328171,9.0,0,0
-0.04589,-0.193101,-0.070737,0.63523,0.5494,0.500167,0.210707,0.100425,0.361881,0.33387,0.290761,0.789293,0.444444,0.642788,0.766044,0.0,4.191333,-71.270117,9.0,0,1
-0.123701,-0.180614,-0.024794,0.670419,0.529918,0.470253,0.220314,0.105593,0.452683,0.316293,0.242125,0.779686,0.444444,0.642788,0.766044,0.0,5.001333,-96.520999,8.0,0,1
-0.154313,-0.10887,0.043052,0.565631,0.467104,0.397656,0.193697,0.083937,0.542411,0.27743,0.164992,0.806303,0.444444,0.642788,0.766044,0.0,5.791333,-129.050499,7.0,2,1
-0.082395,-0.052977,0.039242,0.356842,0.320727,0.287144,0.105525,0.044869,0.598484,0.414681,0.137156,0.894475,0.444444,0.642788,0.766044,0.0,6.611333,-162.792143,6.0,2,2
