mean_x,mean_y,mean_z,std_x,std_y,std_z,R,log_rmsW,rX_ratio,rY_ratio,rZ_ratio,psi,elev_normalized,elev_sin,elev_cos,is_synthetic,time_s,azimuth_deg,az_sector,elev_class,psi_cls
-0.061789,-0.008604,0.003562,0.670243,0.608716,0.419806,0.062486,0.049868,0.522554,0.481968,0.239869,0.937514,0.444444,0.642788,0.766044,0.0,0.181333,169.294821,5.0,1,2
-0.08836,0.049987,0.052605,0.620204,0.608557,0.481508,0.11434,0.044945,0.418352,0.472613,0.262548,0.88566,0.444444,0.642788,0.766044,0.0,1.001333,121.798863,4.0,2,2
-0.070782,0.069158,0.089742,0.574475,0.645152,0.485631,0.133591,0.041512,0.330545,0.520115,0.266128,0.866409,0.444444,0.642788,0.766044,0.0,1.781333,141.562036,4.0,2,2
-0.051932,0.037289,0.084353,0.580558,0.639659,0.49245,0.105843,0.030666,0.222362,0.535255,0.250595,0.894157,0.444444,0.642788,0.766044,0.0,2.001333,132.819711,4.0,2,2
0.003919,0.024925,-0.018769,0.571428,0.680274,0.457865,0.031446,0.031455,0.238834,0.527185,0.232445,0.968554,0.444444,0.642788,0.766044,0.0,2.591333,103.832615,3.0,0,2
0.049788,0.063361,-0.134937,0.584074,0.65184,0.457399,0.157167,0.043047,0.303226,0.35885,0.230961,0.842833,0.444444,0.642788,0.766044,0.0,3.381333,-46.492617,10.0,0,1
0.016225,0.056128,-0.133221,0.518744,0.56858,0.41372,0.14547,0.037632,0.323596,0.267357,0.217784,0.85453,0.444444,0.642788,0.766044,0.0,4.191333,56.451389,1.0,0,2
-0.018003,0.051543,-0.085528,0.358727,0.367593,0.317214,0.101468,0.03095,0.2378,0.153585,0.21441,0.898532,0.444444,0.642788,0.766044,0.0,5.011333,22.07487,0.0,0,2
