mean_x,mean_y,mean_z,std_x,std_y,std_z,R,log_rmsW,rX_ratio,rY_ratio,rZ_ratio,psi,elev_normalized,elev_sin,elev_cos,is_synthetic,time_s,azimuth_deg,az_sector,elev_class,psi_cls
0.237026,-0.089264,0.020783,0.561514,0.578754,0.533963,0.254129,0.075021,0.521293,0.480486,0.347122,0.745871,0.0,0.0,1.0,0.0,0.341333,-40.523676,10.0,1,0
0.144189,-0.137304,-0.051834,0.60461,0.653749,0.4058,0.205742,0.107721,0.381749,0.528179,0.107966,0.794258,0.0,0.0,1.0,0.0,1.151333,-28.004337,11.0,0,1
0.017202,-0.09495,-0.004467,0.598487,0.668015,0.431517,0.096599,0.103006,0.341538,0.539268,0.099632,0.903401,0.0,0.0,1.0,0.0,1.891333,-34.508608,10.0,1,2
0.016178,-0.114435,0.01321,0.597395,0.669116,0.42639,0.116325,0.08285,0.290392,0.552018,0.092048,0.883675,0.0,0.0,1.0,0.0,2.731333,-48.354962,10.0,1,2
0.108634,-0.097278,0.168552,0.581579,0.584195,0.520348,0.222876,0.064184,0.340125,0.273916,0.255952,0.777124,0.0,0.0,1.0,0.0,5.151333,-42.444249,10.0,2,0
0.091263,-0.045944,0.179111,0.542438,0.605724,0.544286,0.206205,0.041759,0.230317,0.224897,0.298534,0.793795,0.0,0.0,1.0,0.0,5.981333,-99.466114,8.0,2,1
0.060584,-0.024237,0.143355,0.413557,0.473785,0.482234,0.157508,0.025493,0.1922,0.133717,0.446883,0.842492,0.0,0.0,1.0,0.0,6.701333,3.797319,0.0,2,1
