mean_x,mean_y,mean_z,std_x,std_y,std_z,R,log_rmsW,rX_ratio,rY_ratio,rZ_ratio,psi,elev_normalized,elev_sin,elev_cos,is_synthetic,time_s,azimuth_deg,az_sector,elev_class,psi_cls
-0.344615,0.367276,0.018933,0.348213,0.357217,0.016564,0.503994,0.044093,0.635305,0.772053,0.01792,0.496006,0.0,0.0,1.0,1.0,0.471333,157.750002,5.0,0,0
-0.204122,0.503417,0.021993,0.256183,0.408878,0.016559,0.543671,0.044858,0.482399,0.875748,0.018867,0.456329,0.0,0.0,1.0,1.0,1.281333,134.050004,4.0,0,0
-0.001593,0.550552,0.01871,0.223755,0.429634,0.016206,0.550872,0.048057,0.330002,0.943744,0.021114,0.449128,0.0,0.0,1.0,1.0,2.071333,111.830003,3.0,0,0
0.206267,0.506895,0.017002,0.268471,0.400642,0.015358,0.54752,0.050604,0.531367,0.846826,0.02312,0.45248,0.0,0.0,1.0,1.0,2.891333,90.57,3.0,0,0
0.326782,0.332303,0.016843,0.346817,0.33955,0.016185,0.466364,0.043937,0.720099,0.693444,0.024344,0.533636,0.0,0.0,1.0,1.0,3.761333,67.989999,2.0,0,0
0.256519,0.180689,0.007216,0.366963,0.262342,0.011811,0.313852,0.036039,0.791624,0.610505,0.024807,0.686148,0.0,0.0,1.0,1.0,4.491333,44.479998,1.0,0,0
0.121274,0.049525,0.003511,0.307937,0.127651,0.009194,0.131043,0.016502,0.923569,0.382557,0.025828,0.868957,0.0,0.0,1.0,1.0,5.291333,22.500001,0.0,0,2
