mean_x,mean_y,mean_z,std_x,std_y,std_z,R,log_rmsW,rX_ratio,rY_ratio,rZ_ratio,psi,elev_normalized,elev_sin,elev_cos,is_synthetic,time_s,azimuth_deg,az_sector,elev_class,psi_cls
0.029139,-0.113417,-0.039365,0.615012,0.559742,0.541364,0.12354,0.060347,0.602746,0.49261,0.414304,0.87646,0.444444,0.642788,0.766044,0.0,0.201333,19.538517,0.0,0,2
-0.101707,-0.141325,0.035897,0.595372,0.586026,0.519985,0.17778,0.087804,0.450986,0.690697,0.217509,0.82222,0.444444,0.642788,0.766044,0.0,1.131333,-33.034027,10.0,2,1
-0.124683,-0.154386,0.041573,0.570162,0.579014,0.546277,0.202755,0.081829,0.454655,0.734386,0.225201,0.797245,0.444444,0.642788,0.766044,0.0,1.821333,-41.203159,10.0,2,1
-0.074041,-0.110745,-0.014853,0.580972,0.600512,0.532691,0.134042,0.077679,0.508869,0.834666,0.292937,0.865958,0.444444,0.642788,0.766044,0.0,2.591333,-59.8443,10.0,0,2
-0.117519,-0.144329,0.05815,0.591473,0.573801,0.518946,0.194995,0.100839,0.466769,0.333174,0.208245,0.805005,0.444444,0.642788,0.766044,0.0,4.291333,-92.0187,8.0,2,1
-0.086201,-0.098686,0.066981,0.4648,0.42095,0.369554,0.14716,0.09748,0.471267,0.31185,0.194777,0.85284,0.444444,0.642788,0.766044,0.0,5.161333,-115.31509,8.0,2,2
-0.058854,-0.040848,0.066762,0.292504,0.22811,0.24354,0.097926,0.076179,0.514075,0.280472,0.215162,0.902074,0.444444,0.642788,0.766044,0.0,5.851333,-135.834717,7.0,2,2
