mean_x,mean_y,mean_z,std_x,std_y,std_z,R,log_rmsW,rX_ratio,rY_ratio,rZ_ratio,psi,elev_normalized,elev_sin,elev_cos,is_synthetic,time_s,azimuth_deg,az_sector,elev_class,psi_cls
-0.144457,0.192404,-0.029432,0.573813,0.624753,0.470778,0.242391,0.043753,0.570714,0.71783,0.432728,0.757609,0.833333,0.965926,0.258819,0.0,0.621333,140.739582,4.0,0,0
-0.059065,0.135041,-0.057848,0.575448,0.628108,0.499212,0.158338,0.036282,0.547469,0.810699,0.417718,0.841662,0.833333,0.965926,0.258819,0.0,1.501333,130.087669,4.0,0,1
-0.006524,0.09251,-0.053558,0.562492,0.665601,0.478602,0.107094,0.042764,0.432169,0.799756,0.362772,0.892906,0.833333,0.965926,0.258819,0.0,2.191333,113.822252,3.0,0,2
-0.008863,0.053823,-0.064531,0.5844,0.647394,0.481833,0.084497,0.040255,0.472827,0.746692,0.377345,0.915503,0.833333,0.965926,0.258819,0.0,2.991333,88.201427,2.0,0,2
-0.066871,0.01894,-0.061556,0.603072,0.625795,0.485827,0.092842,0.037533,0.453056,0.6286,0.367718,0.907158,0.833333,0.965926,0.258819,0.0,3.831333,77.930172,2.0,0,2
-0.053254,-0.020419,-0.042362,0.561386,0.531027,0.4198,0.071045,0.025181,0.340623,0.374773,0.264146,0.928955,0.833333,0.965926,0.258819,0.0,4.701333,102.023647,3.0,0,2
-0.047381,-0.061732,-0.020863,0.380851,0.349621,0.273234,0.080567,0.014538,0.340324,0.223519,0.26309,0.919433,0.833333,0.965926,0.258819,0.0,5.561333,-60.603968,9.0,0,2
