mean_x,mean_y,mean_z,std_x,std_y,std_z,R,log_rmsW,rX_ratio,rY_ratio,rZ_ratio,psi,elev_normalized,elev_sin,elev_cos,is_synthetic,time_s,azimuth_deg,az_sector,elev_class,psi_cls
0.23645,-0.147866,0.014017,0.605677,0.606317,0.433055,0.27923,0.071875,0.635662,0.450406,0.20034,0.72077,0.0,0.0,1.0,0.0,0.211333,-2.672627,11.0,1,0
0.215223,-0.157476,0.002852,0.602073,0.601364,0.452469,0.266698,0.070261,0.604453,0.549156,0.294833,0.733302,0.0,0.0,1.0,0.0,0.991333,-19.394352,11.0,1,0
0.162045,-0.126064,0.009212,0.597119,0.621471,0.463651,0.205513,0.058834,0.457157,0.556213,0.327517,0.794487,0.0,0.0,1.0,0.0,1.231333,-23.501573,11.0,1,1
0.089248,-0.181233,0.03905,0.59298,0.614732,0.477603,0.205756,0.052252,0.437919,0.605065,0.367906,0.794244,0.0,0.0,1.0,0.0,1.871333,-61.580884,9.0,2,1
0.058101,-0.16128,0.010229,0.598362,0.650385,0.435221,0.171731,0.038661,0.669913,1.019346,0.523308,0.828269,0.0,0.0,1.0,0.0,2.621333,-80.170774,9.0,1,1
0.092072,-0.102157,0.115283,0.411023,0.415137,0.383741,0.179454,0.078407,0.337689,0.195879,0.336822,0.820546,0.0,0.0,1.0,0.0,5.221333,-97.232114,8.0,2,1
0.047532,-0.072091,0.088636,0.21803,0.25934,0.265883,0.123745,0.05968,0.330386,0.211161,0.348939,0.876255,0.0,0.0,1.0,0.0,5.861333,-34.652277,10.0,2,2
