mean_x,mean_y,mean_z,std_x,std_y,std_z,R,log_rmsW,rX_ratio,rY_ratio,rZ_ratio,psi,elev_normalized,elev_sin,elev_cos,is_synthetic,time_s,azimuth_deg,az_sector,elev_class,psi_cls
0.10036,-0.107288,0.039057,0.649515,0.63689,0.386458,0.152014,0.067583,0.621806,0.48507,0.165942,0.847986,0.0,0.0,1.0,0.0,0.621333,-5.970075,11.0,2,2
0.006739,-0.06029,0.062281,0.618846,0.639881,0.447165,0.086944,0.058563,0.702016,0.698379,0.516399,0.913056,0.0,0.0,1.0,0.0,1.421333,-34.109918,10.0,2,2
0.05046,-0.127506,0.057784,0.582477,0.620641,0.503329,0.148805,0.055271,0.621995,0.687313,0.544066,0.851195,0.0,0.0,1.0,0.0,2.221333,-41.538728,10.0,2,2
0.067586,-0.170875,0.090309,0.559351,0.571862,0.564034,0.204748,0.057668,0.519893,0.592974,0.530144,0.795252,0.0,0.0,1.0,0.0,3.101333,-8.953046,11.0,2,1
0.130246,-0.163876,0.199685,0.542082,0.546373,0.56912,0.289298,0.09736,0.303102,0.232215,0.35013,0.710702,0.0,0.0,1.0,0.0,4.731333,-66.518504,9.0,2,0
0.065197,-0.123649,0.154215,0.572437,0.518262,0.530036,0.208139,0.092081,0.306384,0.195585,0.337137,0.791861,0.0,0.0,1.0,0.0,5.421333,-93.905637,8.0,2,1
0.051015,-0.080075,0.124843,0.38903,0.371365,0.420356,0.156845,0.070478,0.286469,0.172235,0.359941,0.843155,0.0,0.0,1.0,0.0,6.281333,-30.6259,10.0,2,1
