mean_x,mean_y,mean_z,std_x,std_y,std_z,R,log_rmsW,rX_ratio,rY_ratio,rZ_ratio,psi,elev_normalized,elev_sin,elev_cos,is_synthetic,time_s,azimuth_deg,az_sector,elev_class,psi_cls
0.263945,-0.143951,-0.043879,0.553374,0.588708,0.504785,0.303833,0.063399,0.538898,0.547912,0.251659,0.696167,0.0,0.0,1.0,0.0,0.351333,-12.188484,11.0,0,0
0.185305,-0.167264,-0.020014,0.54696,0.644199,0.472307,0.250431,0.074237,0.400858,0.591118,0.203833,0.749569,0.0,0.0,1.0,0.0,1.211333,-31.757269,10.0,0,0
0.065839,-0.07931,-0.01598,0.587068,0.687941,0.413693,0.104308,0.060794,0.368395,0.638245,0.156784,0.895692,0.0,0.0,1.0,0.0,2.051333,-46.8228,10.0,0,2
-0.009629,-0.056068,-0.011892,0.578627,0.697606,0.418443,0.058118,0.072236,0.290574,0.565854,0.142636,0.941882,0.0,0.0,1.0,0.0,2.751333,-65.982766,9.0,0,2
0.144734,-0.201508,0.196776,0.550183,0.575033,0.516026,0.316661,0.106454,0.341219,0.296371,0.311492,0.683339,0.0,0.0,1.0,0.0,4.441333,-105.741247,8.0,2,0
0.158654,-0.161162,0.213222,0.540484,0.550791,0.535761,0.310818,0.095565,0.36893,0.210529,0.337173,0.689182,0.0,0.0,1.0,0.0,5.301333,-58.501666,10.0,2,0
0.08185,-0.078991,0.1195,0.445108,0.453342,0.433964,0.164983,0.073394,0.380466,0.210412,0.349862,0.835017,0.0,0.0,1.0,0.0,6.021333,-26.353121,11.0,2,1
