mean_x,mean_y,mean_z,std_x,std_y,std_z,R,log_rmsW,rX_ratio,rY_ratio,rZ_ratio,psi,elev_normalized,elev_sin,elev_cos,is_synthetic,time_s,azimuth_deg,az_sector,elev_class,psi_cls
-0.163648,0.117392,-0.009472,0.598168,0.597377,0.494603,0.201622,0.043211,0.498381,0.687672,0.375258,0.798378,0.833333,0.965926,0.258819,0.0,0.511333,169.556273,5.0,0,1
-0.08522,0.119663,0.01165,0.612492,0.622277,0.464606,0.147369,0.03697,0.451587,0.763654,0.354874,0.852631,0.833333,0.965926,0.258819,0.0,1.271333,138.074443,4.0,1,2
0.024197,0.052282,-0.029004,0.613635,0.612228,0.494402,0.0645,0.031376,0.577843,0.768821,0.460003,0.9355,0.833333,0.965926,0.258819,0.0,2.151333,109.998222,3.0,0,2
0.007707,0.13577,-0.07152,0.593668,0.623329,0.485145,0.153649,0.034697,0.581432,0.608782,0.360125,0.846351,0.833333,0.965926,0.258819,0.0,3.731333,110.94925,3.0,0,2
-0.037721,0.104098,-0.030241,0.531608,0.564865,0.386558,0.114777,0.028291,0.573894,0.570054,0.342325,0.885223,0.833333,0.965926,0.258819,0.0,4.481333,51.456645,1.0,0,2
-0.04335,-0.005504,-0.002425,0.372514,0.375769,0.259635,0.043765,0.013725,0.322582,0.441283,0.22309,0.956235,0.833333,0.965926,0.258819,0.0,5.311333,103.869519,3.0,1,2
