mean_x,mean_y,mean_z,std_x,std_y,std_z,R,log_rmsW,rX_ratio,rY_ratio,rZ_ratio,psi,elev_normalized,elev_sin,elev_cos,is_synthetic,time_s,azimuth_deg,az_sector,elev_class,psi_cls
-0.320528,0.341666,0.013166,0.348605,0.367839,0.012671,0.468665,0.042175,0.65963,0.751379,0.017806,0.531335,0.0,0.0,1.0,1.0,0.221333,157.749998,5.0,0,0
-0.18197,0.448513,0.009662,0.252874,0.426253,0.010332,0.484118,0.042846,0.532193,0.846418,0.018626,0.515882,0.0,0.0,1.0,1.0,1.021333,134.050002,4.0,0,0
-0.008309,0.494023,0.012326,0.218405,0.440346,0.015078,0.494247,0.040597,0.328513,0.944257,0.021385,0.505753,0.0,0.0,1.0,1.0,1.831333,111.830001,3.0,0,0
0.177991,0.419963,0.017942,0.258731,0.421774,0.015679,0.456477,0.034812,0.389496,0.920753,0.022509,0.543523,0.0,0.0,1.0,1.0,2.631333,90.569999,3.0,0,0
0.341645,0.306219,0.023438,0.349559,0.335687,0.016406,0.459392,0.035512,0.722928,0.690492,0.024413,0.540608,0.0,0.0,1.0,1.0,3.481333,67.989999,2.0,0,0
0.282664,0.173782,0.014936,0.3735,0.255475,0.016928,0.332148,0.027093,0.894968,0.445396,0.025597,0.667852,0.0,0.0,1.0,1.0,4.221333,44.48,1.0,0,0
0.117732,0.045613,0.006699,0.286551,0.116134,0.015314,0.126436,0.017966,0.923571,0.382554,0.025828,0.873564,0.0,0.0,1.0,1.0,5.131333,22.500001,0.0,0,2
