mean_x,mean_y,mean_z,std_x,std_y,std_z,R,log_rmsW,rX_ratio,rY_ratio,rZ_ratio,psi,elev_normalized,elev_sin,elev_cos,is_synthetic,time_s,azimuth_deg,az_sector,elev_class,psi_cls
0.523486,-0.21861,0.001133,0.405594,0.259076,0.001748,0.5673,0.089824,0.895951,0.444144,0.002801,0.4327,0.0,0.0,1.0,1.0,0.341333,-0.82,11.0,0,0
0.436154,-0.40446,0.003859,0.344514,0.340273,0.008437,0.594839,0.09302,0.671845,0.740677,0.004724,0.405161,0.0,0.0,1.0,1.0,1.141333,-21.9,11.0,0,0
0.218751,-0.483915,0.008419,0.267359,0.409184,0.014022,0.531128,0.079313,0.523074,0.852269,0.005506,0.468872,0.0,0.0,1.0,1.0,1.961333,-43.550001,10.0,0,0
0.007414,-0.531388,0.009207,0.251326,0.437021,0.013942,0.53152,0.078553,0.391201,0.920275,0.007501,0.46848,0.0,0.0,1.0,1.0,2.731333,-66.639998,9.0,0,0
-0.386437,-0.385598,0.004836,0.340605,0.342864,0.005624,0.545933,0.094802,0.738383,0.674294,0.010919,0.454067,0.0,0.0,1.0,1.0,4.341333,-113.879997,8.0,0,0
-0.416112,-0.178396,0.008028,0.419111,0.245539,0.010669,0.452812,0.068733,0.860435,0.509424,0.011761,0.547188,0.0,0.0,1.0,1.0,5.231333,-135.679992,7.0,0,0
-0.24435,-0.046353,0.006212,0.403894,0.113709,0.010918,0.248785,0.029529,0.923832,0.382599,0.012332,0.751215,0.0,0.0,1.0,1.0,6.051333,-156.809998,6.0,0,0
