mean_x,mean_y,mean_z,std_x,std_y,std_z,R,log_rmsW,rX_ratio,rY_ratio,rZ_ratio,psi,elev_normalized,elev_sin,elev_cos,is_synthetic,time_s,azimuth_deg,az_sector,elev_class,psi_cls
0.429304,-0.185035,0.003448,0.425632,0.255049,0.00836,0.467495,0.098119,0.93759,0.347736,0.002261,0.532504,0.0,0.0,1.0,1.0,0.171333,-0.82,11.0,0,0
0.355383,-0.36675,0.004172,0.348733,0.360506,0.008253,0.510705,0.092359,0.659289,0.751874,0.004818,0.489295,0.0,0.0,1.0,1.0,0.961333,-21.9,11.0,0,0
0.200625,-0.467092,0.003533,0.26197,0.420261,0.005703,0.508367,0.076381,0.467067,0.884203,0.005756,0.491633,0.0,0.0,1.0,1.0,1.791333,-43.550001,10.0,0,0
0.005363,-0.53733,0.005873,0.249611,0.441954,0.008664,0.537389,0.071003,0.385835,0.922544,0.006711,0.462611,0.0,0.0,1.0,1.0,2.561333,-66.639999,9.0,0,0
-0.23255,-0.496038,0.01269,0.282239,0.40867,0.014416,0.547991,0.062099,0.634796,0.772612,0.010188,0.452009,0.0,0.0,1.0,1.0,3.371333,-90.61,8.0,0,0
-0.405989,-0.437633,0.018721,0.333953,0.333352,0.016559,0.597243,0.076456,0.781653,0.623613,0.011188,0.402757,0.0,0.0,1.0,1.0,4.161333,-113.879996,8.0,0,0
-0.490376,-0.236045,0.015584,0.405148,0.272548,0.016343,0.544453,0.077798,0.865462,0.500828,0.012086,0.455547,0.0,0.0,1.0,1.0,4.971333,-135.679993,7.0,0,0
-0.327968,-0.072519,0.008468,0.435351,0.13841,0.012325,0.335997,0.05956,0.949448,0.313657,0.012954,0.664003,0.0,0.0,1.0,1.0,5.761333,-156.809998,6.0,0,0
-0.155484,-0.007692,0.006361,0.349593,0.013331,0.012518,0.155804,0.029397,0.999671,0.021464,0.014137,0.844196,0.0,0.0,1.0,1.0,6.591333,-178.770004,6.0,0,1
