mean_x,mean_y,mean_z,std_x,std_y,std_z,R,log_rmsW,rX_ratio,rY_ratio,rZ_ratio,psi,elev_normalized,elev_sin,elev_cos,is_synthetic,time_s,azimuth_deg,az_sector,elev_class,psi_cls
0.052787,-0.097287,-0.067951,0.608854,0.56995,0.536227,0.129879,0.056705,1.418783,0.532121,0.56477,0.870121,0.833333,0.965926,0.258819,0.0,0.281333,-4.366055,11.0,0,2
0.057023,-0.13692,-0.051742,0.578957,0.667123,0.441629,0.157086,0.072748,0.390885,0.814583,0.284732,0.842914,0.833333,0.965926,0.258819,0.0,1.201333,24.038268,0.0,0,1
0.084001,-0.131626,-0.03802,0.594474,0.656364,0.435807,0.160709,0.067732,0.38561,0.851841,0.269532,0.839291,0.833333,0.965926,0.258819,0.0,1.891333,-30.415768,10.0,0,1
0.01438,-0.140706,-0.03177,0.613103,0.629292,0.455038,0.144963,0.066235,0.342081,0.82687,0.258001,0.855037,0.833333,0.965926,0.258819,0.0,2.681333,-54.965606,10.0,0,2
-0.092305,-0.147133,-0.045566,0.61645,0.585472,0.494905,0.179568,0.095733,0.555331,0.46831,0.34766,0.820432,0.833333,0.965926,0.258819,0.0,4.431333,-147.863342,7.0,0,1
0.049553,-0.131854,-0.122897,0.603504,0.523009,0.572072,0.186935,0.081248,0.384979,0.315761,0.339475,0.813065,0.833333,0.965926,0.258819,0.0,5.201333,-108.254443,8.0,0,1
0.034707,-0.050775,-0.102379,0.614328,0.526272,0.575574,0.119433,0.070191,0.347824,0.188597,0.325144,0.880567,0.833333,0.965926,0.258819,0.0,5.901333,-136.025311,7.0,0,2
0.063499,-0.0193,-0.110538,0.458125,0.416709,0.478543,0.128931,0.01882,0.419796,0.114214,0.475524,0.871069,0.833333,0.965926,0.258819,0.0,6.751333,-57.186511,10.0,0,2
