mean_x,mean_y,mean_z,std_x,std_y,std_z,R,log_rmsW,rX_ratio,rY_ratio,rZ_ratio,psi,elev_normalized,elev_sin,elev_cos,is_synthetic,time_s,azimuth_deg,az_sector,elev_class,psi_cls
0.175703,-0.028235,-0.102435,0.63241,0.590854,0.456866,0.205333,0.059758,0.592303,0.487386,0.417501,0.794667,0.833333,0.965926,0.258819,0.0,0.631333,28.333848,0.0,0,1
0.182494,-0.012241,-0.050374,0.612499,0.608714,0.467193,0.189714,0.068618,0.765961,0.788768,0.55037,0.810286,0.833333,0.965926,0.258819,0.0,1.471333,32.351312,1.0,0,1
0.095903,-0.069959,-0.02798,0.603274,0.604487,0.505721,0.121961,0.059869,0.807507,0.878424,0.612464,0.878039,0.833333,0.965926,0.258819,0.0,2.271333,-10.348398,11.0,0,2
0.107342,-0.163367,-0.042719,0.59875,0.566574,0.529541,0.20009,0.064713,0.776186,0.8466,0.59028,0.79991,0.833333,0.965926,0.258819,0.0,3.031333,-64.50855,9.0,0,1
0.125462,-0.198938,-0.141561,0.644857,0.503003,0.505719,0.274511,0.066271,0.888822,0.504422,0.393293,0.725489,0.833333,0.965926,0.258819,0.0,4.661333,-146.226616,7.0,0,0
0.023873,-0.10821,-0.110487,0.626608,0.474706,0.503938,0.156482,0.05779,0.94485,0.405644,0.343968,0.843518,0.833333,0.965926,0.258819,0.0,5.471333,-124.764034,7.0,0,1
0.041313,-0.029695,-0.10072,0.423337,0.304839,0.414201,0.112841,0.039763,0.643571,0.262291,0.334995,0.887159,0.833333,0.965926,0.258819,0.0,6.351333,-2.799784,11.0,0,2
