mean_x,mean_y,mean_z,std_x,std_y,std_z,R,log_rmsW,rX_ratio,rY_ratio,rZ_ratio,psi,elev_normalized,elev_sin,elev_cos,is_synthetic,time_s,azimuth_deg,az_sector,elev_class,psi_cls
0.493704,-0.214678,0.002649,0.414604,0.269878,0.006917,0.538365,0.080549,0.90992,0.414775,0.002644,0.461635,0.0,0.0,1.0,1.0,0.591333,-0.82,11.0,1,0
0.42012,-0.415502,0.007461,0.334603,0.342535,0.013862,0.59093,0.101069,0.614932,0.788564,0.005072,0.40907,0.0,0.0,1.0,1.0,1.411333,-21.9,11.0,1,0
0.237759,-0.501116,0.009588,0.277192,0.403702,0.014166,0.554742,0.088281,0.427739,0.903883,0.005928,0.445258,0.0,0.0,1.0,1.0,2.211333,-43.550001,10.0,1,0
-0.028804,-0.512949,0.009021,0.234776,0.436851,0.013703,0.513836,0.080146,0.382708,0.923837,0.007742,0.486164,0.0,0.0,1.0,1.0,3.091333,-66.639999,9.0,1,0
-0.401232,-0.400181,0.016668,0.350087,0.329015,0.017038,0.56693,0.092584,0.811855,0.583747,0.011452,0.43307,0.0,0.0,1.0,1.0,4.641333,-113.879998,8.0,1,0
-0.45281,-0.206813,0.010614,0.420836,0.251533,0.014066,0.497917,0.079998,0.897753,0.440334,0.012049,0.502083,0.0,0.0,1.0,1.0,5.411333,-135.679993,7.0,1,0
-0.331109,-0.084052,0.003766,0.438019,0.150069,0.006239,0.341632,0.072163,0.919466,0.392979,0.012225,0.658368,0.0,0.0,1.0,1.0,6.191333,-156.809998,6.0,1,0
