mean_x,mean_y,mean_z,std_x,std_y,std_z,R,log_rmsW,rX_ratio,rY_ratio,rZ_ratio,psi,elev_normalized,elev_sin,elev_cos,is_synthetic,time_s,azimuth_deg,az_sector,elev_class,psi_cls
0.563449,-0.228788,0.01246,0.384983,0.247275,0.018817,0.608255,0.084012,0.891937,0.452151,0.002854,0.391745,0.0,0.0,1.0,1.0,0.201333,-0.82,11.0,1,0
0.418431,-0.37307,0.007987,0.352227,0.325912,0.014374,0.560651,0.108215,0.646635,0.762784,0.004898,0.439349,0.0,0.0,1.0,1.0,0.971333,-21.9,11.0,1,0
0.199418,-0.433782,0.003327,0.270857,0.4161,0.006545,0.477436,0.092249,0.468644,0.883368,0.005732,0.522564,0.0,0.0,1.0,1.0,1.771333,-43.550001,10.0,1,0
-0.016761,-0.48184,0.006396,0.22992,0.447197,0.011434,0.482173,0.091448,0.391751,0.920041,0.007461,0.517827,0.0,0.0,1.0,1.0,2.581333,-66.639999,9.0,1,0
-0.333126,-0.347997,0.015071,0.444375,0.322774,0.016416,0.481978,0.090698,0.876814,0.480717,0.01044,0.518022,0.0,0.0,1.0,1.0,4.281333,-113.879998,8.0,1,0
-0.225413,-0.156755,0.006976,0.448792,0.230017,0.012483,0.274648,0.086095,0.908401,0.417968,0.010519,0.725352,0.0,0.0,1.0,1.0,5.111333,-135.679993,7.0,1,0
-0.147994,-0.07793,0.001965,0.423056,0.154903,0.004469,0.167269,0.076372,0.942739,0.333368,0.010351,0.832731,0.0,0.0,1.0,1.0,5.771333,-156.809998,6.0,1,1
0.034331,-0.000491,3e-05,0.182063,0.002606,0.000159,0.034334,0.041393,0.999897,0.014311,0.000873,0.965666,0.0,0.0,1.0,1.0,6.181333,-0.820007,11.0,1,2
