mean_x,mean_y,mean_z,std_x,std_y,std_z,R,log_rmsW,rX_ratio,rY_ratio,rZ_ratio,psi,elev_normalized,elev_sin,elev_cos,is_synthetic,time_s,azimuth_deg,az_sector,elev_class,psi_cls
0.00607,-0.123423,-0.074279,0.61754,0.547682,0.545791,0.144179,0.086557,0.633738,0.431455,0.365468,0.855821,0.833333,0.965926,0.258819,0.0,0.331333,-162.399441,6.0,0,2
0.101346,-0.191212,-0.057223,0.59602,0.596488,0.488708,0.223847,0.067614,0.772966,0.747208,0.37387,0.776153,0.833333,0.965926,0.258819,0.0,1.061333,-22.576733,11.0,0,0
0.041859,-0.202534,-0.030838,0.594777,0.673602,0.385677,0.209101,0.057729,0.442241,0.762599,0.275271,0.790899,0.833333,0.965926,0.258819,0.0,1.951333,-33.905526,10.0,0,1
0.066709,-0.217261,-0.038855,0.595218,0.659577,0.396834,0.23057,0.045944,0.639813,0.926306,0.366454,0.76943,0.833333,0.965926,0.258819,0.0,2.671333,-53.716489,10.0,0,0
0.003464,-0.222565,-0.065063,0.555172,0.625333,0.496914,0.231906,0.053548,0.745683,0.933291,0.49985,0.768094,0.833333,0.965926,0.258819,0.0,3.481333,-76.972528,9.0,0,0
-0.049719,-0.197151,-0.057597,0.582246,0.577006,0.532306,0.211324,0.06374,0.673109,0.738209,0.447397,0.788676,0.833333,0.965926,0.258819,0.0,4.361333,-66.531028,9.0,0,1
-0.185865,-0.104965,-0.00762,0.578925,0.579018,0.532815,0.213592,0.067079,0.651218,0.642116,0.430907,0.786408,0.833333,0.965926,0.258819,0.0,5.081333,-119.067551,8.0,0,1
-0.097735,-0.017523,0.008687,0.628244,0.553175,0.537847,0.099673,0.048595,0.596037,0.31312,0.380602,0.900327,0.833333,0.965926,0.258819,0.0,5.881333,-138.076021,7.0,1,2
-0.034248,0.001429,0.00633,0.493014,0.44886,0.427935,0.034858,0.026867,0.514203,0.240099,0.380458,0.965142,0.833333,0.965926,0.258819,0.0,6.751333,-174.363157,6.0,1,2
