mean_x,mean_y,mean_z,std_x,std_y,std_z,R,log_rmsW,rX_ratio,rY_ratio,rZ_ratio,psi,elev_normalized,elev_sin,elev_cos,is_synthetic,time_s,azimuth_deg,az_sector,elev_class,psi_cls
-0.100213,0.085497,-0.067749,0.598643,0.611926,0.495169,0.148129,0.035365,0.627908,0.730476,0.56014,0.851871,0.833333,0.965926,0.258819,0.0,0.301333,-171.703644,6.0,0,2
-0.013197,0.076018,-0.042728,0.606428,0.631769,0.474663,0.088196,0.030155,0.52634,0.790643,0.423695,0.911804,0.833333,0.965926,0.258819,0.0,1.141333,137.622298,4.0,0,2
0.027452,0.141088,-0.026328,0.573639,0.656046,0.46813,0.146125,0.035099,0.336763,1.156793,0.353163,0.853875,0.833333,0.965926,0.258819,0.0,1.851333,112.421498,3.0,0,2
-0.010651,0.113331,-0.04609,0.542851,0.638417,0.531582,0.122807,0.030272,0.300681,1.243003,0.382071,0.877193,0.833333,0.965926,0.258819,0.0,2.641333,101.06817,3.0,0,2
0.039124,0.142193,-0.089469,0.572334,0.60133,0.530107,0.172494,0.031401,0.620351,1.131859,0.413009,0.827506,0.833333,0.965926,0.258819,0.0,3.481333,96.254035,3.0,0,1
0.029386,0.049791,-0.066976,0.486078,0.458672,0.42459,0.088479,0.021151,0.89156,0.676832,0.425803,0.911521,0.833333,0.965926,0.258819,0.0,4.241333,63.02592,2.0,0,2
0.014176,0.034834,-0.015742,0.296196,0.25723,0.170928,0.04077,0.014982,1.053186,0.703036,0.429672,0.95923,0.833333,0.965926,0.258819,0.0,5.141333,40.123205,1.0,0,2
