mean_x,mean_y,mean_z,std_x,std_y,std_z,R,log_rmsW,rX_ratio,rY_ratio,rZ_ratio,psi,elev_normalized,elev_sin,elev_cos,is_synthetic,time_s,azimuth_deg,az_sector,elev_class,psi_cls
-0.046376,-0.122185,0.018081,0.573928,0.572198,0.570769,0.131935,0.070692,0.474711,0.522362,0.450413,0.868065,0.444444,0.642788,0.766044,0.0,0.391333,-28.968462,11.0,1,2
0.01506,-0.134219,-0.110405,0.579718,0.622492,0.495971,0.174444,0.059864,0.456777,0.731996,0.725119,0.825556,0.444444,0.642788,0.766044,0.0,1.191333,-52.299756,10.0,0,1
0.021007,-0.139655,-0.0851,0.554531,0.627074,0.521559,0.164884,0.052725,0.480256,0.807027,0.811361,0.835116,0.444444,0.642788,0.766044,0.0,1.871333,-46.697158,10.0,0,1
-0.026906,-0.170023,-0.038792,0.53903,0.634672,0.524801,0.176456,0.047243,0.387644,0.858181,0.866471,0.823544,0.444444,0.642788,0.766044,0.0,2.661333,-63.350691,9.0,0,1
-0.045129,-0.137332,-0.011544,0.565607,0.635916,0.504535,0.145017,0.017448,0.516026,0.979209,0.482627,0.854983,0.444444,0.642788,0.766044,0.0,2.891333,-70.26063,9.0,0,2
-0.058204,-0.149542,0.070818,0.626327,0.503475,0.568688,0.175401,0.09426,0.42767,0.289289,0.343819,0.824598,0.444444,0.642788,0.766044,0.0,5.151333,-137.744767,7.0,2,1
-0.042987,-0.09916,0.091942,0.629203,0.529927,0.550464,0.141894,0.065648,0.458654,0.261626,0.324712,0.858106,0.444444,0.642788,0.766044,0.0,5.931333,-125.421806,7.0,2,2
-0.075187,-0.023656,0.090341,0.482244,0.439838,0.449849,0.119892,0.036219,0.639734,0.208712,0.291817,0.880108,0.444444,0.642788,0.766044,0.0,6.721333,-154.622486,6.0,2,2
