mean_x,mean_y,mean_z,std_x,std_y,std_z,R,log_rmsW,rX_ratio,rY_ratio,rZ_ratio,psi,elev_normalized,elev_sin,elev_cos,is_synthetic,time_s,azimuth_deg,az_sector,elev_class,psi_cls
0.042751,-0.104694,-0.079342,0.597944,0.606649,0.505271,0.138144,0.06841,0.588588,0.595181,0.394575,0.861856,0.833333,0.965926,0.258819,0.0,0.211333,19.772667,0.0,0,2
0.028246,-0.150413,-0.084005,0.598858,0.59473,0.507068,0.174582,0.070866,0.750923,0.896811,0.346057,0.825418,0.833333,0.965926,0.258819,0.0,1.141333,-2.567923,11.0,0,1
0.037539,-0.149393,-0.05404,0.605539,0.593995,0.503794,0.163241,0.061895,0.848987,1.007925,0.360892,0.836759,0.833333,0.965926,0.258819,0.0,1.791333,-31.591165,10.0,0,1
-0.036747,-0.135862,-0.021348,0.620633,0.624079,0.452822,0.142354,0.060964,1.035059,1.112382,0.46922,0.857646,0.833333,0.965926,0.258819,0.0,2.591333,-49.382206,10.0,0,2
0.069756,-0.150588,-0.132258,0.620174,0.577141,0.468061,0.212214,0.061738,0.815852,0.556937,0.340255,0.787786,0.833333,0.965926,0.258819,0.0,4.301333,-81.435628,9.0,0,1
0.104942,-0.071945,-0.117015,0.470239,0.421836,0.371318,0.172862,0.055914,0.877288,0.477808,0.340694,0.827138,0.833333,0.965926,0.258819,0.0,5.131333,-113.500406,8.0,0,1
0.064997,-0.024173,-0.089851,0.295223,0.144227,0.266487,0.1135,0.04067,0.78283,0.297239,0.307568,0.8865,0.833333,0.965926,0.258819,0.0,5.881333,52.859642,1.0,0,2
