mean_x,mean_y,mean_z,std_x,std_y,std_z,R,log_rmsW,rX_ratio,rY_ratio,rZ_ratio,psi,elev_normalized,elev_sin,elev_cos,is_synthetic,time_s,azimuth_deg,az_sector,elev_class,psi_cls
-0.057899,-0.106689,0.023498,0.593806,0.535896,0.587251,0.123641,0.100026,0.645371,0.436709,0.392455,0.876359,0.444444,0.642788,0.766044,0.0,0.311333,18.519946,0.0,2,2
0.020535,-0.139786,0.062709,0.534709,0.592385,0.582414,0.154577,0.073168,0.559263,0.689004,0.46098,0.845423,0.444444,0.642788,0.766044,0.0,1.161333,-21.605838,11.0,2,1
0.009014,-0.144336,-0.030299,0.545786,0.625627,0.537402,0.147757,0.056935,0.417476,0.673259,0.482232,0.852243,0.444444,0.642788,0.766044,0.0,1.951333,-49.762312,10.0,0,2
0.000922,-0.177396,-0.037873,0.559017,0.605013,0.537072,0.181397,0.070986,0.333182,0.610339,0.403664,0.818603,0.444444,0.642788,0.766044,0.0,2.661333,-67.651028,9.0,0,1
-0.011584,-0.205125,-0.076351,0.594898,0.561014,0.532198,0.21918,0.092794,0.25204,0.497337,0.348255,0.78082,0.444444,0.642788,0.766044,0.0,3.501333,-81.015717,9.0,0,1
0.048361,-0.194931,-0.046913,0.647046,0.519198,0.518845,0.206247,0.092192,0.499994,0.467386,0.351593,0.793753,0.444444,0.642788,0.766044,0.0,4.391333,-74.737321,9.0,0,1
0.02452,-0.171689,-0.049638,0.681566,0.50646,0.49636,0.180395,0.087079,0.574378,0.43311,0.358453,0.819605,0.444444,0.642788,0.766044,0.0,5.081333,-81.00507,9.0,0,1
-0.005016,-0.112571,-0.009614,0.647117,0.534312,0.531813,0.113092,0.051655,0.845556,0.422323,0.293758,0.886908,0.444444,0.642788,0.766044,0.0,5.901333,-60.418974,9.0,0,2
0.000335,-0.041157,0.008426,0.484564,0.451204,0.440461,0.042012,0.029935,0.499812,0.208159,0.242051,0.957988,0.444444,0.642788,0.766044,0.0,6.741333,-57.33947,10.0,1,2
