mean_x,mean_y,mean_z,std_x,std_y,std_z,R,log_rmsW,rX_ratio,rY_ratio,rZ_ratio,psi,elev_normalized,elev_sin,elev_cos,is_synthetic,time_s,azimuth_deg,az_sector,elev_class,psi_cls
-0.020751,0.097119,-0.023021,0.61392,0.634246,0.458654,0.101944,0.028657,0.420175,0.500286,0.288865,0.898056,0.0,0.0,1.0,0.0,0.521333,-48.906923,10.0,0,2
-0.005523,0.136802,-0.004513,0.596962,0.641721,0.461487,0.136988,0.024959,0.495107,0.821064,0.511309,0.863012,0.0,0.0,1.0,0.0,1.231333,135.49737,4.0,1,2
0.039413,0.115454,-0.012123,0.606592,0.619948,0.482281,0.122597,0.018484,0.672855,1.048557,0.652519,0.877403,0.0,0.0,1.0,0.0,2.031333,108.335788,3.0,0,2
0.240134,0.099227,-0.031138,0.601002,0.585019,0.477467,0.261687,0.021431,0.939802,0.711788,0.443418,0.738313,0.0,0.0,1.0,0.0,2.761333,97.051899,3.0,0,0
0.285733,-0.023318,-0.021922,0.596393,0.598598,0.450789,0.28752,0.025646,0.803456,0.379988,0.238156,0.71248,0.0,0.0,1.0,0.0,3.581333,-19.652401,11.0,0,0
0.203129,-0.023783,-0.01323,0.528142,0.510316,0.329382,0.204944,0.023037,0.828182,0.375856,0.21316,0.795056,0.0,0.0,1.0,0.0,4.381333,3.19759,0.0,0,1
0.042833,-0.065906,0.014652,0.34237,0.391517,0.207375,0.079956,0.016606,0.552538,0.389534,0.140654,0.920044,0.0,0.0,1.0,0.0,5.121333,7.929015,0.0,1,2
