mean_x,mean_y,mean_z,std_x,std_y,std_z,R,log_rmsW,rX_ratio,rY_ratio,rZ_ratio,psi,elev_normalized,elev_sin,elev_cos,is_synthetic,time_s,azimuth_deg,az_sector,elev_class,psi_cls
-0.03032,0.056923,-0.053963,0.670465,0.571969,0.464958,0.084092,0.06337,0.439922,0.361904,0.186772,0.915908,0.444444,0.642788,0.766044,0.0,0.501333,134.377345,4.0,0,2
0.013302,0.098617,-0.045801,0.627492,0.597355,0.487221,0.109544,0.05513,0.38713,0.389145,0.203194,0.890456,0.444444,0.642788,0.766044,0.0,1.231333,140.242929,4.0,0,2
0.032181,0.10281,-0.015905,0.610439,0.576072,0.532541,0.108897,0.052652,0.515952,0.496939,0.601883,0.891103,0.444444,0.642788,0.766044,0.0,2.041333,127.428043,4.0,0,2
0.125338,-0.052024,-0.073204,0.607593,0.616415,0.476446,0.154191,0.054132,0.411008,0.474374,0.443544,0.845809,0.444444,0.642788,0.766044,0.0,3.651333,83.449734,2.0,0,1
0.074688,-0.096074,-0.052065,0.551753,0.528482,0.377346,0.13236,0.036483,0.329725,0.375665,0.154015,0.86764,0.444444,0.642788,0.766044,0.0,4.521333,24.781183,0.0,0,2
0.007885,-0.035318,-0.032216,0.386239,0.36538,0.252335,0.04845,0.015613,0.46719,0.333737,0.139931,0.95155,0.444444,0.642788,0.766044,0.0,5.311333,8.83377,0.0,0,2
