mean_x,mean_y,mean_z,std_x,std_y,std_z,R,log_rmsW,rX_ratio,rY_ratio,rZ_ratio,psi,elev_normalized,elev_sin,elev_cos,is_synthetic,time_s,azimuth_deg,az_sector,elev_class,psi_cls
0.535029,-0.225392,0.009402,0.397154,0.262902,0.01647,0.580643,0.092952,0.909778,0.415088,0.002635,0.419357,0.0,0.0,1.0,1.0,0.261333,-0.82,11.0,1,0
0.394993,-0.431876,0.013609,0.313497,0.344012,0.018227,0.585424,0.074316,0.650768,0.759262,0.00481,0.414576,0.0,0.0,1.0,1.0,1.191333,-21.9,11.0,1,0
0.242544,-0.54202,0.008629,0.275202,0.387704,0.014108,0.593875,0.067283,0.553508,0.832827,0.005382,0.406125,0.0,0.0,1.0,1.0,1.861333,-43.550001,10.0,1,0
0.013296,-0.563104,0.003368,0.25286,0.421915,0.004022,0.563271,0.063811,0.38808,0.921592,0.007843,0.436729,0.0,0.0,1.0,1.0,2.651333,-66.639999,9.0,1,0
-0.221068,-0.46917,0.004031,0.271316,0.405896,0.004728,0.51866,0.075956,0.611537,0.791152,0.010092,0.48134,0.0,0.0,1.0,1.0,3.461333,-90.609999,8.0,1,0
-0.409076,-0.339931,0.004253,0.356746,0.312312,0.005402,0.531897,0.091203,0.791171,0.611491,0.011259,0.468103,0.0,0.0,1.0,1.0,4.361333,-113.879997,8.0,1,0
-0.547347,-0.227596,0.007918,0.397765,0.256576,0.011103,0.592833,0.088678,0.847761,0.530247,0.011777,0.407167,0.0,0.0,1.0,1.0,5.051333,-135.679993,7.0,1,0
-0.410337,-0.094633,0.01029,0.441025,0.148828,0.015056,0.421234,0.064142,0.933799,0.357576,0.012576,0.578766,0.0,0.0,1.0,1.0,5.861333,-156.809997,6.0,1,0
-0.175896,-0.009255,0.008149,0.358763,0.016027,0.01547,0.176328,0.020235,0.99967,0.021464,0.014137,0.823672,0.0,0.0,1.0,1.0,6.701333,-178.770005,6.0,1,1
