mean_x,mean_y,mean_z,std_x,std_y,std_z,R,log_rmsW,rX_ratio,rY_ratio,rZ_ratio,psi,elev_normalized,elev_sin,elev_cos,is_synthetic,time_s,azimuth_deg,az_sector,elev_class,psi_cls
-0.101151,0.148958,-0.021382,0.645764,0.605561,0.428215,0.181321,0.044736,0.562417,0.71234,0.377047,0.818679,0.833333,0.965926,0.258819,0.0,0.511333,171.327068,5.0,0,1
-0.081073,0.225524,-0.042019,0.597412,0.612312,0.45709,0.24331,0.043543,0.51165,0.876436,0.375038,0.75669,0.833333,0.965926,0.258819,0.0,1.301333,135.85087,4.0,0,0
-0.02607,0.161679,-0.076002,0.554426,0.631053,0.511582,0.180544,0.037818,0.567068,0.988333,0.450478,0.819456,0.833333,0.965926,0.258819,0.0,2.131333,116.763629,3.0,0,1
0.056358,0.126696,-0.071584,0.56345,0.585689,0.56129,0.156053,0.037866,0.82881,0.879233,0.59278,0.843947,0.833333,0.965926,0.258819,0.0,2.911333,97.619571,3.0,0,1
0.02232,0.023208,-0.038663,0.588596,0.592329,0.547812,0.050316,0.035582,0.877734,0.67251,0.560644,0.949684,0.833333,0.965926,0.258819,0.0,3.751333,100.388345,3.0,0,2
0.002731,-0.010021,-0.009889,0.51234,0.513164,0.450939,0.014341,0.02452,0.900034,0.625413,0.530916,0.985659,0.833333,0.965926,0.258819,0.0,4.551333,41.618411,1.0,0,2
-0.0239,-0.040721,-0.014479,0.357119,0.379268,0.274941,0.049387,0.013917,0.843999,0.657429,0.339305,0.950613,0.833333,0.965926,0.258819,0.0,5.311333,41.093527,1.0,0,2
