mean_x,mean_y,mean_z,std_x,std_y,std_z,R,log_rmsW,rX_ratio,rY_ratio,rZ_ratio,psi,elev_normalized,elev_sin,elev_cos,is_synthetic,time_s,azimuth_deg,az_sector,elev_class,psi_cls
-0.09501,0.084037,-0.054487,0.596055,0.660171,0.435654,0.13805,0.054735,0.557764,0.507703,0.211963,0.86195,0.444444,0.642788,0.766044,0.0,1.391333,145.201879,4.0,0,2
-0.050471,0.068049,-0.084838,0.571593,0.666152,0.463754,0.119898,0.051046,0.45892,0.534982,0.225145,0.880102,0.444444,0.642788,0.766044,0.0,2.191333,127.514937,4.0,0,2
0.03621,0.008636,-0.100351,0.571993,0.673154,0.456244,0.107034,0.053339,0.37592,0.505138,0.191295,0.892966,0.444444,0.642788,0.766044,0.0,3.031333,119.438246,3.0,0,2
0.04032,-0.038121,-0.113058,0.605469,0.611989,0.492916,0.125941,0.061718,0.382549,0.359434,0.239841,0.874059,0.444444,0.642788,0.766044,0.0,3.891333,102.236745,3.0,0,2
0.01031,-0.047026,-0.064155,0.523787,0.471821,0.431299,0.08021,0.054427,0.400349,0.265906,0.255749,0.91979,0.444444,0.642788,0.766044,0.0,4.631333,26.541186,0.0,0,2
-0.041702,-0.017941,-0.028835,0.350872,0.262231,0.315697,0.053781,0.038558,0.399678,0.155088,0.306836,0.946219,0.444444,0.642788,0.766044,0.0,5.421333,24.749172,0.0,0,2
