mean_x,mean_y,mean_z,std_x,std_y,std_z,R,log_rmsW,rX_ratio,rY_ratio,rZ_ratio,psi,elev_normalized,elev_sin,elev_cos,is_synthetic,time_s,azimuth_deg,az_sector,elev_class,psi_cls
-0.316811,0.356558,0.015861,0.339707,0.368758,0.013064,0.477236,0.05245,0.582037,0.81296,0.018152,0.522764,0.0,0.0,1.0,1.0,0.181333,157.749998,5.0,0,0
-0.188256,0.494489,0.015948,0.249262,0.416457,0.016275,0.529352,0.051073,0.434649,0.900401,0.018912,0.470648,0.0,0.0,1.0,1.0,0.961333,134.050004,4.0,0,0
-0.019931,0.528317,0.01589,0.217838,0.438425,0.015386,0.528932,0.051724,0.33972,0.940302,0.020557,0.471068,0.0,0.0,1.0,1.0,1.751333,111.830002,3.0,0,0
0.179751,0.44539,0.017114,0.265711,0.420868,0.015448,0.480599,0.039518,0.418584,0.907898,0.02254,0.519401,0.0,0.0,1.0,1.0,2.571333,90.569999,3.0,0,0
0.355745,0.33309,0.014284,0.361437,0.349756,0.014666,0.487553,0.048917,0.753663,0.6568,0.024608,0.512447,0.0,0.0,1.0,1.0,3.351333,67.989999,2.0,0,0
0.309464,0.194914,0.014033,0.378069,0.259264,0.016186,0.366001,0.039592,0.891966,0.451378,0.025573,0.633999,0.0,0.0,1.0,1.0,4.141333,44.479998,1.0,0,0
0.18379,0.071717,0.010066,0.345552,0.141566,0.01602,0.197543,0.03429,0.923572,0.382555,0.025828,0.802457,0.0,0.0,1.0,1.0,4.951333,22.500001,0.0,0,1
