mean_x,mean_y,mean_z,std_x,std_y,std_z,R,log_rmsW,rX_ratio,rY_ratio,rZ_ratio,psi,elev_normalized,elev_sin,elev_cos,is_synthetic,time_s,azimuth_deg,az_sector,elev_class,psi_cls
-0.074146,0.101633,-0.027578,0.561213,0.689535,0.439223,0.128792,0.041078,0.57888,1.074124,0.404776,0.871208,0.833333,0.965926,0.258819,0.0,1.451333,129.326504,4.0,0,2
-0.007152,0.074003,-0.030016,0.53772,0.731556,0.411343,0.080178,0.041928,0.591051,1.068734,0.380165,0.919822,0.833333,0.965926,0.258819,0.0,2.241333,109.83858,3.0,0,2
0.057723,0.098219,-0.045349,0.552319,0.707271,0.42387,0.12262,0.045162,0.619995,0.844869,0.360633,0.87738,0.833333,0.965926,0.258819,0.0,3.071333,82.467163,2.0,0,2
-0.026166,0.050081,-0.04385,0.575499,0.659148,0.478747,0.071523,0.063893,0.427837,0.427707,0.318655,0.928477,0.833333,0.965926,0.258819,0.0,3.911333,49.063676,1.0,0,2
-0.053364,0.020328,-0.045578,0.497272,0.505787,0.425325,0.073064,0.058053,0.380695,0.311367,0.321333,0.926936,0.833333,0.965926,0.258819,0.0,4.631333,50.514484,1.0,0,2
-0.062895,-0.024467,-0.018037,0.316208,0.3061,0.292878,0.069855,0.045189,0.224369,0.230121,0.306398,0.930145,0.833333,0.965926,0.258819,0.0,5.441333,-157.357751,6.0,0,2
