mean_x,mean_y,mean_z,std_x,std_y,std_z,R,log_rmsW,rX_ratio,rY_ratio,rZ_ratio,psi,elev_normalized,elev_sin,elev_cos,is_synthetic,time_s,azimuth_deg,az_sector,elev_class,psi_cls
-0.315108,0.322899,0.013368,0.356462,0.361262,0.011759,0.451371,0.052698,0.679925,0.733068,0.017709,0.548629,0.0,0.0,1.0,1.0,0.391333,157.749999,5.0,1,0
-0.168963,0.419417,0.010948,0.25234,0.432211,0.011844,0.452304,0.047773,0.54939,0.835362,0.018449,0.547696,0.0,0.0,1.0,1.0,1.201333,134.050003,4.0,1,0
0.01558,0.405361,0.008677,0.18464,0.448711,0.011324,0.405753,0.03154,0.316072,0.948497,0.021252,0.594247,0.0,0.0,1.0,1.0,2.101333,111.830002,3.0,1,0
0.176867,0.421411,0.013461,0.264715,0.42187,0.014914,0.45722,0.045702,0.607498,0.793973,0.023527,0.54278,0.0,0.0,1.0,1.0,2.791333,90.569998,3.0,1,0
0.315174,0.316092,0.016586,0.348588,0.35027,0.01473,0.446681,0.043094,0.66853,0.743298,0.02401,0.553319,0.0,0.0,1.0,1.0,3.591333,67.990001,2.0,1,0
0.250668,0.165417,0.01245,0.365419,0.255622,0.015286,0.300586,0.035528,0.728745,0.684352,0.024362,0.699414,0.0,0.0,1.0,1.0,4.401333,44.479998,1.0,1,0
0.129316,0.05381,0.003681,0.317482,0.131463,0.00928,0.140113,0.007774,0.923566,0.382557,0.025828,0.859887,0.0,0.0,1.0,1.0,5.191333,22.500001,0.0,1,2
