mean_x,mean_y,mean_z,std_x,std_y,std_z,R,log_rmsW,rX_ratio,rY_ratio,rZ_ratio,psi,elev_normalized,elev_sin,elev_cos,is_synthetic,time_s,azimuth_deg,az_sector,elev_class,psi_cls
-0.114043,0.025586,-0.007612,0.647606,0.602058,0.452065,0.117125,0.066214,0.69146,0.44297,0.155003,0.882875,0.444444,0.642788,0.766044,0.0,0.421333,121.454771,4.0,0,2
-0.055809,0.023999,-0.024824,0.602608,0.639308,0.473073,0.065626,0.043279,0.551538,0.529207,0.216814,0.934374,0.444444,0.642788,0.766044,0.0,1.341333,151.628209,5.0,0,2
0.009168,0.045035,-0.003551,0.588718,0.663843,0.458868,0.046096,0.04157,0.461851,0.537694,0.232095,0.953904,0.444444,0.642788,0.766044,0.0,2.031333,133.308733,4.0,1,2
0.07508,0.049218,-0.083669,0.573699,0.659576,0.469797,0.122719,0.049003,0.296925,0.404573,0.23279,0.877281,0.444444,0.642788,0.766044,0.0,2.821333,105.416309,3.0,0,2
0.064107,0.060482,-0.063374,0.534467,0.666864,0.450145,0.108554,0.045329,0.301889,0.39178,0.233455,0.891446,0.444444,0.642788,0.766044,0.0,3.621333,68.56948,2.0,0,2
-0.011725,0.047153,-0.067884,0.392218,0.493464,0.361255,0.083482,0.033472,0.293399,0.266197,0.257797,0.916518,0.444444,0.642788,0.766044,0.0,4.441333,46.726419,1.0,0,2
-0.010186,0.009965,0.00219,0.218864,0.234428,0.227497,0.014417,0.008265,0.534636,0.34696,0.318971,0.985583,0.444444,0.642788,0.766044,0.0,5.201333,31.010902,1.0,1,2
