mean_x,mean_y,mean_z,std_x,std_y,std_z,R,log_rmsW,rX_ratio,rY_ratio,rZ_ratio,psi,elev_normalized,elev_sin,elev_cos,is_synthetic,time_s,azimuth_deg,az_sector,elev_class,psi_cls
0.153701,-0.09616,0.091812,0.518285,0.606012,0.568119,0.203225,0.057622,0.459017,0.499704,0.27006,0.796775,0.0,0.0,1.0,0.0,0.301333,-23.912476,11.0,2,1
0.098099,-0.068136,0.05927,0.537101,0.606965,0.570301,0.133337,0.055152,0.823181,0.893205,0.690831,0.866663,0.0,0.0,1.0,0.0,1.101333,-46.10992,10.0,2,2
0.05092,-0.061144,0.033066,0.565656,0.627261,0.528277,0.086167,0.050484,0.86146,0.946803,0.739324,0.913833,0.0,0.0,1.0,0.0,1.891333,-48.997388,10.0,2,2
0.053525,-0.10243,0.043079,0.574466,0.622346,0.517054,0.12334,0.050477,0.386471,0.513334,0.425934,0.87666,0.0,0.0,1.0,0.0,2.751333,-66.919095,9.0,2,2
0.111672,-0.199155,0.150595,0.57609,0.542922,0.546293,0.273518,0.09492,0.341426,0.233419,0.311663,0.726482,0.0,0.0,1.0,0.0,4.311333,-89.583364,9.0,2,0
0.098564,-0.164268,0.148923,0.634011,0.542137,0.495147,0.242645,0.0898,0.387687,0.207428,0.302209,0.757355,0.0,0.0,1.0,0.0,5.081333,-114.030035,8.0,2,0
0.09286,-0.121038,0.130461,0.556272,0.496168,0.439781,0.200732,0.064395,0.429892,0.20631,0.330527,0.799268,0.0,0.0,1.0,0.0,5.931333,-22.879503,11.0,2,1
