mean_x,mean_y,mean_z,std_x,std_y,std_z,R,log_rmsW,rX_ratio,rY_ratio,rZ_ratio,psi,elev_normalized,elev_sin,elev_cos,is_synthetic,time_s,azimuth_deg,az_sector,elev_class,psi_cls
-0.359654,0.364647,0.010761,0.341594,0.346804,0.013708,0.512284,0.04997,0.634335,0.772851,0.017926,0.487716,0.0,0.0,1.0,1.0,0.391333,157.75,5.0,0,0
-0.187101,0.448505,0.01535,0.253416,0.420152,0.014943,0.486208,0.042015,0.504588,0.863163,0.018458,0.513792,0.0,0.0,1.0,1.0,1.221333,134.050003,4.0,0,0
0.019576,0.399725,0.016044,0.180879,0.449605,0.015212,0.400525,0.03873,0.372098,0.927932,0.022031,0.599475,0.0,0.0,1.0,1.0,2.131333,111.830002,3.0,0,0
0.33387,0.289183,0.019195,0.356896,0.326845,0.01616,0.442113,0.04141,0.736479,0.676018,0.024462,0.557887,0.0,0.0,1.0,1.0,3.691333,67.989995,2.0,0,0
0.25956,0.156472,0.016146,0.362725,0.237939,0.016979,0.303505,0.030957,0.844242,0.53537,0.0252,0.696495,0.0,0.0,1.0,1.0,4.491333,44.479999,1.0,0,0
0.108584,0.042406,0.005894,0.28256,0.117262,0.011994,0.11672,0.018611,0.923572,0.382555,0.025828,0.88328,0.0,0.0,1.0,1.0,5.291333,22.5,0.0,0,2
