mean_x,mean_y,mean_z,std_x,std_y,std_z,R,log_rmsW,rX_ratio,rY_ratio,rZ_ratio,psi,elev_normalized,elev_sin,elev_cos,is_synthetic,time_s,azimuth_deg,az_sector,elev_class,psi_cls
0.115873,-0.056096,-0.090592,0.627813,0.572758,0.502948,0.157418,0.056556,1.250031,0.638801,0.494366,0.842582,0.833333,0.965926,0.258819,0.0,0.361333,7.90011,0.0,0,1
0.10565,-0.12632,-0.083803,0.596251,0.634336,0.455976,0.184774,0.074319,0.693508,0.73567,0.321503,0.815226,0.833333,0.965926,0.258819,0.0,1.161333,-15.535992,11.0,0,1
0.089036,-0.177386,-0.087539,0.590356,0.674759,0.38615,0.216925,0.064709,0.446705,0.810482,0.262621,0.783075,0.833333,0.965926,0.258819,0.0,1.971333,-33.175697,10.0,0,1
-0.027604,-0.186923,-0.091202,0.633675,0.609385,0.427845,0.209809,0.079341,0.402699,0.630919,0.266071,0.790191,0.833333,0.965926,0.258819,0.0,2.741333,-57.140421,10.0,0,1
-0.058237,-0.134868,-0.073395,0.652019,0.595774,0.439223,0.164219,0.05766,0.495393,0.456632,0.311974,0.835781,0.833333,0.965926,0.258819,0.0,2.961333,-67.306124,9.0,0,1
-0.086442,-0.12443,-0.092703,0.649734,0.547824,0.49614,0.17762,0.091438,0.558964,0.455947,0.363667,0.82238,0.833333,0.965926,0.258819,0.0,4.401333,-151.700066,6.0,0,1
0.02201,-0.122792,-0.102533,0.638286,0.542801,0.521394,0.161479,0.080291,0.569766,0.490667,0.377094,0.838521,0.833333,0.965926,0.258819,0.0,5.161333,-116.89004,8.0,0,1
0.017579,-0.070376,-0.096683,0.624024,0.560088,0.531264,0.120869,0.071808,0.412347,0.316974,0.342755,0.879131,0.833333,0.965926,0.258819,0.0,5.411333,-82.593719,9.0,0,2
-0.010136,-0.016409,-0.030536,0.542959,0.491915,0.424853,0.036117,0.047717,0.390676,0.288954,0.292691,0.963883,0.833333,0.965926,0.258819,0.0,6.071333,-135.38233,7.0,0,2
