mean_x,mean_y,mean_z,std_x,std_y,std_z,R,log_rmsW,rX_ratio,rY_ratio,rZ_ratio,psi,elev_normalized,elev_sin,elev_cos,is_synthetic,time_s,azimuth_deg,az_sector,elev_class,psi_cls
-0.293396,0.369505,0.011456,0.297482,0.36836,0.014138,0.47196,0.044982,0.571961,0.820079,0.018191,0.52804,0.0,0.0,1.0,1.0,0.501333,157.749999,5.0,1,0
-0.226994,0.529896,0.00863,0.260658,0.402961,0.009617,0.576533,0.049315,0.501071,0.865204,0.018725,0.423467,0.0,0.0,1.0,1.0,1.101333,134.050003,4.0,1,0
0.004264,0.469794,0.007803,0.193067,0.436633,0.010329,0.469878,0.036328,0.298377,0.954207,0.021434,0.530122,0.0,0.0,1.0,1.0,2.061333,111.830001,3.0,1,0
0.191178,0.463694,0.013322,0.276701,0.408068,0.015571,0.501736,0.045112,0.56966,0.82155,0.02331,0.498264,0.0,0.0,1.0,1.0,2.741333,90.569999,3.0,1,0
0.335819,0.334831,0.016993,0.345205,0.343997,0.015617,0.474525,0.047729,0.727963,0.685182,0.024404,0.525475,0.0,0.0,1.0,1.0,3.521333,67.989997,2.0,1,0
0.252561,0.164312,0.013249,0.357983,0.245008,0.016366,0.301598,0.036374,0.827441,0.560993,0.025072,0.698402,0.0,0.0,1.0,1.0,4.381333,44.479998,1.0,1,0
0.133329,0.056809,0.003768,0.313666,0.13046,0.008966,0.144976,0.023866,0.923569,0.382553,0.025828,0.855024,0.0,0.0,1.0,1.0,5.111333,22.500001,0.0,1,2
