mean_x,mean_y,mean_z,std_x,std_y,std_z,R,log_rmsW,rX_ratio,rY_ratio,rZ_ratio,psi,elev_normalized,elev_sin,elev_cos,is_synthetic,time_s,azimuth_deg,az_sector,elev_class,psi_cls
-0.072263,0.01975,-0.052457,0.60289,0.64975,0.453816,0.091453,0.05678,0.467394,0.37038,0.210309,0.908547,0.444444,0.642788,0.766044,0.0,0.501333,170.511682,5.0,0,2
-0.039754,0.044648,-0.030119,0.600705,0.631659,0.485456,0.06694,0.05238,0.436844,0.414187,0.30582,0.93306,0.444444,0.642788,0.766044,0.0,1.241333,107.672632,3.0,0,2
-0.003597,0.040016,-0.010446,0.597614,0.634752,0.488037,0.041513,0.045183,0.442979,0.554955,0.327399,0.958487,0.444444,0.642788,0.766044,0.0,2.081333,124.331244,4.0,0,2
0.032386,0.058578,-0.088158,0.594379,0.626651,0.491646,0.110689,0.052557,0.326954,0.461008,0.248846,0.889311,0.444444,0.642788,0.766044,0.0,2.761333,108.742546,3.0,0,2
-0.016039,0.074436,-0.074652,0.584113,0.603966,0.531588,0.106634,0.048343,0.331694,0.453983,0.276616,0.893366,0.444444,0.642788,0.766044,0.0,3.531333,85.264324,2.0,0,2
-0.064541,-0.004848,-0.055784,0.495576,0.452188,0.45466,0.085445,0.028309,0.429097,0.33834,0.370897,0.914555,0.444444,0.642788,0.766044,0.0,4.431333,49.008647,1.0,0,2
-0.036263,-0.003811,-0.001335,0.32041,0.325175,0.330752,0.036487,0.012282,0.610057,0.518316,0.711346,0.963513,0.444444,0.642788,0.766044,0.0,5.121333,40.718495,1.0,1,2
