mean_x,mean_y,mean_z,std_x,std_y,std_z,R,log_rmsW,rX_ratio,rY_ratio,rZ_ratio,psi,elev_normalized,elev_sin,elev_cos,is_synthetic,time_s,azimuth_deg,az_sector,elev_class,psi_cls
0.015375,0.105436,-0.040561,0.617517,0.657561,0.416208,0.11401,0.026169,0.48787,0.631015,0.261335,0.88599,0.0,0.0,1.0,0.0,0.501333,-169.647837,6.0,0,2
0.019285,0.087503,-0.015221,0.575288,0.681843,0.442482,0.090886,0.023352,0.286173,0.682316,0.251714,0.909114,0.0,0.0,1.0,0.0,1.231333,131.640051,4.0,0,2
0.030353,0.072964,0.019233,0.561746,0.648437,0.507198,0.081332,0.019091,0.806934,1.168901,0.938587,0.918668,0.0,0.0,1.0,0.0,2.051333,116.847309,3.0,1,2
0.137245,0.033061,-0.012266,0.62815,0.601275,0.473012,0.141702,0.01772,0.68882,0.547408,0.31004,0.858298,0.0,0.0,1.0,0.0,3.781333,7.469796,0.0,0,2
0.116594,0.013795,-0.037835,0.552585,0.522035,0.382294,0.123353,0.012937,0.797685,0.431094,0.224771,0.876647,0.0,0.0,1.0,0.0,4.531333,34.412456,1.0,0,2
0.073068,0.031073,-0.018207,0.404668,0.366861,0.253619,0.081461,0.007375,1.19427,0.651722,0.311597,0.918539,0.0,0.0,1.0,0.0,5.271333,10.318052,0.0,0,2
