mean_x,mean_y,mean_z,std_x,std_y,std_z,R,log_rmsW,rX_ratio,rY_ratio,rZ_ratio,psi,elev_normalized,elev_sin,elev_cos,is_synthetic,time_s,azimuth_deg,az_sector,elev_class,psi_cls
0.031101,-0.06701,0.052137,0.602584,0.637855,0.470955,0.090421,0.026388,0.637244,0.797325,0.456838,0.909579,0.0,0.0,1.0,0.0,0.231333,24.564253,0.0,2,2
-0.010414,-0.001106,0.087108,0.543939,0.647393,0.526547,0.087735,0.025372,0.55669,0.69236,0.456228,0.912265,0.0,0.0,1.0,0.0,0.991333,151.10354,5.0,2,2
-0.021701,-0.036156,0.141551,0.519315,0.670108,0.509334,0.147699,0.024298,0.520942,0.909307,0.501719,0.852301,0.0,0.0,1.0,0.0,1.751333,123.235045,4.0,2,2
-0.010027,-0.04825,0.132096,0.526471,0.66685,0.508132,0.140989,0.019152,0.298986,0.932339,0.398084,0.859011,0.0,0.0,1.0,0.0,1.991333,147.251273,4.0,2,2
0.052531,-0.014253,0.036181,0.586565,0.675965,0.441234,0.065358,0.019025,0.412384,0.941489,0.34741,0.934642,0.0,0.0,1.0,0.0,2.621333,124.530622,4.0,2,2
0.206781,-0.019162,-0.029519,0.627395,0.613143,0.431669,0.209754,0.0305,0.814652,0.575199,0.277844,0.790246,0.0,0.0,1.0,0.0,3.381333,71.285272,2.0,0,1
0.243932,0.034945,-0.060614,0.561629,0.509757,0.386516,0.253768,0.027247,0.896128,0.316524,0.228388,0.746232,0.0,0.0,1.0,0.0,4.181333,1.090394,0.0,0,0
0.156662,0.003951,-0.041689,0.425384,0.333981,0.265202,0.162162,0.024827,0.92126,0.241157,0.218981,0.837838,0.0,0.0,1.0,0.0,4.981333,-5.507274,11.0,0,1
