mean_x,mean_y,mean_z,std_x,std_y,std_z,R,log_rmsW,rX_ratio,rY_ratio,rZ_ratio,psi,elev_normalized,elev_sin,elev_cos,is_synthetic,time_s,azimuth_deg,az_sector,elev_class,psi_cls
-0.083334,0.016499,-0.070786,0.635506,0.607953,0.462844,0.110578,0.061873,0.401705,0.302822,0.198226,0.889422,0.444444,0.642788,0.766044,0.0,0.501333,30.237433,1.0,0,2
-0.044019,0.094483,-0.064897,0.605272,0.619655,0.484322,0.122786,0.059386,0.305997,0.361854,0.207839,0.877214,0.444444,0.642788,0.766044,0.0,1.321333,118.145362,3.0,0,2
-0.007396,0.087106,-0.046458,0.596546,0.59889,0.524973,0.098997,0.056452,0.48602,0.483439,0.5535,0.901003,0.444444,0.642788,0.766044,0.0,2.111333,128.483894,4.0,0,2
0.021235,0.031907,-0.026881,0.591527,0.586771,0.550941,0.046815,0.053356,0.78065,0.585374,0.691886,0.953185,0.444444,0.642788,0.766044,0.0,2.901333,112.599244,3.0,0,2
0.029448,-0.019388,-0.011126,0.602327,0.562128,0.565486,0.036971,0.046919,0.879543,0.616515,0.782919,0.963029,0.444444,0.642788,0.766044,0.0,3.121333,102.102839,3.0,0,2
0.010246,-0.042649,-0.058257,0.594859,0.600508,0.529285,0.072923,0.048495,0.810108,0.582085,0.676539,0.927077,0.444444,0.642788,0.766044,0.0,3.721333,83.982331,2.0,0,2
0.000744,-0.054163,-0.038452,0.51041,0.531455,0.421225,0.066428,0.031218,0.577177,0.501323,0.388004,0.933572,0.444444,0.642788,0.766044,0.0,4.561333,-73.719384,9.0,0,2
-0.00639,-0.017639,-0.019594,0.330218,0.404345,0.276695,0.027127,0.014347,0.350019,0.562489,0.21073,0.972873,0.444444,0.642788,0.766044,0.0,5.311333,48.307225,1.0,0,2
