mean_x,mean_y,mean_z,std_x,std_y,std_z,R,log_rmsW,rX_ratio,rY_ratio,rZ_ratio,psi,elev_normalized,elev_sin,elev_cos,is_synthetic,time_s,azimuth_deg,az_sector,elev_class,psi_cls
-0.07558,-0.041414,0.07044,0.590774,0.553506,0.576357,0.111307,0.07851,0.724372,0.579151,0.463631,0.888693,0.444444,0.642788,0.766044,0.0,0.351333,-6.063176,11.0,2,2
-0.046557,-0.07147,-0.030772,0.58154,0.608746,0.531941,0.090677,0.081215,0.549675,0.636399,0.525632,0.909323,0.444444,0.642788,0.766044,0.0,1.151333,-26.228207,11.0,0,2
-0.027476,-0.116602,-0.118346,0.568862,0.630648,0.500264,0.168394,0.060417,0.514168,0.72448,0.645931,0.831606,0.444444,0.642788,0.766044,0.0,1.961333,-42.962976,10.0,0,1
-0.047765,-0.203217,-0.053792,0.548094,0.622923,0.514819,0.215575,0.05305,0.524696,0.901959,0.672081,0.784425,0.444444,0.642788,0.766044,0.0,2.731333,-63.05114,9.0,0,1
-0.073436,-0.159623,-0.030043,0.570462,0.62611,0.500719,0.178255,0.033698,0.676191,1.112654,0.470883,0.821745,0.444444,0.642788,0.766044,0.0,2.961333,-68.219846,9.0,0,1
-0.092371,-0.204927,0.002108,0.625308,0.552378,0.503286,0.224792,0.11329,0.431181,0.408863,0.290514,0.775208,0.444444,0.642788,0.766044,0.0,4.351333,-111.824431,8.0,1,0
-0.040683,-0.115894,0.045422,0.654607,0.533854,0.518939,0.130957,0.093213,0.469704,0.251985,0.23922,0.869043,0.444444,0.642788,0.766044,0.0,5.281333,-114.171177,8.0,2,2
-0.008228,-0.060819,0.011376,0.561292,0.486094,0.434942,0.062418,0.062865,0.505263,0.207233,0.242914,0.937582,0.444444,0.642788,0.766044,0.0,6.021333,-141.135833,7.0,1,2
