mean_x,mean_y,mean_z,std_x,std_y,std_z,R,log_rmsW,rX_ratio,rY_ratio,rZ_ratio,psi,elev_normalized,elev_sin,elev_cos,is_synthetic,time_s,azimuth_deg,az_sector,elev_class,psi_cls
-0.115881,0.115973,-0.046364,0.601924,0.594275,0.505407,0.170375,0.047517,0.510424,0.618902,0.36258,0.829625,0.833333,0.965926,0.258819,0.0,0.481333,167.449736,5.0,0,1
-0.064649,0.153951,-0.037633,0.589439,0.637717,0.465296,0.171163,0.041486,0.454,0.791833,0.337773,0.828837,0.833333,0.965926,0.258819,0.0,1.221333,134.760979,4.0,0,1
-0.027655,0.099454,-0.040542,0.598728,0.641753,0.466132,0.110903,0.032209,0.475489,0.930769,0.331205,0.889097,0.833333,0.965926,0.258819,0.0,1.461333,99.03285,3.0,0,2
-0.006395,0.120222,-0.022964,0.607814,0.643189,0.449202,0.122563,0.029311,0.495112,1.009076,0.361702,0.877437,0.833333,0.965926,0.258819,0.0,2.121333,127.869417,4.0,0,2
-0.067001,0.104976,-0.047042,0.560621,0.653831,0.490335,0.133124,0.044982,0.292429,0.744752,0.322035,0.866876,0.833333,0.965926,0.258819,0.0,2.821333,91.034959,3.0,0,2
-0.059173,0.038543,-0.063399,0.551357,0.612899,0.504247,0.094902,0.043204,0.271002,0.665194,0.312043,0.905098,0.833333,0.965926,0.258819,0.0,3.621333,87.397038,2.0,0,2
-0.068093,-0.030342,-0.042955,0.403746,0.436367,0.396378,0.086038,0.032826,0.196377,0.537886,0.31625,0.913962,0.833333,0.965926,0.258819,0.0,4.471333,99.743763,3.0,0,2
-0.023334,-0.016434,-0.007493,0.245214,0.195614,0.220745,0.029508,0.008352,0.565871,0.322965,0.365462,0.970492,0.833333,0.965926,0.258819,0.0,5.211333,33.767223,1.0,0,2
