mean_x,mean_y,mean_z,std_x,std_y,std_z,R,log_rmsW,rX_ratio,rY_ratio,rZ_ratio,psi,elev_normalized,elev_sin,elev_cos,is_synthetic,time_s,azimuth_deg,az_sector,elev_class,psi_cls
0.378612,-0.192762,0.007235,0.408229,0.251216,0.015258,0.424919,0.060249,0.808355,0.588684,0.003617,0.575081,0.0,0.0,1.0,1.0,0.431333,-0.82,11.0,1,0
0.376077,-0.359921,0.007498,0.350877,0.343874,0.014367,0.520608,0.098457,0.545676,0.837979,0.005368,0.479392,0.0,0.0,1.0,1.0,1.061333,-21.9,11.0,1,0
0.183155,-0.445933,0.002989,0.268838,0.41749,0.005033,0.48209,0.094611,0.488951,0.872293,0.005624,0.51791,0.0,0.0,1.0,1.0,1.851333,-43.550001,10.0,1,0
0.002495,-0.484714,0.003992,0.22884,0.439169,0.006485,0.484737,0.090191,0.393977,0.919094,0.006982,0.515263,0.0,0.0,1.0,1.0,2.651333,-66.639999,9.0,1,0
-0.201763,-0.436,0.00743,0.26933,0.415004,0.012879,0.480479,0.061389,0.539928,0.841654,0.009757,0.519521,0.0,0.0,1.0,1.0,3.451333,-90.610001,8.0,1,0
-0.346278,-0.342117,0.010763,0.352352,0.342639,0.013969,0.486896,0.090001,0.801134,0.598376,0.011377,0.513104,0.0,0.0,1.0,1.0,4.251333,-113.879997,8.0,1,0
-0.461955,-0.201052,0.014202,0.418384,0.259461,0.01676,0.50401,0.082065,0.898315,0.439183,0.012186,0.49599,0.0,0.0,1.0,1.0,5.051333,-135.679993,7.0,1,0
-0.333151,-0.06985,0.010165,0.43427,0.1364,0.014964,0.340547,0.072026,0.929877,0.36766,0.01248,0.659453,0.0,0.0,1.0,1.0,5.851333,-156.809998,6.0,1,0
-0.183435,-0.009486,0.008252,0.366257,0.015878,0.015318,0.183866,0.024832,0.999669,0.021464,0.014137,0.816135,0.0,0.0,1.0,1.0,6.651333,-178.770005,6.0,1,1
