mean_x,mean_y,mean_z,std_x,std_y,std_z,R,log_rmsW,rX_ratio,rY_ratio,rZ_ratio,psi,elev_normalized,elev_sin,elev_cos,is_synthetic,time_s,azimuth_deg,az_sector,elev_class,psi_cls
-0.034467,-0.062704,-0.039953,0.615147,0.626116,0.471985,0.081951,0.058422,0.730715,0.698536,0.420426,0.918049,0.444444,0.642788,0.766044,0.0,0.651333,159.736822,5.0,0,2
-0.047849,0.011258,0.005087,0.583295,0.613954,0.529443,0.049418,0.050266,0.4018,0.497557,0.235582,0.950582,0.444444,0.642788,0.766044,0.0,1.561333,122.376248,4.0,1,2
-0.00634,0.060326,0.000818,0.571018,0.634184,0.517671,0.060664,0.066545,0.237736,0.456922,0.169096,0.939336,0.444444,0.642788,0.766044,0.0,2.181333,131.922865,4.0,1,2
0.007964,-0.018259,-0.006699,0.57485,0.645568,0.502267,0.021017,0.05678,0.332849,0.497277,0.212025,0.978983,0.444444,0.642788,0.766044,0.0,3.011333,107.651675,3.0,0,2
0.051942,0.017338,-0.121659,0.607649,0.621414,0.47617,0.133415,0.042121,0.423484,0.447451,0.256175,0.866585,0.444444,0.642788,0.766044,0.0,3.871333,74.828055,2.0,0,2
0.034709,0.030376,-0.109215,0.535785,0.5323,0.439915,0.118555,0.021202,0.349833,0.298346,0.195721,0.881445,0.444444,0.642788,0.766044,0.0,4.701333,37.033692,1.0,0,2
-0.019956,0.033232,-0.059558,0.350768,0.350565,0.327196,0.071061,0.011248,0.216064,0.14169,0.209634,0.928939,0.444444,0.642788,0.766044,0.0,5.541333,26.69793,0.0,0,2
