mean_x,mean_y,mean_z,std_x,std_y,std_z,R,log_rmsW,rX_ratio,rY_ratio,rZ_ratio,psi,elev_normalized,elev_sin,elev_cos,is_synthetic,time_s,azimuth_deg,az_sector,elev_class,psi_cls
-0.025226,-0.043746,-0.091118,0.660475,0.544892,0.505944,0.104175,0.057455,0.997537,0.513909,0.407508,0.895825,0.833333,0.965926,0.258819,0.0,0.351333,9.25107,0.0,0,2
0.016663,-0.131066,-0.083341,0.634454,0.609261,0.449267,0.15621,0.06651,0.580584,0.641352,0.326229,0.84379,0.833333,0.965926,0.258819,0.0,1.231333,158.681962,5.0,0,1
0.028369,-0.152941,-0.02987,0.631957,0.658416,0.376807,0.158392,0.053901,0.386469,0.727426,0.249913,0.841608,0.833333,0.965926,0.258819,0.0,2.091333,-7.358993,11.0,0,1
-0.000303,-0.224729,-0.031093,0.614463,0.669846,0.349584,0.22687,0.059038,0.448902,0.865659,0.265552,0.77313,0.833333,0.965926,0.258819,0.0,2.751333,-50.10003,10.0,0,0
0.082328,-0.205032,-0.163665,0.655154,0.532153,0.460395,0.274958,0.081307,0.848062,0.562309,0.332168,0.725042,0.833333,0.965926,0.258819,0.0,4.361333,-92.714287,8.0,0,0
0.093041,-0.05521,-0.171259,0.64472,0.517695,0.52467,0.202569,0.071464,0.931171,0.401526,0.354682,0.797431,0.833333,0.965926,0.258819,0.0,5.191333,-107.799534,8.0,0,1
0.029078,0.004023,-0.095789,0.462384,0.418946,0.424441,0.100187,0.044859,0.643016,0.313824,0.388624,0.899813,0.833333,0.965926,0.258819,0.0,6.101333,-6.412876,11.0,0,2
-0.033041,0.014204,0.009527,0.3146,0.284594,0.26108,0.037205,0.017479,0.612364,0.482148,0.552577,0.962795,0.833333,0.965926,0.258819,0.0,6.761333,170.258291,5.0,1,2
