mean_x,mean_y,mean_z,std_x,std_y,std_z,R,log_rmsW,rX_ratio,rY_ratio,rZ_ratio,psi,elev_normalized,elev_sin,elev_cos,is_synthetic,time_s,azimuth_deg,az_sector,elev_class,psi_cls
0.077038,-0.126829,-0.103006,0.596425,0.586087,0.51776,0.180639,0.043311,0.693273,0.572813,0.593103,0.819361,0.444444,0.642788,0.766044,0.0,0.611333,2.925722,0.0,0,1
0.103328,-0.186383,-0.086992,0.594508,0.591687,0.493374,0.23018,0.077313,0.521199,0.653565,0.395513,0.76982,0.444444,0.642788,0.766044,0.0,1.421333,-24.950848,11.0,0,0
0.033301,-0.160123,-0.022311,0.576176,0.577746,0.554009,0.165064,0.074344,0.480541,0.674798,0.432672,0.834936,0.444444,0.642788,0.766044,0.0,2.211333,-50.74093,10.0,0,1
-0.055607,-0.162842,0.039913,0.549806,0.586749,0.567607,0.176643,0.072273,0.396924,0.643711,0.404815,0.823357,0.444444,0.642788,0.766044,0.0,3.101333,-59.165833,10.0,2,1
-0.165496,-0.201233,0.10806,0.560898,0.528144,0.571712,0.282065,0.116616,0.437165,0.322756,0.211017,0.717935,0.444444,0.642788,0.766044,0.0,4.741333,-87.393316,9.0,2,0
-0.139101,-0.122476,0.068932,0.57756,0.491694,0.553437,0.19774,0.110288,0.455535,0.296816,0.199552,0.80226,0.444444,0.642788,0.766044,0.0,5.421333,-113.790173,8.0,2,1
-0.094514,-0.063628,0.060483,0.443066,0.355328,0.39566,0.128995,0.088921,0.488724,0.283641,0.204784,0.871005,0.444444,0.642788,0.766044,0.0,6.271333,-136.317667,7.0,2,2
