mean_x,mean_y,mean_z,std_x,std_y,std_z,R,log_rmsW,rX_ratio,rY_ratio,rZ_ratio,psi,elev_normalized,elev_sin,elev_cos,is_synthetic,time_s,azimuth_deg,az_sector,elev_class,psi_cls
-0.04942,-0.113464,0.058242,0.603216,0.570384,0.540415,0.136779,0.070175,0.657922,0.602695,0.411277,0.863221,0.444444,0.642788,0.766044,0.0,0.341333,-6.64743,11.0,2,2
0.008521,-0.180409,0.010103,0.561438,0.59161,0.54954,0.180893,0.07651,0.512,0.642759,0.441331,0.819107,0.444444,0.642788,0.766044,0.0,1.181333,-43.442066,10.0,1,1
0.026317,-0.152186,0.017764,0.541827,0.643439,0.517832,0.155463,0.057811,0.350874,0.625556,0.437399,0.844537,0.444444,0.642788,0.766044,0.0,2.081333,-50.751293,10.0,1,1
0.008679,-0.155135,-0.018403,0.512372,0.642937,0.547292,0.156464,0.058723,0.327318,0.668626,0.536249,0.843536,0.444444,0.642788,0.766044,0.0,2.751333,-57.569465,10.0,0,1
-0.137013,-0.207895,0.055418,0.565996,0.569815,0.538371,0.255077,0.175356,0.383843,0.352805,0.191829,0.744923,0.444444,0.642788,0.766044,0.0,4.351333,-104.323345,8.0,2,0
-0.151961,-0.168729,0.113022,0.588547,0.548175,0.526732,0.253644,0.165753,0.38574,0.30399,0.159267,0.746355,0.444444,0.642788,0.766044,0.0,5.281333,-108.510626,8.0,2,0
-0.063584,-0.087364,0.062281,0.48211,0.437882,0.423043,0.124717,0.126693,0.425938,0.29509,0.18482,0.875283,0.444444,0.642788,0.766044,0.0,6.021333,-136.190731,7.0,2,2
0.027385,-0.026372,-0.022341,0.297028,0.276515,0.249146,0.044097,0.015192,0.653491,0.524078,0.399565,0.955903,0.444444,0.642788,0.766044,0.0,6.801333,163.507066,5.0,0,2
