mean_x,mean_y,mean_z,std_x,std_y,std_z,R,log_rmsW,rX_ratio,rY_ratio,rZ_ratio,psi,elev_normalized,elev_sin,elev_cos,is_synthetic,time_s,azimuth_deg,az_sector,elev_class,psi_cls
-0.075416,-0.118222,0.101012,0.580239,0.574628,0.550649,0.172822,0.036245,0.699261,0.77651,0.600567,0.827178,0.444444,0.642788,0.766044,0.0,0.251333,-0.335343,11.0,2,1
-0.103142,-0.135867,0.172757,0.573168,0.575456,0.530405,0.242783,0.030431,0.703318,0.853696,0.438288,0.757217,0.444444,0.642788,0.766044,0.0,0.521333,171.40796,5.0,2,0
-0.096894,-0.143919,0.089437,0.579083,0.587475,0.530475,0.195192,0.051712,0.646004,0.804252,0.746174,0.804808,0.444444,0.642788,0.766044,0.0,1.061333,-31.290241,10.0,2,1
-0.09995,-0.1258,0.053134,0.581902,0.600868,0.521232,0.169231,0.050467,0.620815,0.795494,0.752162,0.830769,0.444444,0.642788,0.766044,0.0,1.861333,-46.317829,10.0,2,1
-0.118757,-0.129053,-0.003947,0.571372,0.615753,0.513377,0.175423,0.052526,0.265022,0.495935,0.237862,0.824577,0.444444,0.642788,0.766044,0.0,2.791333,-83.819927,9.0,1,1
-0.153357,-0.129255,0.037208,0.592677,0.564259,0.53728,0.203984,0.09914,0.380558,0.300858,0.199148,0.796016,0.444444,0.642788,0.766044,0.0,4.301333,-67.37856,9.0,2,1
-0.166058,-0.044526,0.052746,0.643371,0.529483,0.52281,0.179833,0.095609,0.409325,0.266619,0.189615,0.820167,0.444444,0.642788,0.766044,0.0,5.081333,-105.71113,8.0,2,1
-0.098804,-0.043168,0.087778,0.572153,0.49997,0.438216,0.139035,0.073501,0.440316,0.259549,0.155136,0.860965,0.444444,0.642788,0.766044,0.0,5.931333,-137.045843,7.0,2,2
-0.026848,0.000222,0.022299,0.436515,0.37066,0.282038,0.034902,0.021857,0.554824,0.176211,0.160594,0.965098,0.444444,0.642788,0.766044,0.0,6.691333,-149.527956,7.0,2,2
