mean_x,mean_y,mean_z,std_x,std_y,std_z,R,log_rmsW,rX_ratio,rY_ratio,rZ_ratio,psi,elev_normalized,elev_sin,elev_cos,is_synthetic,time_s,azimuth_deg,az_sector,elev_class,psi_cls
0.461877,-0.179641,0.00375,0.417004,0.253457,0.010386,0.495596,0.075052,0.896833,0.44236,0.002801,0.504403,0.0,0.0,1.0,1.0,0.331333,-0.82,11.0,1,0
0.348538,-0.368135,0.007718,0.334815,0.362384,0.013615,0.507013,0.077021,0.678921,0.734197,0.004695,0.492987,0.0,0.0,1.0,1.0,1.171333,-21.9,11.0,1,0
0.213418,-0.480885,0.014005,0.263434,0.411516,0.016383,0.526302,0.06361,0.508546,0.861017,0.005554,0.473698,0.0,0.0,1.0,1.0,1.931333,-43.55,10.0,1,0
0.017089,-0.52891,0.012331,0.248178,0.431238,0.014518,0.52933,0.064643,0.394017,0.919072,0.00752,0.47067,0.0,0.0,1.0,1.0,2.731333,-66.639999,9.0,1,0
-0.39092,-0.389548,0.011378,0.343472,0.338872,0.014015,0.551993,0.10812,0.806418,0.591237,0.011374,0.448007,0.0,0.0,1.0,1.0,4.341333,-113.879997,8.0,1,0
-0.440237,-0.205882,0.013302,0.419494,0.260976,0.014206,0.486182,0.093981,0.883783,0.467742,0.012022,0.513818,0.0,0.0,1.0,1.0,5.211333,-135.679993,7.0,1,0
-0.302085,-0.067728,0.005781,0.432052,0.138123,0.008416,0.309638,0.078967,0.926712,0.375568,0.012403,0.690362,0.0,0.0,1.0,1.0,5.941333,-156.809997,6.0,1,0
-0.144042,-0.004849,0.003723,0.346431,0.00934,0.007696,0.144172,0.021797,0.999668,0.021464,0.014137,0.855828,0.0,0.0,1.0,1.0,6.741333,-178.770003,6.0,1,2
