mean_x,mean_y,mean_z,std_x,std_y,std_z,R,log_rmsW,rX_ratio,rY_ratio,rZ_ratio,psi,elev_normalized,elev_sin,elev_cos,is_synthetic,time_s,azimuth_deg,az_sector,elev_class,psi_cls
-0.016009,-0.006378,-0.00684,0.593969,0.655594,0.465762,0.01854,0.024482,0.688231,0.778256,0.338688,0.98146,0.0,0.0,1.0,0.0,0.431333,147.421805,4.0,0,2
-0.020197,0.102867,-0.003306,0.554884,0.686835,0.457458,0.104883,0.02071,0.45767,0.896413,0.372014,0.895117,0.0,0.0,1.0,0.0,1.291333,-68.938011,9.0,1,2
0.024329,0.109007,0.00197,0.56161,0.67866,0.459833,0.111706,0.016964,0.439453,0.91617,0.410258,0.888294,0.0,0.0,1.0,0.0,2.061333,121.372975,4.0,1,2
0.187872,0.117993,-0.040359,0.593193,0.625129,0.454277,0.225493,0.022891,0.882189,0.650643,0.34768,0.774507,0.0,0.0,1.0,0.0,2.801333,92.320517,3.0,0,0
0.277635,0.066783,-0.046439,0.587991,0.56884,0.445684,0.289305,0.022183,0.912588,0.56456,0.297645,0.710695,0.0,0.0,1.0,0.0,3.601333,71.250947,2.0,0,0
0.229915,0.058006,-0.03538,0.468139,0.372709,0.325818,0.239744,0.016691,1.063522,0.39176,0.26523,0.760256,0.0,0.0,1.0,0.0,4.461333,1.473321,0.0,0,0
0.064615,0.010196,-0.008575,0.257832,0.199147,0.176807,0.065974,0.004727,0.762528,0.573947,0.27325,0.934026,0.0,0.0,1.0,0.0,5.221333,-21.618276,11.0,0,2
