mean_x,mean_y,mean_z,std_x,std_y,std_z,R,log_rmsW,rX_ratio,rY_ratio,rZ_ratio,psi,elev_normalized,elev_sin,elev_cos,is_synthetic,time_s,azimuth_deg,az_sector,elev_class,psi_cls
0.003754,-0.111907,-0.088226,0.635651,0.553561,0.518778,0.142552,0.096126,0.608218,0.360939,0.357152,0.857448,0.833333,0.965926,0.258819,0.0,0.241333,-157.255224,6.0,0,2
0.086998,-0.172553,-0.073159,0.612822,0.608094,0.460339,0.206628,0.069586,0.724711,0.850707,0.332593,0.793372,0.833333,0.965926,0.258819,0.0,0.981333,-13.573491,11.0,0,1
0.145738,-0.248974,-0.064976,0.6144,0.597792,0.421496,0.295718,0.066574,0.487268,0.825564,0.24237,0.704282,0.833333,0.965926,0.258819,0.0,1.791333,-39.447463,10.0,0,0
0.111974,-0.28439,-0.079121,0.608365,0.5927,0.422905,0.315715,0.067086,0.38739,0.817961,0.226006,0.684285,0.833333,0.965926,0.258819,0.0,2.571333,-56.880078,10.0,0,0
-0.016195,-0.235777,-0.061037,0.587532,0.600937,0.483743,0.244087,0.049466,0.679983,0.888326,0.432511,0.755913,0.833333,0.965926,0.258819,0.0,3.401333,-86.291846,9.0,0,0
-0.159691,-0.226326,-0.034545,0.567606,0.601627,0.487741,0.279138,0.064364,0.678693,0.723217,0.447455,0.720862,0.833333,0.965926,0.258819,0.0,4.171333,-97.110036,8.0,0,0
-0.243342,-0.148685,-0.055318,0.553313,0.565194,0.538493,0.290487,0.069202,0.662416,0.611089,0.434279,0.709513,0.833333,0.965926,0.258819,0.0,4.981333,-123.394319,7.0,0,0
-0.135295,-0.068083,-0.082574,0.520402,0.443918,0.4805,0.172507,0.051815,0.650215,0.42627,0.410271,0.827493,0.833333,0.965926,0.258819,0.0,5.801333,-139.983276,7.0,0,1
-0.036504,-0.022992,-0.063941,0.329682,0.262679,0.346281,0.077134,0.028625,0.493781,0.285381,0.304968,0.922866,0.833333,0.965926,0.258819,0.0,6.651333,-177.250031,6.0,0,2
