mean_x,mean_y,mean_z,std_x,std_y,std_z,R,log_rmsW,rX_ratio,rY_ratio,rZ_ratio,psi,elev_normalized,elev_sin,elev_cos,is_synthetic,time_s,azimuth_deg,az_sector,elev_class,psi_cls
0.159821,-0.040548,0.019561,0.56742,0.616626,0.519816,0.16604,0.073506,0.555917,0.553837,0.270998,0.83396,0.0,0.0,1.0,0.0,0.391333,-40.345392,10.0,1,1
0.18034,-0.172412,-0.009962,0.568118,0.637934,0.455987,0.249695,0.098319,0.418551,0.552794,0.169769,0.750305,0.0,0.0,1.0,0.0,1.171333,-20.987639,11.0,0,0
0.057925,-0.158771,-0.030109,0.570771,0.680589,0.426034,0.171668,0.087732,0.34463,0.557158,0.118496,0.828332,0.0,0.0,1.0,0.0,2.031333,-39.02729,10.0,0,1
0.090063,-0.204095,-0.022641,0.555717,0.682485,0.418389,0.224229,0.070031,0.324925,0.690241,0.119798,0.775771,0.0,0.0,1.0,0.0,2.781333,-53.106852,10.0,0,0
0.175122,-0.163891,0.084673,0.595572,0.584683,0.488546,0.254357,0.078555,0.488576,0.524324,0.267711,0.745643,0.0,0.0,1.0,0.0,4.351333,-94.741532,8.0,2,0
0.10747,-0.017053,0.105912,0.62465,0.560815,0.521698,0.151849,0.049535,0.606681,0.292452,0.330164,0.848151,0.0,0.0,1.0,0.0,5.311333,-57.352874,10.0,2,2
0.037174,0.037827,0.031053,0.55012,0.493293,0.416316,0.061458,0.025424,0.789551,0.289212,0.295995,0.938542,0.0,0.0,1.0,0.0,6.061333,-0.140817,11.0,2,2
