mean_x,mean_y,mean_z,std_x,std_y,std_z,R,log_rmsW,rX_ratio,rY_ratio,rZ_ratio,psi,elev_normalized,elev_sin,elev_cos,is_synthetic,time_s,azimuth_deg,az_sector,elev_class,psi_cls
-0.140425,0.008792,0.013354,0.6029,0.603444,0.502284,0.141332,0.048636,0.841394,0.648807,0.586276,0.858668,0.444444,0.642788,0.766044,0.0,0.261333,160.767905,5.0,1,2
-0.102405,0.04345,-0.009064,0.595297,0.614404,0.505455,0.11161,0.040351,0.681398,0.653242,0.445263,0.88839,0.444444,0.642788,0.766044,0.0,1.141333,124.344999,4.0,0,2
-0.084767,0.08231,0.003967,0.573495,0.655269,0.477066,0.118221,0.041236,0.424732,0.618112,0.220402,0.881779,0.444444,0.642788,0.766044,0.0,1.841333,131.126397,4.0,1,2
0.021272,0.02742,-0.035691,0.582416,0.631726,0.509037,0.049782,0.034288,0.2929,0.602678,0.254324,0.950218,0.444444,0.642788,0.766044,0.0,2.631333,107.221718,3.0,0,2
0.138924,-0.029171,-0.075028,0.584925,0.62659,0.488853,0.160561,0.039384,0.346813,0.423125,0.245165,0.839439,0.444444,0.642788,0.766044,0.0,3.511333,70.629278,2.0,0,1
0.152979,-0.010129,-0.079749,0.463341,0.492523,0.390586,0.172815,0.032912,0.384589,0.358797,0.253679,0.827185,0.444444,0.642788,0.766044,0.0,4.231333,62.009716,2.0,0,1
0.054302,-0.03782,-0.03432,0.246649,0.293745,0.164517,0.074545,0.023289,0.341627,0.356215,0.229009,0.925455,0.444444,0.642788,0.766044,0.0,5.151333,13.34114,0.0,0,2
