mean_x,mean_y,mean_z,std_x,std_y,std_z,R,log_rmsW,rX_ratio,rY_ratio,rZ_ratio,psi,elev_normalized,elev_sin,elev_cos,is_synthetic,time_s,azimuth_deg,az_sector,elev_class,psi_cls
0.283813,-0.126233,0.093991,0.567028,0.583129,0.482769,0.324529,0.088456,0.531205,0.42825,0.190013,0.675471,0.0,0.0,1.0,0.0,0.331333,-7.0451,11.0,2,0
0.140059,-0.097241,0.110614,0.546441,0.653095,0.483233,0.203243,0.073736,0.443756,0.61283,0.210514,0.796757,0.0,0.0,1.0,0.0,1.221333,-28.600333,11.0,2,1
0.068644,-0.104047,0.011306,0.571464,0.712447,0.387485,0.125163,0.0674,0.457819,0.646414,0.147938,0.874837,0.0,0.0,1.0,0.0,1.871333,-36.474673,10.0,1,2
0.068263,-0.129877,0.024787,0.525487,0.692209,0.471727,0.148802,0.065675,0.304326,0.573926,0.275472,0.851198,0.0,0.0,1.0,0.0,2.671333,-59.101521,10.0,2,2
-0.003592,-0.221175,0.070871,0.622246,0.561469,0.493505,0.23228,0.073064,0.397043,0.503486,0.221896,0.76772,0.0,0.0,1.0,0.0,4.411333,-86.699765,9.0,2,0
-0.017162,-0.131846,0.005565,0.677212,0.582464,0.429371,0.133075,0.063933,0.470935,0.526129,0.19087,0.866925,0.0,0.0,1.0,0.0,5.091333,-116.431078,8.0,1,2
0.036919,-0.037896,-0.007444,0.634869,0.597862,0.486355,0.053428,0.025684,0.68856,0.572987,0.345148,0.946572,0.0,0.0,1.0,0.0,5.941333,-125.322381,7.0,0,2
0.048606,0.002261,0.010889,0.487958,0.49358,0.380995,0.049862,0.011638,0.672738,0.392646,0.272711,0.950138,0.0,0.0,1.0,0.0,6.751333,4.670413,0.0,1,2
