mean_x,mean_y,mean_z,std_x,std_y,std_z,R,log_rmsW,rX_ratio,rY_ratio,rZ_ratio,psi,elev_normalized,elev_sin,elev_cos,is_synthetic,time_s,azimuth_deg,az_sector,elev_class,psi_cls
-0.395231,0.388443,0.014885,0.339899,0.341334,0.014721,0.554362,0.051226,0.69083,0.722802,0.017656,0.445638,0.0,0.0,1.0,1.0,0.571333,157.749999,5.0,0,0
-0.221534,0.479362,0.01858,0.274342,0.406852,0.016866,0.528403,0.047785,0.511845,0.858874,0.018695,0.471597,0.0,0.0,1.0,1.0,1.361333,134.050002,4.0,0,0
-0.001653,0.453693,0.014334,0.203892,0.451792,0.014359,0.453922,0.049429,0.336933,0.941288,0.021261,0.546078,0.0,0.0,1.0,1.0,2.171333,111.830002,3.0,0,0
0.188536,0.436901,0.015331,0.273059,0.419924,0.014769,0.476092,0.046576,0.466393,0.884283,0.022831,0.523908,0.0,0.0,1.0,1.0,2.971333,90.57,3.0,0,0
0.34397,0.320839,0.010649,0.357162,0.335532,0.012543,0.470496,0.039571,0.606583,0.794667,0.023696,0.529504,0.0,0.0,1.0,1.0,3.821333,67.989997,2.0,0,0
0.296821,0.205195,0.00766,0.37369,0.263832,0.011673,0.360925,0.026849,0.778897,0.626665,0.024715,0.639075,0.0,0.0,1.0,1.0,4.561333,44.479998,1.0,0,0
0.093647,0.041582,0.001967,0.25778,0.109645,0.006843,0.102483,0.010617,0.923571,0.382556,0.025828,0.897517,0.0,0.0,1.0,1.0,5.511333,22.499999,0.0,0,2
