mean_x,mean_y,mean_z,std_x,std_y,std_z,R,log_rmsW,rX_ratio,rY_ratio,rZ_ratio,psi,elev_normalized,elev_sin,elev_cos,is_synthetic,time_s,azimuth_deg,az_sector,elev_class,psi_cls
-0.045111,0.130852,0.002622,0.617487,0.632464,0.446584,0.138434,0.023775,0.505102,0.707096,0.305403,0.861566,0.0,0.0,1.0,0.0,0.591333,159.410737,5.0,1,2
-0.027417,0.133068,-0.022287,0.592504,0.640983,0.468043,0.137679,0.024228,0.592756,0.930753,0.493903,0.862321,0.0,0.0,1.0,0.0,1.401333,-54.855047,10.0,0,2
0.030063,0.177581,-0.050642,0.600323,0.620492,0.468555,0.187091,0.024565,0.575544,0.87974,0.474719,0.812909,0.0,0.0,1.0,0.0,2.191333,112.502596,3.0,0,1
0.159334,0.115176,-0.075351,0.606512,0.621891,0.448335,0.210548,0.025863,0.537527,0.76757,0.379611,0.789452,0.0,0.0,1.0,0.0,3.011333,95.266306,3.0,0,1
0.315198,0.092537,-0.072327,0.608582,0.585525,0.416661,0.336369,0.038325,0.688106,0.386598,0.197083,0.663631,0.0,0.0,1.0,0.0,3.891333,65.574859,2.0,0,0
0.248642,0.046033,-0.056752,0.5411,0.443915,0.356094,0.259158,0.034531,0.735233,0.276986,0.197658,0.740842,0.0,0.0,1.0,0.0,4.641333,21.601963,0.0,0,0
0.150658,0.031026,-0.026837,0.364321,0.25981,0.210277,0.156143,0.021866,0.789363,0.285893,0.21013,0.843857,0.0,0.0,1.0,0.0,5.471333,5.108823,0.0,0,1
