mean_x,mean_y,mean_z,std_x,std_y,std_z,R,log_rmsW,rX_ratio,rY_ratio,rZ_ratio,psi,elev_normalized,elev_sin,elev_cos,is_synthetic,time_s,azimuth_deg,az_sector,elev_class,psi_cls
-0.026085,-0.023171,-0.091815,0.586091,0.582178,0.554844,0.098221,0.067425,0.62962,0.55933,0.619032,0.901779,0.444444,0.642788,0.766044,0.0,0.421333,-0.039138,11.0,0,2
0.021611,-0.043504,-0.11427,0.586358,0.610943,0.517115,0.124166,0.105043,0.517626,0.611467,0.458133,0.875834,0.444444,0.642788,0.766044,0.0,1.231333,-25.670771,11.0,0,2
0.043849,-0.154087,-0.089856,0.580113,0.601637,0.517361,0.183684,0.098621,0.462721,0.634062,0.408812,0.816316,0.444444,0.642788,0.766044,0.0,2.021333,-45.21405,10.0,0,1
0.053885,-0.196997,-0.043135,0.583633,0.556325,0.553377,0.208739,0.083599,0.464436,0.641127,0.45707,0.791261,0.444444,0.642788,0.766044,0.0,2.871333,-76.167092,9.0,0,1
-0.007108,-0.108789,-0.059405,0.635733,0.575113,0.499582,0.124155,0.048672,0.656079,0.695018,0.438067,0.875845,0.444444,0.642788,0.766044,0.0,3.751333,-66.054366,9.0,0,2
-0.181634,-0.041324,0.044989,0.663568,0.524204,0.498121,0.191632,0.072048,0.580282,0.362346,0.291886,0.808368,0.444444,0.642788,0.766044,0.0,5.221333,-128.858522,7.0,2,1
-0.136359,-0.052039,0.088464,0.607678,0.520258,0.575155,0.170668,0.055867,0.47976,0.177398,0.297635,0.829332,0.444444,0.642788,0.766044,0.0,6.051333,-86.812597,9.0,2,1
-0.05451,-0.019023,0.076307,0.47718,0.448619,0.464805,0.095687,0.023043,0.657577,0.146461,0.301237,0.904313,0.444444,0.642788,0.766044,0.0,6.951333,-170.549653,6.0,2,2
