mean_x,mean_y,mean_z,std_x,std_y,std_z,R,log_rmsW,rX_ratio,rY_ratio,rZ_ratio,psi,elev_normalized,elev_sin,elev_cos,is_synthetic,time_s,azimuth_deg,az_sector,elev_class,psi_cls
0.088802,-0.060254,0.054076,0.690443,0.531219,0.47596,0.120169,0.081085,1.01125,0.408843,0.362096,0.879831,0.444444,0.642788,0.766044,0.0,0.281333,-6.348169,11.0,2,2
0.139892,-0.056147,0.085256,0.679294,0.522089,0.485692,0.173179,0.065298,1.010052,0.51164,0.505976,0.826821,0.444444,0.642788,0.766044,0.0,1.111333,-0.671202,11.0,2,1
0.122899,-0.057898,0.090642,0.668039,0.544697,0.47986,0.163317,0.054841,0.995688,0.503579,0.499041,0.836683,0.444444,0.642788,0.766044,0.0,1.911333,-33.633417,10.0,2,1
0.11985,-0.077353,0.064068,0.651468,0.569757,0.47586,0.156372,0.05394,0.794461,0.645033,0.366548,0.843628,0.444444,0.642788,0.766044,0.0,2.701333,-20.208522,11.0,2,1
-0.022998,-0.196625,-0.013892,0.65496,0.582831,0.438063,0.198453,0.087729,0.675432,0.788581,0.191194,0.801547,0.444444,0.642788,0.766044,0.0,4.331333,-70.423954,9.0,0,1
-0.076847,-0.110657,0.058208,0.640731,0.608523,0.444476,0.14676,0.071331,0.701066,0.685891,0.226586,0.85324,0.444444,0.642788,0.766044,0.0,5.121333,-94.880919,8.0,2,2
-0.058982,-0.025446,0.072059,0.532011,0.50707,0.367118,0.096534,0.046947,0.813789,0.404219,0.285321,0.903466,0.444444,0.642788,0.766044,0.0,5.891333,-150.529535,6.0,2,2
-0.007322,0.023217,0.043931,0.319764,0.348424,0.251222,0.050226,0.012876,0.432977,0.388952,0.450577,0.949774,0.444444,0.642788,0.766044,0.0,6.681333,-152.268029,6.0,2,2
