mean_x,mean_y,mean_z,std_x,std_y,std_z,R,log_rmsW,rX_ratio,rY_ratio,rZ_ratio,psi,elev_normalized,elev_sin,elev_cos,is_synthetic,time_s,azimuth_deg,az_sector,elev_class,psi_cls
0.493221,-0.204277,0.016452,0.395206,0.243638,0.020706,0.534104,0.097471,0.899811,0.43627,0.002762,0.465896,0.0,0.0,1.0,1.0,0.281333,-0.82,11.0,0,0
0.374326,-0.352913,0.018433,0.33612,0.321254,0.020381,0.514789,0.099716,0.728654,0.684868,0.00437,0.485211,0.0,0.0,1.0,1.0,1.081333,-21.9,11.0,0,0
0.197359,-0.43737,0.019598,0.257299,0.386731,0.020203,0.480236,0.076701,0.518518,0.855049,0.005557,0.519764,0.0,0.0,1.0,1.0,1.881333,-43.550001,10.0,0,0
0.008563,-0.461766,0.019021,0.215371,0.416122,0.019789,0.462237,0.084062,0.390453,0.920589,0.007901,0.537763,0.0,0.0,1.0,1.0,2.671333,-66.639999,9.0,0,0
-0.247353,-0.272659,0.010672,0.326128,0.33685,0.015021,0.368294,0.112497,0.789738,0.61334,0.011305,0.631706,0.0,0.0,1.0,1.0,4.311333,-113.879997,8.0,0,0
-0.184867,-0.124229,0.003353,0.331266,0.228737,0.008046,0.222755,0.096663,0.885372,0.46473,0.011945,0.777245,0.0,0.0,1.0,1.0,5.111333,-135.679993,7.0,0,0
-0.09217,-0.040675,0.002116,0.270474,0.116415,0.0073,0.100768,0.079529,0.919136,0.393753,0.012217,0.899232,0.0,0.0,1.0,1.0,5.921333,-156.809998,6.0,0,2
