mean_x,mean_y,mean_z,std_x,std_y,std_z,R,log_rmsW,rX_ratio,rY_ratio,rZ_ratio,psi,elev_normalized,elev_sin,elev_cos,is_synthetic,time_s,azimuth_deg,az_sector,elev_class,psi_cls
0.024,-0.139495,0.073007,0.640124,0.610285,0.438535,0.159263,0.060926,1.002377,0.472326,0.248528,0.840737,0.444444,0.642788,0.766044,0.0,0.531333,-9.049096,11.0,2,1
0.061777,-0.141159,0.074432,0.623913,0.611128,0.455922,0.171121,0.052843,0.966767,0.583255,0.316712,0.828879,0.444444,0.642788,0.766044,0.0,1.331333,-17.836838,11.0,2,1
0.034127,-0.143066,0.082543,0.596989,0.61851,0.482201,0.168659,0.035629,0.481463,0.60401,0.385059,0.831341,0.444444,0.642788,0.766044,0.0,2.141333,-59.969292,10.0,2,1
-0.004568,-0.152949,0.062526,0.596815,0.636091,0.460222,0.165299,0.057814,0.481308,0.681566,0.296925,0.834701,0.444444,0.642788,0.766044,0.0,2.911333,-55.724857,10.0,2,1
-0.0854,-0.129606,0.018482,0.608755,0.660752,0.410261,0.156309,0.083911,0.882604,0.616128,0.364745,0.843691,0.444444,0.642788,0.766044,0.0,4.551333,-119.408895,8.0,1,1
-0.125993,-0.055463,0.042778,0.599225,0.657945,0.432657,0.144154,0.070319,1.076132,0.555568,0.433474,0.855846,0.444444,0.642788,0.766044,0.0,5.381333,-95.237402,8.0,2,2
-0.124471,0.022845,0.066257,0.571628,0.650611,0.412377,0.142846,0.051348,1.403983,0.497333,0.570108,0.857154,0.444444,0.642788,0.766044,0.0,6.131333,-146.535549,7.0,2,2
-0.030027,0.028506,0.029816,0.416475,0.495346,0.330327,0.051021,0.025492,0.837913,0.345119,0.531077,0.948979,0.444444,0.642788,0.766044,0.0,6.951333,-166.845916,6.0,2,2
