mean_x,mean_y,mean_z,std_x,std_y,std_z,R,log_rmsW,rX_ratio,rY_ratio,rZ_ratio,psi,elev_normalized,elev_sin,elev_cos,is_synthetic,time_s,azimuth_deg,az_sector,elev_class,psi_cls
0.009535,-0.098563,-0.035828,0.62257,0.579924,0.514685,0.105305,0.099662,0.539369,0.367416,0.324693,0.894695,0.833333,0.965926,0.258819,0.0,0.131333,32.109327,1.0,0,2
0.055044,-0.076785,-0.032178,0.625578,0.569536,0.523627,0.099806,0.076254,0.699575,0.487881,0.379936,0.900194,0.833333,0.965926,0.258819,0.0,0.921333,-16.463855,11.0,0,2
-0.005426,-0.097516,0.006638,0.620362,0.576439,0.522627,0.097892,0.048934,0.684612,0.602165,0.443582,0.902108,0.833333,0.965926,0.258819,0.0,1.801333,9.862359,0.0,1,2
-0.038492,-0.113365,0.023484,0.633878,0.583335,0.492883,0.122003,0.046128,0.686382,0.585511,0.434616,0.877997,0.833333,0.965926,0.258819,0.0,2.521333,-30.953855,10.0,2,2
-0.046453,-0.115505,0.026967,0.624752,0.57187,0.516074,0.127383,0.058463,0.683553,0.340408,0.394353,0.872617,0.833333,0.965926,0.258819,0.0,4.171333,-158.912018,6.0,2,2
-0.12274,-0.076651,0.029757,0.652027,0.546879,0.503851,0.147736,0.04895,0.767588,0.325105,0.316932,0.852264,0.833333,0.965926,0.258819,0.0,4.981333,-118.403408,8.0,2,2
-0.090594,-0.04309,0.029387,0.523779,0.431958,0.383897,0.104536,0.02862,0.70784,0.308869,0.297823,0.895464,0.833333,0.965926,0.258819,0.0,5.771333,-19.475753,11.0,2,2
-0.065848,-0.004205,-0.004567,0.327736,0.216749,0.201247,0.06614,0.011216,0.550449,0.218216,0.175331,0.93386,0.833333,0.965926,0.258819,0.0,6.611333,164.556211,5.0,1,2
