mean_x,mean_y,mean_z,std_x,std_y,std_z,R,log_rmsW,rX_ratio,rY_ratio,rZ_ratio,psi,elev_normalized,elev_sin,elev_cos,is_synthetic,time_s,azimuth_deg,az_sector,elev_class,psi_cls
-0.226902,0.251253,0.010261,0.308815,0.331394,0.015929,0.3387,0.064182,0.675513,0.737135,0.01773,0.6613,0.0,0.0,1.0,1.0,0.361333,157.749999,5.0,0,0
-0.121994,0.304302,0.014817,0.214808,0.396091,0.016673,0.32818,0.056036,0.554746,0.831816,0.018421,0.67182,0.0,0.0,1.0,1.0,1.141333,134.050003,4.0,0,0
-0.000907,0.340049,0.020473,0.178919,0.420433,0.018002,0.340666,0.046248,0.339203,0.940487,0.020635,0.659334,0.0,0.0,1.0,1.0,1.921333,111.830001,3.0,0,0
0.186301,0.333288,0.020201,0.270691,0.388326,0.017567,0.382357,0.057074,0.623861,0.781177,0.023677,0.617643,0.0,0.0,1.0,1.0,2.741333,90.57,3.0,0,0
0.285058,0.278552,0.020734,0.330419,0.328458,0.017576,0.399098,0.057226,0.708351,0.705443,0.024259,0.600902,0.0,0.0,1.0,1.0,3.531333,67.989998,2.0,0,0
0.232301,0.167902,0.013273,0.342773,0.258756,0.016914,0.286934,0.048601,0.761495,0.647704,0.02459,0.713066,0.0,0.0,1.0,1.0,4.331333,44.479998,1.0,0,0
0.090938,0.038652,0.002646,0.26863,0.110755,0.008231,0.098847,0.020192,0.923567,0.382556,0.025828,0.901153,0.0,0.0,1.0,1.0,5.121333,22.5,0.0,0,2
