mean_x,mean_y,mean_z,std_x,std_y,std_z,R,log_rmsW,rX_ratio,rY_ratio,rZ_ratio,psi,elev_normalized,elev_sin,elev_cos,is_synthetic,time_s,azimuth_deg,az_sector,elev_class,psi_cls
0.477091,-0.188368,0.017532,0.398021,0.225998,0.021364,0.513231,0.105844,0.913994,0.405719,0.002592,0.486769,0.0,0.0,1.0,1.0,0.371333,-0.82,11.0,0,0
0.37069,-0.357222,0.013754,0.335545,0.334451,0.019176,0.514983,0.126896,0.639121,0.76909,0.004944,0.485017,0.0,0.0,1.0,1.0,1.161333,-21.9,11.0,0,0
0.178945,-0.385281,0.007932,0.244541,0.398737,0.015318,0.424883,0.107836,0.462125,0.886796,0.005735,0.575117,0.0,0.0,1.0,1.0,1.961333,-43.550001,10.0,0,0
-0.012137,-0.46043,0.00268,0.245189,0.442485,0.004336,0.460598,0.10163,0.393695,0.919214,0.007118,0.539402,0.0,0.0,1.0,1.0,2.771333,-66.639999,9.0,0,0
-0.209605,-0.412668,0.003182,0.248921,0.407352,0.004866,0.46286,0.059287,0.402111,0.915545,0.009189,0.53714,0.0,0.0,1.0,1.0,3.561333,-90.610001,8.0,0,0
-0.338564,-0.341173,0.009609,0.326757,0.337124,0.015733,0.480747,0.085931,0.877964,0.478578,0.011928,0.519253,0.0,0.0,1.0,1.0,4.461333,-113.879997,8.0,0,0
-0.38697,-0.120974,0.010153,0.410748,0.186917,0.015879,0.405566,0.087992,0.931045,0.364691,0.012523,0.594434,0.0,0.0,1.0,1.0,5.301333,-135.679993,7.0,0,0
-0.325497,-0.070414,0.009803,0.418564,0.134722,0.015974,0.333171,0.077991,0.935522,0.353042,0.012618,0.666829,0.0,0.0,1.0,1.0,5.971333,-156.809998,6.0,0,0
-0.177897,-0.002424,0.001445,0.359863,0.006668,0.004303,0.177919,0.032229,0.99967,0.021464,0.014137,0.822081,0.0,0.0,1.0,1.0,6.761333,-178.770005,6.0,0,1
