mean_x,mean_y,mean_z,std_x,std_y,std_z,R,log_rmsW,rX_ratio,rY_ratio,rZ_ratio,psi,elev_normalized,elev_sin,elev_cos,is_synthetic,time_s,azimuth_deg,az_sector,elev_class,psi_cls
0.070254,-0.028452,0.016011,0.685311,0.550147,0.470814,0.077469,0.095003,0.684045,0.374529,0.358599,0.922531,0.833333,0.965926,0.258819,0.0,0.361333,7.561316,0.0,1,2
0.136393,-0.090037,-0.010194,0.644045,0.566678,0.48707,0.163749,0.087905,0.671152,0.435152,0.258171,0.836251,0.833333,0.965926,0.258819,0.0,1.171333,9.661353,0.0,0,1
0.146716,-0.135482,-0.020522,0.633444,0.582626,0.467889,0.200754,0.069107,0.749056,0.468422,0.190784,0.799246,0.833333,0.965926,0.258819,0.0,1.971333,-31.994031,10.0,0,1
0.089239,-0.108631,-0.022171,0.623994,0.604063,0.474787,0.142323,0.050038,0.702081,0.453259,0.263916,0.857677,0.833333,0.965926,0.258819,0.0,2.781333,-22.07772,11.0,0,2
-0.036921,-0.048045,0.030482,0.62334,0.628128,0.460685,0.067828,0.055272,0.665442,0.449601,0.33927,0.932172,0.833333,0.965926,0.258819,0.0,3.631333,-51.857049,10.0,2,2
-0.078337,-0.012386,0.018258,0.629566,0.597894,0.489383,0.081385,0.072312,0.68148,0.370766,0.35671,0.918615,0.833333,0.965926,0.258819,0.0,4.411333,-140.565219,7.0,1,2
-0.165751,0.062622,0.051142,0.627177,0.595193,0.467274,0.184419,0.077166,0.622249,0.326957,0.327039,0.815581,0.833333,0.965926,0.258819,0.0,5.211333,-153.64928,6.0,2,1
-0.127434,0.062093,0.041995,0.505646,0.458288,0.37118,0.147846,0.058362,0.557641,0.296997,0.306346,0.852154,0.833333,0.965926,0.258819,0.0,6.011333,-162.018577,6.0,2,2
-0.068478,0.005987,0.023719,0.319851,0.270132,0.18652,0.072717,0.03163,0.407599,0.290292,0.239133,0.927283,0.833333,0.965926,0.258819,0.0,6.831333,-169.647205,6.0,2,2
