mean_x,mean_y,mean_z,std_x,std_y,std_z,R,log_rmsW,rX_ratio,rY_ratio,rZ_ratio,psi,elev_normalized,elev_sin,elev_cos,is_synthetic,time_s,azimuth_deg,az_sector,elev_class,psi_cls
0.12206,-0.081718,-0.000201,0.620534,0.581153,0.505533,0.14689,0.06444,0.643134,0.569673,0.446019,0.85311,0.833333,0.965926,0.258819,0.0,0.381333,16.24146,0.0,1,2
0.067016,-0.096943,-0.015437,0.608225,0.574216,0.534892,0.118858,0.086271,0.485301,0.661142,0.516391,0.881142,0.833333,0.965926,0.258819,0.0,1.191333,-8.768865,11.0,0,2
0.078628,-0.071981,-0.025327,0.587372,0.576157,0.557616,0.109568,0.076556,0.432751,0.659492,0.528468,0.890432,0.833333,0.965926,0.258819,0.0,2.071333,-28.847776,11.0,0,2
0.030176,-0.070743,-0.016139,0.592119,0.579341,0.554525,0.078585,0.062311,0.661793,0.736513,0.671127,0.921415,0.833333,0.965926,0.258819,0.0,2.811333,-66.084398,9.0,0,2
-0.090921,-0.089211,-0.020381,0.648042,0.515511,0.545463,0.128998,0.069443,0.568379,0.266937,0.303129,0.871002,0.833333,0.965926,0.258819,0.0,4.471333,-126.888475,7.0,0,2
-0.066579,-0.055434,0.008376,0.530533,0.373699,0.430033,0.087039,0.053219,0.482043,0.204419,0.2794,0.912961,0.833333,0.965926,0.258819,0.0,6.031333,-174.313325,6.0,1,2
0.007678,-0.052492,0.019221,0.311136,0.253203,0.273139,0.056425,0.025561,0.514594,0.364792,0.462273,0.943575,0.833333,0.965926,0.258819,0.0,6.781333,-79.090209,9.0,1,2
