mean_x,mean_y,mean_z,std_x,std_y,std_z,R,log_rmsW,rX_ratio,rY_ratio,rZ_ratio,psi,elev_normalized,elev_sin,elev_cos,is_synthetic,time_s,azimuth_deg,az_sector,elev_class,psi_cls
-0.337686,0.320864,0.01789,0.34315,0.325273,0.01835,0.46616,0.047969,0.636923,0.770719,0.017913,0.53384,0.0,0.0,1.0,1.0,0.411333,157.75,5.0,0,0
-0.187419,0.395989,0.019358,0.261815,0.394313,0.017878,0.438529,0.053233,0.457963,0.888767,0.019068,0.561471,0.0,0.0,1.0,1.0,1.211333,134.050003,4.0,0,0
0.019166,0.417651,0.012277,0.190435,0.431847,0.015677,0.418271,0.055379,0.308751,0.950909,0.021111,0.581729,0.0,0.0,1.0,1.0,2.011333,111.830001,3.0,0,0
0.135605,0.379406,0.007481,0.236316,0.414453,0.01128,0.402981,0.045746,0.35331,0.935243,0.022209,0.597019,0.0,0.0,1.0,1.0,2.821333,90.57,3.0,0,0
0.267767,0.272279,0.007122,0.333226,0.333331,0.011343,0.38195,0.034959,0.643213,0.765313,0.023928,0.61805,0.0,0.0,1.0,1.0,3.681333,67.989998,2.0,0,0
0.20989,0.127822,0.005035,0.342803,0.224228,0.010468,0.2458,0.022896,0.877326,0.47922,0.025457,0.7542,0.0,0.0,1.0,1.0,4.421333,44.479999,1.0,0,0
0.091129,0.04146,0.001132,0.24704,0.108104,0.005259,0.100124,0.014364,0.923573,0.382556,0.025828,0.899876,0.0,0.0,1.0,1.0,5.311333,22.5,0.0,0,2
