mean_x,mean_y,mean_z,std_x,std_y,std_z,R,log_rmsW,rX_ratio,rY_ratio,rZ_ratio,psi,elev_normalized,elev_sin,elev_cos,is_synthetic,time_s,azimuth_deg,az_sector,elev_class,psi_cls
0.127518,-0.046285,0.010427,0.669768,0.542205,0.488695,0.136058,0.06519,1.077729,0.465113,0.376252,0.863942,0.444444,0.642788,0.766044,0.0,0.231333,9.634354,0.0,1,2
0.11101,-0.035819,0.012443,0.669274,0.545008,0.491124,0.117307,0.064868,0.940035,0.603001,0.353068,0.882693,0.444444,0.642788,0.766044,0.0,1.001333,-10.569947,11.0,1,2
0.083335,-0.027816,0.046698,0.638322,0.567144,0.510762,0.099494,0.046223,0.887529,0.716121,0.378494,0.900506,0.444444,0.642788,0.766044,0.0,1.821333,-32.647169,10.0,2,2
0.063262,-0.078661,0.040702,0.607894,0.606014,0.501199,0.108841,0.043558,0.700644,0.816644,0.33513,0.891159,0.444444,0.642788,0.766044,0.0,2.581333,-60.670667,9.0,2,2
0.025789,-0.13218,0.027909,0.612623,0.603862,0.490953,0.137534,0.070345,0.651323,0.577532,0.375049,0.862466,0.444444,0.642788,0.766044,0.0,4.191333,-102.359614,8.0,2,2
-0.051615,-0.094409,0.02798,0.643151,0.571018,0.475407,0.111175,0.067726,0.710008,0.472023,0.400537,0.888825,0.444444,0.642788,0.766044,0.0,5.051333,176.740794,5.0,2,2
-0.047471,-0.044262,0.005596,0.505238,0.440871,0.373133,0.065146,0.046537,0.733484,0.476862,0.420863,0.934854,0.444444,0.642788,0.766044,0.0,5.821333,-95.695282,8.0,1,2
-0.043208,-0.011006,0.010133,0.321883,0.245822,0.19241,0.045725,0.021879,1.358255,0.300193,0.605963,0.954275,0.444444,0.642788,0.766044,0.0,6.601333,-158.048878,6.0,1,2
