mean_x,mean_y,mean_z,std_x,std_y,std_z,R,log_rmsW,rX_ratio,rY_ratio,rZ_ratio,psi,elev_normalized,elev_sin,elev_cos,is_synthetic,time_s,azimuth_deg,az_sector,elev_class,psi_cls
0.132103,0.032705,0.002959,0.650325,0.599743,0.445853,0.136124,0.06304,0.98101,0.66992,0.463527,0.863876,0.0,0.0,1.0,0.0,0.311333,29.46325,0.0,1,2
0.125622,0.034568,-0.004142,0.653081,0.596176,0.448332,0.130357,0.053911,1.204431,0.849628,0.606085,0.869643,0.0,0.0,1.0,0.0,1.071333,-13.979123,11.0,1,2
0.146136,-0.000586,-0.00744,0.637235,0.605994,0.453002,0.146326,0.041199,1.016587,0.949981,0.563795,0.853674,0.0,0.0,1.0,0.0,1.951333,-34.462275,10.0,0,2
0.093428,-0.043576,-0.054066,0.597671,0.648596,0.456583,0.116408,0.037047,0.811002,1.456256,0.49943,0.883592,0.0,0.0,1.0,0.0,2.741333,-72.670845,9.0,0,2
0.026898,-0.065075,-0.089853,0.610816,0.649873,0.437605,0.114157,0.065117,0.6268,0.914568,0.389236,0.885843,0.0,0.0,1.0,0.0,4.281333,-103.95336,8.0,0,2
-0.043387,-0.034425,-0.035747,0.644977,0.618517,0.443905,0.065919,0.059608,0.608838,0.587389,0.331671,0.934081,0.0,0.0,1.0,0.0,5.091333,-85.827154,9.0,0,2
-0.043412,-0.027715,-0.012611,0.535898,0.510524,0.358956,0.053026,0.044817,0.639062,0.47293,0.254694,0.946974,0.0,0.0,1.0,0.0,5.901333,-140.87877,7.0,0,2
-0.047294,0.021461,-0.003982,0.350528,0.336033,0.236652,0.052087,0.016169,0.948628,0.468828,0.357099,0.947913,0.0,0.0,1.0,0.0,6.671333,-173.917544,6.0,1,2
