mean_x,mean_y,mean_z,std_x,std_y,std_z,R,log_rmsW,rX_ratio,rY_ratio,rZ_ratio,psi,elev_normalized,elev_sin,elev_cos,is_synthetic,time_s,azimuth_deg,az_sector,elev_class,psi_cls
0.06536,-0.046531,0.003619,0.666818,0.565446,0.478586,0.080313,0.079598,0.753616,0.447331,0.227112,0.919687,0.0,0.0,1.0,0.0,0.211333,-3.125391,11.0,1,2
0.116796,-0.085011,0.005355,0.634339,0.588426,0.479945,0.144558,0.064156,0.867229,0.638768,0.289232,0.855442,0.0,0.0,1.0,0.0,0.981333,-28.191105,11.0,1,2
0.057182,-0.108489,0.00169,0.618211,0.615181,0.473526,0.122648,0.04521,0.67509,0.753747,0.330517,0.877352,0.0,0.0,1.0,0.0,1.801333,-36.014997,10.0,1,2
-0.006353,-0.050561,0.008471,0.603761,0.62815,0.487991,0.051657,0.030196,0.813202,1.09311,0.626417,0.948343,0.0,0.0,1.0,0.0,2.581333,-64.336226,9.0,1,2
0.014194,-0.120355,-0.053226,0.611888,0.595944,0.502807,0.132362,0.056519,0.779089,0.791015,0.434647,0.867638,0.0,0.0,1.0,0.0,4.201333,-94.108105,8.0,0,2
0.024288,-0.147432,-0.101199,0.624479,0.571296,0.500932,0.180464,0.057509,0.795133,0.706735,0.405685,0.819536,0.0,0.0,1.0,0.0,5.001333,-88.862037,9.0,0,1
-0.040968,-0.076618,-0.040909,0.488039,0.446862,0.402732,0.096033,0.046416,0.896792,0.600938,0.358855,0.903967,0.0,0.0,1.0,0.0,5.791333,-151.835402,6.0,0,2
-0.022617,-0.026851,-0.02765,0.278698,0.253486,0.213097,0.044688,0.019631,0.6409,0.40261,0.416491,0.955312,0.0,0.0,1.0,0.0,6.631333,-146.056064,7.0,0,2
