mean_x,mean_y,mean_z,std_x,std_y,std_z,R,log_rmsW,rX_ratio,rY_ratio,rZ_ratio,psi,elev_normalized,elev_sin,elev_cos,is_synthetic,time_s,azimuth_deg,az_sector,elev_class,psi_cls
-0.266094,0.307248,0.010717,0.315568,0.356496,0.01335,0.406598,0.0536,0.697282,0.71658,0.017622,0.593402,0.0,0.0,1.0,1.0,0.341333,157.749999,5.0,0,0
-0.172164,0.401883,0.009037,0.236024,0.405959,0.010878,0.437301,0.052087,0.47822,0.878034,0.019005,0.562699,0.0,0.0,1.0,1.0,1.151333,134.050003,4.0,0,0
-0.003557,0.449572,0.010091,0.204687,0.432367,0.011372,0.4497,0.059877,0.322096,0.946458,0.021702,0.5503,0.0,0.0,1.0,1.0,1.941333,111.830001,3.0,0,0
0.192185,0.419908,0.011576,0.272168,0.400811,0.015513,0.461944,0.061309,0.441011,0.897216,0.022658,0.538056,0.0,0.0,1.0,1.0,2.741333,90.57,3.0,0,0
0.306864,0.321128,0.015205,0.324711,0.336618,0.016538,0.444432,0.062368,0.742214,0.669714,0.024524,0.555568,0.0,0.0,1.0,1.0,3.571333,67.989997,2.0,0,0
0.247965,0.174224,0.012943,0.34146,0.255335,0.016907,0.303329,0.049864,0.873387,0.486363,0.025426,0.696671,0.0,0.0,1.0,1.0,4.341333,44.479999,1.0,0,0
0.104525,0.045599,0.002623,0.270864,0.113712,0.008325,0.114068,0.038541,0.923573,0.382556,0.025828,0.885932,0.0,0.0,1.0,1.0,5.141333,22.5,0.0,0,2
