mean_x,mean_y,mean_z,std_x,std_y,std_z,R,log_rmsW,rX_ratio,rY_ratio,rZ_ratio,psi,elev_normalized,elev_sin,elev_cos,is_synthetic,time_s,azimuth_deg,az_sector,elev_class,psi_cls
-0.088899,-0.033168,0.103775,0.625872,0.593908,0.485541,0.140614,0.042248,0.561769,0.411092,0.559247,0.859386,0.833333,0.965926,0.258819,0.0,0.371333,-20.469174,11.0,2,2
-0.078485,-0.003381,0.04405,0.599286,0.638805,0.473971,0.090065,0.036226,0.588194,0.518689,0.546379,0.909935,0.833333,0.965926,0.258819,0.0,1.151333,-174.240252,6.0,2,2
-0.072896,-0.026919,0.016988,0.597097,0.654919,0.456273,0.079542,0.02248,0.638188,0.748001,0.485808,0.920458,0.833333,0.965926,0.258819,0.0,1.981333,129.577411,4.0,1,2
-0.056795,0.034317,-0.005527,0.624992,0.617233,0.473216,0.066587,0.033659,0.626682,0.649835,0.40126,0.933413,0.833333,0.965926,0.258819,0.0,2.731333,100.216189,3.0,1,2
-0.01186,0.056529,-3.1e-05,0.646717,0.625314,0.432878,0.057759,0.035946,0.653719,0.584537,0.37012,0.942241,0.833333,0.965926,0.258819,0.0,3.531333,81.876297,2.0,1,2
0.022298,0.043535,-0.013049,0.563673,0.514912,0.360242,0.050624,0.033227,0.684953,0.570822,0.337281,0.949376,0.833333,0.965926,0.258819,0.0,4.331333,42.074391,1.0,0,2
0.030141,-0.011489,0.003574,0.38825,0.320974,0.245737,0.032454,0.015555,0.708475,0.43799,0.292156,0.967546,0.833333,0.965926,0.258819,0.0,5.131333,26.723968,0.0,1,2
