mean_x,mean_y,mean_z,std_x,std_y,std_z,R,log_rmsW,rX_ratio,rY_ratio,rZ_ratio,psi,elev_normalized,elev_sin,elev_cos,is_synthetic,time_s,azimuth_deg,az_sector,elev_class,psi_cls
-0.110687,0.094993,0.042526,0.63665,0.615811,0.438524,0.151933,0.030447,0.698717,0.711816,0.292046,0.848067,0.444444,0.642788,0.766044,0.0,0.171333,171.829057,5.0,2,2
-0.090327,0.109529,0.04476,0.62277,0.62122,0.451683,0.148859,0.037799,0.582431,0.714504,0.348603,0.851141,0.444444,0.642788,0.766044,0.0,0.961333,143.962265,4.0,2,2
-0.053482,0.121163,0.044957,0.60872,0.65144,0.430647,0.139864,0.03642,0.627732,0.741818,0.391379,0.860136,0.444444,0.642788,0.766044,0.0,1.771333,122.166115,4.0,2,2
-0.018762,0.167908,0.062664,0.57969,0.669798,0.427567,0.180199,0.028774,0.658751,0.736498,0.472291,0.8198,0.444444,0.642788,0.766044,0.0,2.611333,98.063304,3.0,2,1
-0.056187,0.21177,0.037008,0.598717,0.644746,0.420055,0.222201,0.022662,0.753073,0.576419,0.370303,0.777799,0.444444,0.642788,0.766044,0.0,3.501333,100.637,3.0,2,0
-0.073876,0.111936,0.025596,0.621338,0.623947,0.453808,0.136537,0.019397,0.839662,0.520175,0.404722,0.863463,0.444444,0.642788,0.766044,0.0,4.171333,54.243484,1.0,2,2
-0.054959,0.048427,0.003959,0.49083,0.511903,0.357225,0.073357,0.011737,1.046667,0.380671,0.40788,0.926643,0.444444,0.642788,0.766044,0.0,4.991333,177.95586,5.0,1,2
