mean_x,mean_y,mean_z,std_x,std_y,std_z,R,log_rmsW,rX_ratio,rY_ratio,rZ_ratio,psi,elev_normalized,elev_sin,elev_cos,is_synthetic,time_s,azimuth_deg,az_sector,elev_class,psi_cls
-0.035005,0.039825,0.052102,0.610708,0.577588,0.536447,0.074337,0.033583,0.505735,0.585672,0.489563,0.925663,0.833333,0.965926,0.258819,0.0,0.331333,112.520435,3.0,2,2
-0.016766,0.039561,0.020858,0.611903,0.594768,0.519045,0.047762,0.032267,0.493927,0.657022,0.38957,0.952238,0.833333,0.965926,0.258819,0.0,1.121333,131.021218,4.0,1,2
0.0095,0.042761,-0.00479,0.620628,0.585118,0.519982,0.044064,0.034007,0.493057,0.644207,0.360034,0.955936,0.833333,0.965926,0.258819,0.0,1.911333,106.624284,3.0,1,2
-0.00098,0.069363,0.006343,0.625945,0.586454,0.502784,0.069659,0.030926,0.514562,0.687969,0.527666,0.930341,0.833333,0.965926,0.258819,0.0,2.771333,119.549469,3.0,1,2
-0.003109,0.060249,0.003062,0.494559,0.468031,0.395157,0.060407,0.026642,0.551388,0.746699,0.594811,0.939593,0.833333,0.965926,0.258819,0.0,3.511333,42.651923,1.0,1,2
-0.001579,0.029219,0.009644,0.274367,0.301048,0.215929,0.03081,0.016669,0.359693,0.840255,0.774923,0.96919,0.833333,0.965926,0.258819,0.0,4.331333,118.354827,3.0,1,2
