mean_x,mean_y,mean_z,std_x,std_y,std_z,R,log_rmsW,rX_ratio,rY_ratio,rZ_ratio,psi,elev_normalized,elev_sin,elev_cos,is_synthetic,time_s,azimuth_deg,az_sector,elev_class,psi_cls
-0.068471,0.064867,0.039184,0.628752,0.5819,0.505546,0.102134,0.033681,0.818605,0.801311,0.473426,0.897866,0.444444,0.642788,0.766044,0.0,0.431333,161.784471,5.0,2,2
-0.095898,0.030709,0.047523,0.620371,0.599253,0.493525,0.111346,0.035936,0.829704,0.738502,0.492498,0.888654,0.444444,0.642788,0.766044,0.0,1.211333,145.233702,4.0,2,2
-0.08733,0.081914,0.051486,0.599358,0.641593,0.460514,0.130335,0.047061,0.461762,0.767899,0.313392,0.869665,0.444444,0.642788,0.766044,0.0,2.011333,122.709376,4.0,2,2
-0.030421,0.086551,0.020786,0.575708,0.67575,0.450555,0.094066,0.043799,0.298219,0.750341,0.170713,0.905934,0.444444,0.642788,0.766044,0.0,2.861333,-176.479118,6.0,1,2
0.051609,0.067605,0.04775,0.61376,0.639571,0.4524,0.09754,0.032382,0.377478,0.738739,0.197792,0.90246,0.444444,0.642788,0.766044,0.0,3.681333,99.583686,3.0,2,2
0.032692,0.023552,0.038126,0.532031,0.458402,0.378035,0.055471,0.011847,0.934868,0.382663,0.425163,0.944529,0.444444,0.642788,0.766044,0.0,4.481333,44.302627,1.0,2,2
0.03196,-0.014788,0.025184,0.307378,0.224114,0.218258,0.043294,0.006218,0.322006,0.207635,0.328737,0.956706,0.444444,0.642788,0.766044,0.0,5.371333,160.853972,5.0,2,2
