mean_x,mean_y,mean_z,std_x,std_y,std_z,R,log_rmsW,rX_ratio,rY_ratio,rZ_ratio,psi,elev_normalized,elev_sin,elev_cos,is_synthetic,time_s,azimuth_deg,az_sector,elev_class,psi_cls
-0.247019,0.277718,0.014161,0.319031,0.337881,0.015222,0.37195,0.065301,0.613242,0.789689,0.01802,0.62805,0.0,0.0,1.0,1.0,0.171333,157.749999,5.0,0,0
-0.156049,0.353928,0.016832,0.235276,0.391165,0.018379,0.387169,0.065534,0.449568,0.893045,0.018945,0.612831,0.0,0.0,1.0,1.0,0.971333,134.050002,4.0,0,0
0.013666,0.393929,0.016442,0.19716,0.418653,0.018539,0.394509,0.061048,0.318761,0.947612,0.020584,0.605491,0.0,0.0,1.0,1.0,1.781333,111.830002,3.0,0,0
0.183809,0.373132,0.024503,0.251567,0.392649,0.018531,0.41667,0.056415,0.494083,0.869116,0.022795,0.58333,0.0,0.0,1.0,1.0,2.571333,90.569999,3.0,0,0
0.303686,0.309602,0.021478,0.318344,0.335472,0.017542,0.434212,0.053929,0.683621,0.729438,0.024136,0.565788,0.0,0.0,1.0,1.0,3.371333,67.989998,2.0,0,0
0.221884,0.145773,0.011392,0.334394,0.23268,0.016451,0.265729,0.038125,0.824448,0.565383,0.02505,0.734271,0.0,0.0,1.0,1.0,4.201333,44.479998,1.0,0,0
0.112366,0.049358,0.002286,0.282149,0.120062,0.007313,0.12275,0.023292,0.923571,0.382556,0.025828,0.87725,0.0,0.0,1.0,1.0,4.971333,22.5,0.0,0,2
