mean_x,mean_y,mean_z,std_x,std_y,std_z,R,log_rmsW,rX_ratio,rY_ratio,rZ_ratio,psi,elev_normalized,elev_sin,elev_cos,is_synthetic,time_s,azimuth_deg,az_sector,elev_class,psi_cls
-0.060359,-0.001043,-0.00897,0.62069,0.581364,0.522412,0.06103,0.035267,0.684481,0.562312,0.412304,0.938969,0.833333,0.965926,0.258819,0.0,0.461333,-136.638467,7.0,0,2
-0.079572,0.0226,-0.012025,0.592593,0.612258,0.516608,0.083589,0.038986,0.484049,0.574239,0.345737,0.916411,0.833333,0.965926,0.258819,0.0,1.301333,149.159313,4.0,0,2
-0.048659,0.019626,0.01073,0.5726,0.65143,0.494761,0.053554,0.036012,0.393681,0.642133,0.333648,0.946446,0.833333,0.965926,0.258819,0.0,2.021333,121.893508,4.0,1,2
-0.045213,0.025544,0.021056,0.568534,0.647371,0.504401,0.056036,0.024108,0.316169,0.636457,0.30374,0.943964,0.833333,0.965926,0.258819,0.0,2.861333,-61.41866,9.0,1,2
0.027548,-0.049416,0.012866,0.581277,0.625252,0.517406,0.05802,0.022993,0.324355,0.432787,0.348004,0.94198,0.833333,0.965926,0.258819,0.0,3.751333,-115.707828,8.0,1,2
0.008531,-0.014886,-0.008521,0.478281,0.494698,0.442033,0.019157,0.022015,0.324941,0.320469,0.354133,0.980843,0.833333,0.965926,0.258819,0.0,4.421333,43.373257,1.0,0,2
0.009484,-0.04184,-0.003593,0.270913,0.289918,0.234486,0.043051,0.015987,0.295291,0.191322,0.314929,0.956949,0.833333,0.965926,0.258819,0.0,5.331333,49.696653,1.0,1,2
