mean_x,mean_y,mean_z,std_x,std_y,std_z,R,log_rmsW,rX_ratio,rY_ratio,rZ_ratio,psi,elev_normalized,elev_sin,elev_cos,is_synthetic,time_s,azimuth_deg,az_sector,elev_class,psi_cls
-0.156048,0.124985,0.02734,0.640184,0.578705,0.463133,0.201791,0.034131,0.746353,0.515504,0.272751,0.798209,0.0,0.0,1.0,0.0,0.331333,164.617855,5.0,2,1
-0.102688,0.129803,0.027932,0.623685,0.591738,0.482301,0.167851,0.028202,0.745269,0.547162,0.279374,0.832149,0.0,0.0,1.0,0.0,1.131333,142.697574,4.0,2,1
-0.001946,0.052242,0.005578,0.607753,0.608267,0.5077,0.052575,0.025479,0.742269,0.778286,0.574968,0.947425,0.0,0.0,1.0,0.0,2.001333,128.971649,4.0,1,2
0.169185,0.005007,0.002626,0.585631,0.6064,0.479603,0.16928,0.03492,0.58936,0.559053,0.357371,0.83072,0.0,0.0,1.0,0.0,3.571333,33.276257,1.0,1,1
0.142977,0.006683,0.010282,0.462335,0.47131,0.357696,0.143502,0.027317,0.564478,0.421752,0.263424,0.856498,0.0,0.0,1.0,0.0,4.341333,49.114634,1.0,1,2
0.060768,-0.017159,0.010107,0.24927,0.24336,0.137945,0.063948,0.011434,0.966822,0.465185,0.285684,0.936053,0.0,0.0,1.0,0.0,5.221333,23.233198,0.0,1,2
