mean_x,mean_y,mean_z,std_x,std_y,std_z,R,log_rmsW,rX_ratio,rY_ratio,rZ_ratio,psi,elev_normalized,elev_sin,elev_cos,is_synthetic,time_s,azimuth_deg,az_sector,elev_class,psi_cls
-0.273585,0.326618,0.005381,0.31829,0.362953,0.008111,0.426095,0.049876,0.680238,0.732777,0.017706,0.573905,0.0,0.0,1.0,1.0,0.331333,157.749999,5.0,0,0
-0.185542,0.395601,0.00604,0.243517,0.407233,0.009141,0.436993,0.043169,0.609009,0.792958,0.018046,0.563007,0.0,0.0,1.0,1.0,1.131333,134.050003,4.0,0,0
-0.006242,0.444842,0.006997,0.214887,0.437823,0.009881,0.444941,0.041956,0.372288,0.927861,0.021812,0.555059,0.0,0.0,1.0,1.0,1.931333,111.830002,3.0,0,0
0.184312,0.392087,0.011958,0.259612,0.405707,0.015961,0.433412,0.046506,0.53145,0.846769,0.0233,0.566588,0.0,0.0,1.0,1.0,2.721333,90.570001,3.0,0,0
0.31657,0.332911,0.019308,0.322924,0.346816,0.018193,0.459803,0.04781,0.611854,0.790615,0.023725,0.540197,0.0,0.0,1.0,1.0,3.531333,67.989997,2.0,0,0
0.247879,0.160004,0.016651,0.343873,0.246323,0.019225,0.295504,0.031351,0.788746,0.614219,0.024786,0.704496,0.0,0.0,1.0,1.0,4.331333,44.479998,1.0,0,0
0.076618,0.028498,0.005663,0.225578,0.088908,0.015309,0.081942,0.013172,0.923571,0.382556,0.025828,0.918058,0.0,0.0,1.0,1.0,5.231333,22.499999,0.0,0,2
