mean_x,mean_y,mean_z,std_x,std_y,std_z,R,log_rmsW,rX_ratio,rY_ratio,rZ_ratio,psi,elev_normalized,elev_sin,elev_cos,is_synthetic,time_s,azimuth_deg,az_sector,elev_class,psi_cls
-0.140334,0.051983,-0.007454,0.625907,0.60358,0.470488,0.149838,0.030858,0.688498,0.584214,0.370686,0.850162,0.0,0.0,1.0,0.0,0.301333,165.109832,5.0,0,2
-0.057519,0.107234,0.029458,0.605431,0.615707,0.488435,0.125201,0.026797,0.553614,0.771531,0.376707,0.874799,0.0,0.0,1.0,0.0,1.081333,151.197336,5.0,2,2
-0.026182,0.141877,0.058011,0.58782,0.630504,0.482324,0.155499,0.042544,0.270971,0.627139,0.30387,0.844501,0.0,0.0,1.0,0.0,1.841333,116.962567,3.0,2,1
0.029944,0.082186,0.073697,0.577046,0.640677,0.493338,0.114378,0.040334,0.308634,0.615211,0.392493,0.885622,0.0,0.0,1.0,0.0,2.671333,105.076752,3.0,2,2
0.031565,0.006985,0.036827,0.462034,0.499076,0.386528,0.049004,0.028617,0.326411,0.553039,0.459602,0.950996,0.0,0.0,1.0,0.0,3.531333,67.092289,2.0,2,2
0.027209,0.001708,0.007644,0.287616,0.273935,0.214054,0.028314,0.004919,0.724624,0.741239,0.331367,0.971686,0.0,0.0,1.0,0.0,4.351333,53.35618,1.0,1,2
