mean_x,mean_y,mean_z,std_x,std_y,std_z,R,log_rmsW,rX_ratio,rY_ratio,rZ_ratio,psi,elev_normalized,elev_sin,elev_cos,is_synthetic,time_s,azimuth_deg,az_sector,elev_class,psi_cls
0.122741,-0.059032,0.03745,0.642443,0.577391,0.483655,0.141253,0.05254,0.673317,0.430224,0.376216,0.858747,0.833333,0.965926,0.258819,0.0,0.581333,-39.830558,10.0,2,2
0.085218,-0.074528,0.048631,0.656581,0.582861,0.462562,0.123214,0.053786,0.719319,0.476307,0.334129,0.876786,0.833333,0.965926,0.258819,0.0,1.371333,-18.343965,11.0,2,2
0.077608,-0.142326,0.067435,0.64486,0.583272,0.461585,0.175576,0.045125,0.700414,0.476185,0.274981,0.824424,0.833333,0.965926,0.258819,0.0,2.141333,-10.58047,11.0,2,1
0.041634,-0.181463,0.01946,0.624242,0.576087,0.493307,0.187192,0.036866,0.731123,0.711158,0.561531,0.812808,0.833333,0.965926,0.258819,0.0,2.921333,-38.63726,10.0,1,1
-0.10289,-0.082761,-0.002053,0.665519,0.550673,0.486182,0.13206,0.091495,0.488127,0.312314,0.339079,0.86794,0.833333,0.965926,0.258819,0.0,4.561333,-69.668659,9.0,1,2
-0.104408,-0.05241,0.018388,0.676254,0.534188,0.49326,0.118262,0.084234,0.511835,0.21352,0.28715,0.881738,0.833333,0.965926,0.258819,0.0,5.411333,-119.254498,8.0,1,2
-0.044389,0.029721,0.007112,0.632963,0.546515,0.461048,0.053892,0.057827,0.525553,0.155034,0.298706,0.946108,0.833333,0.965926,0.258819,0.0,6.181333,-175.038477,6.0,1,2
0.018599,0.018866,0.018018,0.441048,0.452555,0.359792,0.032039,0.016152,0.715955,0.411444,0.792205,0.967961,0.833333,0.965926,0.258819,0.0,6.951333,-140.520907,7.0,1,2
