mean_x,mean_y,mean_z,std_x,std_y,std_z,R,log_rmsW,rX_ratio,rY_ratio,rZ_ratio,psi,elev_normalized,elev_sin,elev_cos,is_synthetic,time_s,azimuth_deg,az_sector,elev_class,psi_cls
0.054546,-0.050602,0.052445,0.675049,0.52834,0.506713,0.091029,0.09428,0.646708,0.340185,0.373083,0.908971,0.833333,0.965926,0.258819,0.0,0.201333,5.668874,0.0,2,2
0.075878,-0.098596,0.021425,0.639946,0.547153,0.524467,0.126244,0.073499,0.606419,0.405946,0.374443,0.873756,0.833333,0.965926,0.258819,0.0,1.011333,4.513424,0.0,1,2
0.050974,-0.109649,-0.007862,0.626792,0.559693,0.528295,0.121174,0.044203,0.716689,0.598938,0.463452,0.878826,0.833333,0.965926,0.258819,0.0,1.801333,-25.391826,11.0,0,2
0.018066,-0.101592,-0.034657,0.607289,0.584369,0.527041,0.10885,0.033596,1.00381,0.801355,0.67669,0.89115,0.833333,0.965926,0.258819,0.0,2.591333,-42.409842,10.0,0,2
-0.079448,-0.037705,0.036035,0.595764,0.587309,0.539431,0.095038,0.076425,0.597069,0.374241,0.418055,0.904962,0.833333,0.965926,0.258819,0.0,4.321333,-140.110148,7.0,2,2
-0.03054,-0.054311,0.05184,0.624172,0.549509,0.534527,0.081054,0.067349,0.706485,0.355787,0.434903,0.918946,0.833333,0.965926,0.258819,0.0,5.041333,-156.384981,6.0,2,2
-0.007845,-0.04551,0.026882,0.489115,0.399996,0.420481,0.053435,0.042775,0.727719,0.295542,0.379405,0.946565,0.833333,0.965926,0.258819,0.0,5.851333,-109.084475,8.0,2,2
0.031458,-0.025605,0.016514,0.331204,0.214169,0.215496,0.043794,0.025937,1.06068,0.23435,0.22376,0.956205,0.833333,0.965926,0.258819,0.0,6.601333,-176.812953,6.0,1,2
