mean_x,mean_y,mean_z,std_x,std_y,std_z,R,log_rmsW,rX_ratio,rY_ratio,rZ_ratio,psi,elev_normalized,elev_sin,elev_cos,is_synthetic,time_s,azimuth_deg,az_sector,elev_class,psi_cls
-0.284427,0.289943,0.017892,0.323672,0.324896,0.020224,0.406553,0.056298,0.746211,0.665483,0.017365,0.593447,0.0,0.0,1.0,1.0,0.251333,157.749998,5.0,0,0
-0.153943,0.379578,0.017956,0.235467,0.39336,0.019745,0.41,0.049136,0.526538,0.849945,0.018743,0.59,0.0,0.0,1.0,1.0,1.051333,134.050003,4.0,0,0
0.015526,0.433909,0.01994,0.19209,0.42494,0.018826,0.434644,0.051645,0.324607,0.9456,0.021711,0.565356,0.0,0.0,1.0,1.0,1.851333,111.830002,3.0,0,0
0.141586,0.386714,0.013067,0.229119,0.407816,0.015799,0.412026,0.050166,0.405191,0.913955,0.022516,0.587974,0.0,0.0,1.0,1.0,2.651333,90.57,3.0,0,0
0.129093,0.215529,0.004406,0.225465,0.339569,0.009436,0.251271,0.035038,0.498242,0.866729,0.023158,0.748729,0.0,0.0,1.0,1.0,3.511333,67.989998,2.0,0,0
0.037901,0.04003,0.001207,0.14408,0.143673,0.005915,0.05514,0.006382,0.713284,0.700454,0.024258,0.94486,0.0,0.0,1.0,1.0,4.351333,44.479999,1.0,0,2
