mean_x,mean_y,mean_z,std_x,std_y,std_z,R,log_rmsW,rX_ratio,rY_ratio,rZ_ratio,psi,elev_normalized,elev_sin,elev_cos,is_synthetic,time_s,azimuth_deg,az_sector,elev_class,psi_cls
-0.092728,0.031929,0.059664,0.597892,0.614112,0.502112,0.114794,0.04664,0.805788,0.623166,0.389527,0.885206,0.0,0.0,1.0,0.0,0.341333,170.852154,5.0,2,2
-0.063844,0.114553,0.048572,0.599125,0.630244,0.473475,0.139848,0.042495,0.671547,0.624574,0.297837,0.860152,0.0,0.0,1.0,0.0,1.131333,143.290645,4.0,2,2
-0.020184,0.095396,0.026121,0.620511,0.622448,0.466095,0.100946,0.029189,0.549427,0.712374,0.285689,0.899054,0.0,0.0,1.0,0.0,1.941333,125.538433,4.0,2,2
0.002297,0.099184,0.027673,0.619049,0.61524,0.477029,0.102997,0.057812,0.315502,0.388021,0.206717,0.897003,0.0,0.0,1.0,0.0,2.741333,88.9733,2.0,2,2
-0.008611,0.055491,0.029665,0.634155,0.602708,0.480017,0.063509,0.058388,0.358539,0.337475,0.196952,0.936491,0.0,0.0,1.0,0.0,3.541333,75.442901,2.0,2,2
-0.021746,0.026306,0.024463,0.521163,0.507659,0.409887,0.041992,0.046873,0.301983,0.204269,0.185001,0.958008,0.0,0.0,1.0,0.0,4.361333,27.438366,0.0,2,2
-0.014688,-0.015442,0.001006,0.35056,0.335771,0.270346,0.021336,0.013548,0.52288,0.260985,0.236276,0.978664,0.0,0.0,1.0,0.0,5.141333,19.715341,0.0,1,2
