mean_x,mean_y,mean_z,std_x,std_y,std_z,R,log_rmsW,rX_ratio,rY_ratio,rZ_ratio,psi,elev_normalized,elev_sin,elev_cos,is_synthetic,time_s,azimuth_deg,az_sector,elev_class,psi_cls
0.494709,-0.215999,0.012359,0.393536,0.254981,0.019026,0.539949,0.117801,0.91502,0.403401,0.002574,0.460051,0.0,0.0,1.0,1.0,0.191333,-0.82,11.0,0,0
0.40144,-0.400848,0.007715,0.334077,0.352464,0.014581,0.567356,0.10006,0.752423,0.658667,0.004177,0.432644,0.0,0.0,1.0,1.0,0.991333,-21.9,11.0,0,0
0.237277,-0.505981,0.006928,0.270533,0.389613,0.014183,0.558897,0.075922,0.568927,0.822371,0.005302,0.441103,0.0,0.0,1.0,1.0,1.791333,-43.550001,10.0,0,0
0.027178,-0.521745,0.008171,0.247067,0.415419,0.01415,0.522516,0.063458,0.383531,0.923499,0.00739,0.477484,0.0,0.0,1.0,1.0,2.581333,-66.639999,9.0,0,0
-0.171216,-0.380199,0.008356,0.240643,0.390758,0.014289,0.417056,0.092442,0.664943,0.746822,0.010364,0.582944,0.0,0.0,1.0,1.0,3.391333,-90.61,8.0,0,0
-0.293627,-0.295074,0.008078,0.319441,0.326482,0.014915,0.416354,0.107035,0.765983,0.642766,0.011058,0.583646,0.0,0.0,1.0,1.0,4.191333,-113.879997,8.0,0,0
-0.391015,-0.151287,0.009467,0.402079,0.22296,0.01496,0.419369,0.10249,0.825395,0.564435,0.011636,0.580631,0.0,0.0,1.0,1.0,4.991333,-135.679993,7.0,0,0
-0.289199,-0.059113,0.008415,0.409172,0.124481,0.015183,0.295299,0.065222,0.942826,0.33304,0.012794,0.704701,0.0,0.0,1.0,1.0,5.791333,-156.809998,6.0,0,0
-0.163059,-0.002192,0.001261,0.348403,0.006373,0.004039,0.163079,0.032174,0.999668,0.021464,0.014137,0.836921,0.0,0.0,1.0,1.0,6.591333,-178.770005,6.0,0,1
