mean_x,mean_y,mean_z,std_x,std_y,std_z,R,log_rmsW,rX_ratio,rY_ratio,rZ_ratio,psi,elev_normalized,elev_sin,elev_cos,is_synthetic,time_s,azimuth_deg,az_sector,elev_class,psi_cls
0.082118,-0.025883,-0.0124,0.677907,0.561717,0.466047,0.086989,0.076571,0.818613,0.45923,0.253885,0.913011,0.0,0.0,1.0,0.0,0.381333,-1.795404,11.0,0,2
0.150583,-0.061786,-0.021357,0.633485,0.588573,0.474577,0.164161,0.049379,1.139586,0.96865,0.464151,0.835839,0.0,0.0,1.0,0.0,1.221333,-5.327552,11.0,0,1
0.090875,-0.135686,-0.003161,0.649966,0.586584,0.454584,0.163337,0.03633,1.294615,1.147594,0.580237,0.836663,0.0,0.0,1.0,0.0,1.961333,-30.173445,10.0,1,1
0.061621,-0.154483,-0.010872,0.628099,0.604027,0.461219,0.166674,0.030764,0.732267,0.863681,0.393013,0.833326,0.0,0.0,1.0,0.0,2.821333,-71.931431,9.0,0,1
0.091984,-0.176834,-0.138725,0.608446,0.592688,0.468466,0.24285,0.053766,0.395089,0.668364,0.382624,0.75715,0.0,0.0,1.0,0.0,4.371333,-94.242272,8.0,0,0
0.080945,-0.139907,-0.116561,0.637848,0.58101,0.464501,0.19928,0.051586,0.572029,0.611619,0.41554,0.80072,0.0,0.0,1.0,0.0,5.181333,-86.96977,9.0,0,1
0.020152,-0.075298,-0.048608,0.528331,0.461652,0.364746,0.091862,0.037831,0.685715,0.524954,0.413506,0.908138,0.0,0.0,1.0,0.0,5.991333,-116.312266,8.0,0,2
-0.001365,-0.024245,-0.002118,0.346339,0.285394,0.216309,0.024375,0.016756,1.212387,0.582231,0.615871,0.975625,0.0,0.0,1.0,0.0,6.761333,-167.27621,6.0,1,2
