mean_x,mean_y,mean_z,std_x,std_y,std_z,R,log_rmsW,rX_ratio,rY_ratio,rZ_ratio,psi,elev_normalized,elev_sin,elev_cos,is_synthetic,time_s,azimuth_deg,az_sector,elev_class,psi_cls
0.075199,-0.19159,-0.006243,0.6575,0.571125,0.446147,0.205914,0.08369,0.823927,0.482687,0.275835,0.794086,0.444444,0.642788,0.766044,0.0,0.261333,2.262643,0.0,0,1
0.054328,-0.096377,0.031416,0.659305,0.573301,0.472595,0.115009,0.078214,0.772418,0.58209,0.328381,0.884991,0.444444,0.642788,0.766044,0.0,1.011333,-59.410346,10.0,2,2
-0.012864,-0.066264,0.053704,0.650197,0.607885,0.447435,0.086258,0.056887,0.920024,0.73307,0.401389,0.913742,0.444444,0.642788,0.766044,0.0,1.801333,-30.606746,10.0,2,2
0.015223,-0.093819,0.052562,0.631663,0.61943,0.453245,0.108612,0.040878,0.820785,0.893538,0.523036,0.891388,0.444444,0.642788,0.766044,0.0,2.581333,-61.266752,9.0,2,2
-2.5e-05,-0.179382,-0.003909,0.592598,0.634351,0.462749,0.179424,0.070649,0.543781,1.0036,0.236593,0.820576,0.444444,0.642788,0.766044,0.0,3.431333,-91.278239,8.0,1,1
-0.044821,-0.159742,-0.013882,0.600994,0.587603,0.499761,0.166491,0.081041,0.465029,0.678607,0.258702,0.833509,0.444444,0.642788,0.766044,0.0,5.041333,-96.320997,8.0,0,1
-0.029402,-0.07324,-0.004435,0.486569,0.450372,0.391362,0.079046,0.06101,0.495567,0.492442,0.320798,0.920954,0.444444,0.642788,0.766044,0.0,5.811333,-131.317701,7.0,1,2
0.009929,-0.018204,-0.019473,0.30275,0.254101,0.216797,0.028446,0.027587,0.583876,0.59711,0.437122,0.971554,0.444444,0.642788,0.766044,0.0,6.601333,-179.849267,6.0,0,2
