mean_x,mean_y,mean_z,std_x,std_y,std_z,R,log_rmsW,rX_ratio,rY_ratio,rZ_ratio,psi,elev_normalized,elev_sin,elev_cos,is_synthetic,time_s,azimuth_deg,az_sector,elev_class,psi_cls
0.487083,-0.204395,0.009974,0.401619,0.25938,0.016976,0.528324,0.086236,0.906856,0.421431,0.002683,0.471676,0.0,0.0,1.0,1.0,0.521333,-0.82,11.0,0,0
0.392722,-0.38716,0.016906,0.3309,0.336038,0.019275,0.551733,0.088131,0.739023,0.673667,0.004309,0.448267,0.0,0.0,1.0,1.0,1.321333,-21.9,11.0,0,0
0.228629,-0.447042,0.018893,0.26817,0.385444,0.018909,0.502469,0.066574,0.511841,0.859062,0.005585,0.497531,0.0,0.0,1.0,1.0,2.121333,-43.550001,10.0,0,0
0.010696,-0.475293,0.016626,0.236791,0.423014,0.018311,0.475704,0.076355,0.391914,0.919967,0.008039,0.524296,0.0,0.0,1.0,1.0,2.911333,-66.639999,9.0,0,0
-0.167304,-0.390381,0.017958,0.243776,0.395636,0.018553,0.425101,0.091126,0.601926,0.798488,0.010052,0.574899,0.0,0.0,1.0,1.0,3.721333,-90.61,8.0,0,0
-0.317664,-0.338226,0.020578,0.335632,0.332404,0.018921,0.464468,0.121477,0.789133,0.614119,0.011268,0.535532,0.0,0.0,1.0,1.0,4.531333,-113.879997,8.0,0,0
-0.375827,-0.170143,0.016673,0.395702,0.232134,0.017827,0.412884,0.112556,0.863222,0.504686,0.011867,0.587116,0.0,0.0,1.0,1.0,5.321333,-135.679993,7.0,0,0
-0.281579,-0.073657,0.010218,0.395033,0.138111,0.016279,0.291233,0.087402,0.928836,0.370281,0.012455,0.708767,0.0,0.0,1.0,1.0,6.121333,-156.809997,6.0,0,0
-0.125155,-0.002202,0.001554,0.302354,0.007351,0.005793,0.125184,0.028583,0.99967,0.021464,0.014137,0.874816,0.0,0.0,1.0,1.0,6.921333,-178.770005,6.0,0,2
