mean_x,mean_y,mean_z,std_x,std_y,std_z,R,log_rmsW,rX_ratio,rY_ratio,rZ_ratio,psi,elev_normalized,elev_sin,elev_cos,is_synthetic,time_s,azimuth_deg,az_sector,elev_class,psi_cls
-0.077471,0.001192,0.007966,0.635402,0.594549,0.486429,0.077888,0.044375,0.855315,0.5939,0.345602,0.922112,0.444444,0.642788,0.766044,0.0,0.321333,169.948686,5.0,1,2
-0.122479,0.014361,0.037709,0.623882,0.611568,0.469111,0.128954,0.042728,0.887778,0.623249,0.362128,0.871046,0.444444,0.642788,0.766044,0.0,1.141333,146.215555,4.0,2,2
-0.065588,0.062598,0.043496,0.596034,0.635893,0.479798,0.100559,0.053545,0.397108,0.838993,0.248292,0.899441,0.444444,0.642788,0.766044,0.0,1.931333,132.223433,4.0,2,2
-0.011676,0.068521,0.045186,0.602327,0.644238,0.463904,0.082905,0.054687,0.349455,0.796529,0.189881,0.917095,0.444444,0.642788,0.766044,0.0,2.781333,173.494974,5.0,2,2
0.023551,0.093331,0.01996,0.644296,0.600031,0.42936,0.098304,0.048674,0.393989,0.721707,0.203727,0.901696,0.444444,0.642788,0.766044,0.0,3.571333,102.040185,3.0,1,2
0.014,0.038462,0.003203,0.530111,0.441895,0.333505,0.041056,0.027525,0.650412,0.52522,0.316465,0.958944,0.444444,0.642788,0.766044,0.0,4.331333,52.497515,1.0,1,2
-0.005358,0.01846,-0.010036,0.295366,0.228864,0.184796,0.021684,0.0172,0.737539,0.381947,0.285601,0.978316,0.444444,0.642788,0.766044,0.0,5.161333,161.392806,5.0,0,2
