mean_x,mean_y,mean_z,std_x,std_y,std_z,R,log_rmsW,rX_ratio,rY_ratio,rZ_ratio,psi,elev_normalized,elev_sin,elev_cos,is_synthetic,time_s,azimuth_deg,az_sector,elev_class,psi_cls
-0.140239,0.023116,-0.030646,0.637467,0.562222,0.506286,0.145398,0.030259,0.681067,0.573416,0.483718,0.854602,0.0,0.0,1.0,0.0,0.411333,163.569489,5.0,0,2
-0.126939,0.066218,-0.015416,0.602968,0.592618,0.514221,0.144,0.029177,0.581781,0.863753,0.513032,0.856,0.0,0.0,1.0,0.0,1.221333,140.38691,4.0,0,2
-0.125431,0.089907,-0.001876,0.621644,0.60529,0.47252,0.154337,0.034585,0.418727,0.752801,0.287396,0.845663,0.0,0.0,1.0,0.0,2.071333,102.206545,3.0,1,1
-0.056398,0.120092,0.012787,0.617171,0.623851,0.460459,0.13329,0.033138,0.401927,0.767972,0.270216,0.86671,0.0,0.0,1.0,0.0,2.811333,96.269964,3.0,1,2
0.037583,0.109184,-0.004989,0.636654,0.60282,0.466687,0.11558,0.028585,0.462779,0.480147,0.235964,0.88442,0.0,0.0,1.0,0.0,3.691333,82.949429,2.0,1,2
0.063091,0.090401,-0.015027,0.494233,0.491771,0.393211,0.111259,0.017478,0.58111,0.497575,0.29328,0.888741,0.0,0.0,1.0,0.0,4.451333,49.146761,1.0,0,2
0.024282,0.047323,-0.026521,0.266277,0.289095,0.255225,0.059434,0.011527,0.550882,0.462026,0.349828,0.940566,0.0,0.0,1.0,0.0,5.311333,28.058537,0.0,0,2
