mean_x,mean_y,mean_z,std_x,std_y,std_z,R,log_rmsW,rX_ratio,rY_ratio,rZ_ratio,psi,elev_normalized,elev_sin,elev_cos,is_synthetic,time_s,azimuth_deg,az_sector,elev_class,psi_cls
0.125753,-0.066441,-0.03498,0.65918,0.531988,0.510831,0.146464,0.073755,0.88987,0.384906,0.369793,0.853536,0.444444,0.642788,0.766044,0.0,0.141333,-68.154903,9.0,0,2
0.084787,-0.051583,-0.003951,0.668595,0.570394,0.466573,0.099324,0.065419,0.968588,0.648334,0.446162,0.900676,0.444444,0.642788,0.766044,0.0,0.941333,-14.7876,11.0,1,2
0.083625,-0.105434,0.035044,0.667273,0.583487,0.441484,0.13906,0.050926,0.840636,0.747495,0.46989,0.86094,0.444444,0.642788,0.766044,0.0,1.741333,-32.547648,10.0,2,2
0.025733,-0.16026,0.017402,0.657176,0.596292,0.431114,0.163243,0.047772,0.562894,0.907333,0.311869,0.836757,0.444444,0.642788,0.766044,0.0,2.561333,-55.156141,10.0,1,1
-0.012039,-0.189216,0.01298,0.622173,0.629561,0.424749,0.190042,0.05955,0.299679,0.781462,0.202894,0.809958,0.444444,0.642788,0.766044,0.0,3.371333,-67.632685,9.0,1,1
-0.053442,-0.121955,0.009975,0.606361,0.661522,0.420543,0.133524,0.065388,0.518727,0.6978,0.294256,0.866476,0.444444,0.642788,0.766044,0.0,4.151333,-84.024911,9.0,1,2
-0.090859,-0.034235,0.017747,0.610363,0.652934,0.437439,0.098703,0.056329,0.624427,0.617302,0.342976,0.901297,0.444444,0.642788,0.766044,0.0,4.931333,-91.646804,8.0,1,2
-0.06997,-0.0074,0.012465,0.527947,0.47776,0.370941,0.071456,0.031869,0.936494,0.558671,0.496035,0.928544,0.444444,0.642788,0.766044,0.0,5.711333,-151.164258,6.0,1,2
-0.043839,-0.025561,0.013248,0.306087,0.283801,0.218467,0.052447,0.008315,1.597753,0.332958,0.708755,0.947553,0.444444,0.642788,0.766044,0.0,6.561333,-174.446503,6.0,1,2
