mean_x,mean_y,mean_z,std_x,std_y,std_z,R,log_rmsW,rX_ratio,rY_ratio,rZ_ratio,psi,elev_normalized,elev_sin,elev_cos,is_synthetic,time_s,azimuth_deg,az_sector,elev_class,psi_cls
-0.04542,-0.010279,-0.021735,0.639042,0.566979,0.517101,0.051391,0.031991,0.828507,0.674818,0.544,0.948609,0.833333,0.965926,0.258819,0.0,0.381333,152.597779,5.0,0,2
-0.030906,-0.012758,0.024601,0.617345,0.581924,0.527646,0.041511,0.036953,0.63047,0.61567,0.499125,0.958489,0.833333,0.965926,0.258819,0.0,1.151333,150.315357,5.0,2,2
-0.045291,-0.024324,0.065858,0.574289,0.623437,0.523846,0.083548,0.031708,0.560567,0.641406,0.53482,0.916452,0.833333,0.965926,0.258819,0.0,1.951333,128.684919,4.0,2,2
-0.046604,-0.039981,0.066379,0.5717,0.629526,0.518256,0.090424,0.028411,0.417324,0.716939,0.47955,0.909576,0.833333,0.965926,0.258819,0.0,2.791333,80.86109,2.0,2,2
-0.040134,-0.008571,0.080173,0.59934,0.600815,0.504902,0.090066,0.043588,0.483687,0.456928,0.336495,0.909934,0.833333,0.965926,0.258819,0.0,3.541333,91.983919,3.0,2,2
-0.023715,0.023855,0.034555,0.498035,0.41317,0.402721,0.048224,0.041245,0.484895,0.365875,0.30378,0.951776,0.833333,0.965926,0.258819,0.0,4.341333,55.802343,1.0,2,2
-0.025226,0.009358,0.021624,0.329155,0.173266,0.183734,0.034518,0.034226,0.479243,0.144745,0.204916,0.965482,0.833333,0.965926,0.258819,0.0,5.161333,8.97452,0.0,1,2
