mean_x,mean_y,mean_z,std_x,std_y,std_z,R,log_rmsW,rX_ratio,rY_ratio,rZ_ratio,psi,elev_normalized,elev_sin,elev_cos,is_synthetic,time_s,azimuth_deg,az_sector,elev_class,psi_cls
-0.006783,-0.006105,-0.005321,0.631061,0.58555,0.508553,0.010564,0.023797,0.620746,0.566121,0.442386,0.989436,0.833333,0.965926,0.258819,0.0,0.221333,151.368234,5.0,1,2
-0.034193,0.01317,0.015753,0.620285,0.599116,0.50454,0.039885,0.028843,0.514444,0.59692,0.409572,0.960115,0.833333,0.965926,0.258819,0.0,0.971333,138.946941,4.0,1,2
-0.033636,-0.0056,0.007794,0.608819,0.622947,0.489803,0.034979,0.036562,0.379717,0.515539,0.314231,0.965021,0.833333,0.965926,0.258819,0.0,1.781333,134.710561,4.0,1,2
-0.085621,-0.012464,0.033252,0.611566,0.601872,0.505003,0.092694,0.035814,0.318763,0.484627,0.302785,0.907306,0.833333,0.965926,0.258819,0.0,2.631333,115.060438,3.0,2,2
-0.067018,-8.4e-05,0.053632,0.655224,0.561462,0.497949,0.085836,0.046741,0.427842,0.317312,0.236756,0.914164,0.833333,0.965926,0.258819,0.0,3.391333,39.157357,1.0,2,2
-0.017542,0.000827,0.036167,0.650599,0.539756,0.532488,0.040205,0.039375,0.482509,0.283862,0.254057,0.959795,0.833333,0.965926,0.258819,0.0,4.181333,59.802341,1.0,2,2
0.000391,0.002193,0.021029,0.52317,0.42229,0.426406,0.021147,0.032916,0.48777,0.118486,0.19842,0.978853,0.833333,0.965926,0.258819,0.0,4.991333,34.033095,1.0,1,2
