mean_x,mean_y,mean_z,std_x,std_y,std_z,R,log_rmsW,rX_ratio,rY_ratio,rZ_ratio,psi,elev_normalized,elev_sin,elev_cos,is_synthetic,time_s,azimuth_deg,az_sector,elev_class,psi_cls
-0.123437,0.037775,0.012334,0.623943,0.561923,0.527275,0.129676,0.037212,0.625487,0.490803,0.385835,0.870324,0.833333,0.965926,0.258819,0.0,0.291333,151.92584,5.0,1,2
-0.117314,0.047198,0.03723,0.604469,0.582377,0.527205,0.131819,0.029059,0.508746,0.563086,0.456555,0.868181,0.833333,0.965926,0.258819,0.0,1.081333,113.646545,3.0,2,2
-0.095147,0.051273,0.022727,0.615396,0.592489,0.507869,0.110446,0.037182,0.35492,0.517243,0.307692,0.889554,0.833333,0.965926,0.258819,0.0,1.851333,121.094273,4.0,2,2
-0.082939,0.012063,0.014881,0.609915,0.59238,0.519388,0.085123,0.034947,0.382482,0.504657,0.426827,0.914877,0.833333,0.965926,0.258819,0.0,2.671333,168.477201,5.0,1,2
-0.035852,-0.016745,-0.001735,0.485442,0.452701,0.407982,0.039608,0.023002,0.455169,0.544308,0.529915,0.960392,0.833333,0.965926,0.258819,0.0,3.541333,95.550524,3.0,1,2
