mean_x,mean_y,mean_z,std_x,std_y,std_z,R,log_rmsW,rX_ratio,rY_ratio,rZ_ratio,psi,elev_normalized,elev_sin,elev_cos,is_synthetic,time_s,azimuth_deg,az_sector,elev_class,psi_cls
-0.140904,0.04143,-0.007369,0.597067,0.605533,0.50507,0.147054,0.037732,0.713507,0.727255,0.353047,0.852946,0.0,0.0,1.0,0.0,0.341333,160.241774,5.0,0,2
-0.018724,0.061757,0.012125,0.574562,0.632175,0.515563,0.065662,0.034812,0.602116,0.859238,0.388095,0.934338,0.0,0.0,1.0,0.0,1.151333,139.129083,4.0,1,2
-0.027619,0.07506,-0.001066,0.598159,0.629104,0.489757,0.079987,0.044629,0.405186,0.674485,0.284477,0.920013,0.0,0.0,1.0,0.0,1.931333,122.464072,4.0,1,2
0.021981,0.043918,-0.006099,0.609286,0.646659,0.456079,0.049489,0.044978,0.392823,0.63443,0.254566,0.950511,0.0,0.0,1.0,0.0,2.771333,100.948474,3.0,0,2
0.058829,0.024558,-0.020956,0.637695,0.597094,0.431191,0.067105,0.036971,0.708165,0.556242,0.266216,0.932895,0.0,0.0,1.0,0.0,3.601333,87.085795,2.0,0,2
0.093023,0.002069,-0.018098,0.488004,0.469058,0.333896,0.09479,0.025487,0.956368,0.637486,0.317661,0.90521,0.0,0.0,1.0,0.0,4.351333,62.960307,2.0,0,2
0.060296,0.015036,-0.006038,0.309562,0.241864,0.174519,0.062436,0.017439,1.20263,0.339285,0.298641,0.937564,0.0,0.0,1.0,0.0,5.131333,21.140249,0.0,0,2
