mean_x,mean_y,mean_z,std_x,std_y,std_z,R,log_rmsW,rX_ratio,rY_ratio,rZ_ratio,psi,elev_normalized,elev_sin,elev_cos,is_synthetic,time_s,azimuth_deg,az_sector,elev_class,psi_cls
0.20275,-0.006147,-0.01481,0.673127,0.546138,0.455162,0.203383,0.073814,0.755384,0.331983,0.360064,0.796617,0.0,0.0,1.0,0.0,0.111333,-8.844374,11.0,0,1
0.124008,-0.040608,0.011261,0.656925,0.581423,0.461711,0.130972,0.066014,0.597962,0.615282,0.39047,0.869028,0.0,0.0,1.0,0.0,0.991333,-5.013126,11.0,1,2
0.101416,-0.059683,0.008327,0.627865,0.616356,0.460349,0.117968,0.055105,0.549312,0.711087,0.399805,0.882032,0.0,0.0,1.0,0.0,1.741333,-40.785539,10.0,1,2
0.082128,-0.046577,-0.015255,0.606033,0.633983,0.470694,0.09564,0.033119,0.462077,0.803666,0.309364,0.90436,0.0,0.0,1.0,0.0,2.571333,-84.930105,9.0,0,2
0.01248,-0.098271,-0.029501,0.61835,0.608666,0.486185,0.103359,0.051555,0.659358,0.744996,0.359005,0.896641,0.0,0.0,1.0,0.0,4.131333,-71.003334,9.0,0,2
-0.061836,-0.117967,-0.052195,0.609062,0.588245,0.512284,0.143053,0.047035,0.666788,0.722024,0.361003,0.856947,0.0,0.0,1.0,0.0,4.921333,-119.866009,8.0,0,2
-0.052422,-0.059351,-0.021845,0.494523,0.451204,0.428968,0.082145,0.028684,0.695535,0.496568,0.384474,0.917855,0.0,0.0,1.0,0.0,5.731333,-126.273588,7.0,0,2
