mean_x,mean_y,mean_z,std_x,std_y,std_z,R,log_rmsW,rX_ratio,rY_ratio,rZ_ratio,psi,elev_normalized,elev_sin,elev_cos,is_synthetic,time_s,azimuth_deg,az_sector,elev_class,psi_cls
0.509401,-0.228178,0.014591,0.393885,0.25589,0.019532,0.558361,0.121883,0.918646,0.395073,0.002525,0.441639,0.0,0.0,1.0,1.0,0.361333,-0.82,11.0,0,0
0.428173,-0.408008,0.017374,0.333501,0.329623,0.019121,0.591696,0.119385,0.659524,0.751669,0.004807,0.408304,0.0,0.0,1.0,1.0,1.171333,-21.9,11.0,0,0
0.231809,-0.450945,0.018687,0.269015,0.387006,0.018616,0.507381,0.10057,0.483695,0.875218,0.0057,0.492619,0.0,0.0,1.0,1.0,1.961333,-43.550001,10.0,0,0
0.025398,-0.442082,0.01826,0.220391,0.415325,0.019666,0.443188,0.088841,0.38304,0.923705,0.007029,0.556812,0.0,0.0,1.0,1.0,2.761333,-66.639999,9.0,0,0
-0.192486,-0.381271,0.013433,0.272312,0.382127,0.017538,0.427316,0.084313,0.617709,0.786342,0.0101,0.572684,0.0,0.0,1.0,1.0,3.561333,-90.610001,8.0,0,0
-0.337432,-0.329764,0.014943,0.340373,0.317671,0.018947,0.472046,0.102267,0.77572,0.630979,0.011155,0.527954,0.0,0.0,1.0,1.0,4.361333,-113.879997,8.0,0,0
-0.387331,-0.197238,0.010389,0.396955,0.254989,0.014921,0.434783,0.098058,0.855742,0.517265,0.011911,0.565217,0.0,0.0,1.0,1.0,5.161333,-135.679993,7.0,0,0
-0.245696,-0.067676,0.009206,0.391202,0.13358,0.015217,0.255013,0.070507,0.942231,0.33472,0.01278,0.744987,0.0,0.0,1.0,1.0,5.961333,-156.809998,6.0,0,0
-0.10103,-0.002169,0.0015,0.288459,0.006955,0.005121,0.101064,0.032822,0.999669,0.021464,0.014137,0.898936,0.0,0.0,1.0,1.0,6.761333,-178.770005,6.0,0,2
