mean_x,mean_y,mean_z,std_x,std_y,std_z,R,log_rmsW,rX_ratio,rY_ratio,rZ_ratio,psi,elev_normalized,elev_sin,elev_cos,is_synthetic,time_s,azimuth_deg,az_sector,elev_class,psi_cls
0.036394,-0.093397,0.028889,0.637212,0.576675,0.500476,0.104317,0.074031,0.616998,0.442949,0.379634,0.895683,0.833333,0.965926,0.258819,0.0,0.291333,5.265029,0.0,2,2
0.016083,-0.128472,0.019101,0.634437,0.569824,0.505572,0.130876,0.060231,0.66003,0.600937,0.444162,0.869124,0.833333,0.965926,0.258819,0.0,1.101333,5.087812,0.0,1,2
0.027885,-0.063974,0.028839,0.630737,0.562738,0.528881,0.075511,0.051153,0.702548,0.515655,0.408387,0.924489,0.833333,0.965926,0.258819,0.0,1.901333,-24.754203,11.0,2,2
0.033062,-0.079842,0.010646,0.609322,0.592341,0.519793,0.08707,0.051601,0.705032,0.503435,0.415817,0.91293,0.833333,0.965926,0.258819,0.0,2.681333,-39.538387,10.0,1,2
-0.051023,-0.088437,-0.014057,0.664016,0.550472,0.49535,0.103064,0.078991,0.566737,0.268793,0.277739,0.896936,0.833333,0.965926,0.258819,0.0,4.401333,-95.695959,8.0,0,2
-0.058711,-0.04394,-0.009578,0.555551,0.426078,0.422548,0.073956,0.07458,0.546247,0.220279,0.23047,0.926044,0.833333,0.965926,0.258819,0.0,5.161333,2.858167,0.0,0,2
-0.062347,0.003696,-0.014891,0.384772,0.219223,0.253011,0.064207,0.05286,0.478411,0.114252,0.143625,0.935793,0.833333,0.965926,0.258819,0.0,5.981333,-171.870915,6.0,0,2
