mean_x,mean_y,mean_z,std_x,std_y,std_z,R,log_rmsW,rX_ratio,rY_ratio,rZ_ratio,psi,elev_normalized,elev_sin,elev_cos,is_synthetic,time_s,azimuth_deg,az_sector,elev_class,psi_cls
0.452014,-0.190317,0.004878,0.40411,0.256009,0.012882,0.49047,0.121821,0.905729,0.423849,0.00269,0.50953,0.0,0.0,1.0,1.0,0.281333,-0.82,11.0,0,0
0.351253,-0.354736,0.012174,0.327853,0.339291,0.018066,0.499364,0.117682,0.645999,0.763322,0.004875,0.500636,0.0,0.0,1.0,1.0,1.111333,-21.9,11.0,0,0
0.193808,-0.386663,0.014386,0.254355,0.397189,0.017792,0.432755,0.09784,0.485532,0.874201,0.005654,0.567245,0.0,0.0,1.0,1.0,1.921333,-43.550001,10.0,0,0
0.001987,-0.435352,0.01257,0.229683,0.433027,0.017196,0.435538,0.103019,0.394248,0.918973,0.007545,0.564462,0.0,0.0,1.0,1.0,2.671333,-66.639999,9.0,0,0
-0.169325,-0.36727,0.014558,0.24235,0.399597,0.018131,0.404685,0.106807,0.604601,0.796465,0.010068,0.595315,0.0,0.0,1.0,1.0,3.481333,-90.610002,8.0,0,0
-0.315739,-0.327011,0.015337,0.335595,0.332669,0.01772,0.454821,0.115914,0.711058,0.703052,0.010731,0.545179,0.0,0.0,1.0,1.0,4.281333,-113.879997,8.0,0,0
-0.379875,-0.157742,0.00882,0.400253,0.231204,0.014416,0.411419,0.095607,0.813419,0.581566,0.011459,0.588581,0.0,0.0,1.0,1.0,5.081333,-135.679993,7.0,0,0
-0.283833,-0.062239,0.002664,0.400954,0.129746,0.006001,0.290589,0.05609,0.932519,0.360902,0.012545,0.709411,0.0,0.0,1.0,1.0,5.881333,-156.809997,6.0,0,0
-0.134137,-0.002097,0.001453,0.316151,0.00677,0.005019,0.134162,0.019683,0.99967,0.021464,0.014137,0.865838,0.0,0.0,1.0,1.0,6.671333,-178.770004,6.0,0,2
