mean_x,mean_y,mean_z,std_x,std_y,std_z,R,log_rmsW,rX_ratio,rY_ratio,rZ_ratio,psi,elev_normalized,elev_sin,elev_cos,is_synthetic,time_s,azimuth_deg,az_sector,elev_class,psi_cls
0.105009,-0.011303,-0.011677,0.628836,0.632398,0.43959,0.106259,0.060747,0.720241,0.57226,0.233418,0.893741,0.0,0.0,1.0,0.0,0.531333,22.288489,0.0,0,2
0.083176,-0.026319,-0.019261,0.611538,0.645764,0.448251,0.089341,0.049413,0.772205,0.669427,0.350444,0.910659,0.0,0.0,1.0,0.0,1.351333,-6.013524,11.0,0,2
0.061729,-0.069263,-0.020756,0.602853,0.644536,0.460454,0.095072,0.028464,1.046448,0.925752,0.563846,0.904928,0.0,0.0,1.0,0.0,2.121333,-42.860532,10.0,0,2
0.036205,-0.145822,-0.034197,0.600302,0.621931,0.478562,0.154092,0.046956,0.551416,0.84394,0.397822,0.845908,0.0,0.0,1.0,0.0,2.911333,-55.50497,10.0,0,1
-0.005712,-0.093001,-0.082987,0.591052,0.619275,0.501515,0.124775,0.053031,0.612875,0.899,0.464108,0.875225,0.0,0.0,1.0,0.0,4.571333,-98.798661,8.0,0,2
-0.059039,-0.045947,-0.072399,0.591103,0.61734,0.508509,0.104107,0.044199,0.804156,0.836979,0.558495,0.895893,0.0,0.0,1.0,0.0,5.341333,-123.547007,7.0,0,2
-0.065583,0.154515,0.010464,0.53389,0.657076,0.452125,0.168183,0.033164,0.865074,0.540246,0.65578,0.831817,0.0,0.0,1.0,0.0,6.111333,-163.855923,6.0,1,1
-0.03242,0.14185,0.040145,0.371282,0.535452,0.303629,0.150944,0.024065,0.872627,0.448172,0.428877,0.849056,0.0,0.0,1.0,0.0,6.931333,-167.923346,6.0,2,2
