mean_x,mean_y,mean_z,std_x,std_y,std_z,R,log_rmsW,rX_ratio,rY_ratio,rZ_ratio,psi,elev_normalized,elev_sin,elev_cos,is_synthetic,time_s,azimuth_deg,az_sector,elev_class,psi_cls
0.123234,-0.016171,0.014284,0.678833,0.538132,0.483522,0.125108,0.059541,0.746447,0.371503,0.368446,0.874892,0.0,0.0,1.0,0.0,0.291333,156.462567,5.0,1,2
0.160575,-0.061441,-0.015954,0.655263,0.559638,0.476913,0.172666,0.058039,0.652636,0.529219,0.409726,0.827334,0.0,0.0,1.0,0.0,1.011333,-17.981154,11.0,0,1
0.109214,-0.055207,-0.014065,0.620125,0.580431,0.512984,0.12318,0.039019,0.712557,0.667726,0.484815,0.87682,0.0,0.0,1.0,0.0,1.821333,-41.73196,10.0,0,2
0.056592,-0.076179,-0.020175,0.591957,0.6078,0.520175,0.09702,0.026882,0.729952,0.880458,0.501721,0.90298,0.0,0.0,1.0,0.0,2.591333,-70.182115,9.0,0,2
0.074304,-0.100342,-0.055646,0.607072,0.617044,0.481546,0.136697,0.047497,0.610792,0.809338,0.423268,0.863303,0.0,0.0,1.0,0.0,4.211333,-58.720089,10.0,0,2
0.066924,-0.13773,-0.06137,0.589221,0.596605,0.481979,0.164969,0.045342,0.586034,0.744961,0.422376,0.835032,0.0,0.0,1.0,0.0,5.081333,31.453046,1.0,0,1
0.004406,-0.089238,-0.04202,0.459898,0.474486,0.38896,0.098734,0.032423,0.637358,0.631119,0.497473,0.901266,0.0,0.0,1.0,0.0,5.811333,-108.481814,8.0,0,2
-0.010084,-0.046498,-0.012897,0.251891,0.294747,0.244996,0.049296,0.013814,0.718143,0.524207,0.691172,0.950704,0.0,0.0,1.0,0.0,6.581333,-175.173984,6.0,0,2
