mean_x,mean_y,mean_z,std_x,std_y,std_z,R,log_rmsW,rX_ratio,rY_ratio,rZ_ratio,psi,elev_normalized,elev_sin,elev_cos,is_synthetic,time_s,azimuth_deg,az_sector,elev_class,psi_cls
-0.001629,0.084321,0.022479,0.585899,0.667451,0.451046,0.087282,0.034294,0.630663,0.739454,0.292195,0.912718,0.0,0.0,1.0,0.0,0.331333,146.878504,4.0,2,2
0.023711,0.09223,0.022396,0.582633,0.659646,0.464384,0.097827,0.041436,0.346047,0.643848,0.278684,0.902173,0.0,0.0,1.0,0.0,1.121333,128.317498,4.0,2,2
0.012086,0.083951,0.038417,0.583984,0.640016,0.490436,0.093111,0.051564,0.26562,0.471549,0.240728,0.906889,0.0,0.0,1.0,0.0,1.921333,94.688825,3.0,2,2
0.068628,0.01139,0.028029,0.622707,0.625791,0.463547,0.075001,0.053468,0.602562,0.330398,0.166973,0.924999,0.0,0.0,1.0,0.0,2.741333,68.358092,2.0,2,2
0.041151,-0.025285,0.001408,0.506136,0.472692,0.355906,0.048319,0.044648,0.692562,0.265572,0.140887,0.951681,0.0,0.0,1.0,0.0,3.541333,28.55193,0.0,1,2
0.034012,-0.047933,-0.020549,0.305071,0.284296,0.175768,0.062263,0.022996,0.697766,0.394182,0.121017,0.937737,0.0,0.0,1.0,0.0,4.341333,-18.851067,11.0,0,2
