mean_x,mean_y,mean_z,std_x,std_y,std_z,R,log_rmsW,rX_ratio,rY_ratio,rZ_ratio,psi,elev_normalized,elev_sin,elev_cos,is_synthetic,time_s,azimuth_deg,az_sector,elev_class,psi_cls
-0.178459,0.462065,0.010172,0.244372,0.411575,0.014627,0.495435,0.060076,0.532686,0.846107,0.01868,0.504565,0.0,0.0,1.0,1.0,0.301333,134.050003,4.0,0,0
-0.010709,0.495297,0.014375,0.201392,0.428478,0.015829,0.495621,0.053005,0.308807,0.950892,0.02102,0.504379,0.0,0.0,1.0,1.0,1.091333,111.830001,3.0,0,0
0.165302,0.433764,0.019754,0.248538,0.405619,0.018564,0.464613,0.053412,0.484297,0.874608,0.022759,0.535387,0.0,0.0,1.0,1.0,1.901333,90.57,3.0,0,0
0.285526,0.291006,0.013901,0.326323,0.329512,0.016394,0.407925,0.063525,0.796579,0.604023,0.024882,0.592075,0.0,0.0,1.0,1.0,2.711333,67.989998,2.0,0,0
0.215314,0.13775,0.011174,0.333117,0.224768,0.016523,0.255852,0.053619,0.886163,0.462671,0.025527,0.744148,0.0,0.0,1.0,1.0,3.541333,44.479998,1.0,0,0
0.109606,0.048183,0.00217,0.27998,0.119143,0.007118,0.119749,0.040943,0.923572,0.382556,0.025828,0.880251,0.0,0.0,1.0,1.0,4.311333,22.5,0.0,0,2
