mean_x,mean_y,mean_z,std_x,std_y,std_z,R,log_rmsW,rX_ratio,rY_ratio,rZ_ratio,psi,elev_normalized,elev_sin,elev_cos,is_synthetic,time_s,azimuth_deg,az_sector,elev_class,psi_cls
-0.084308,-0.009609,-0.016093,0.607502,0.618197,0.491049,0.086366,0.027459,0.673066,0.686324,0.271909,0.913634,0.0,0.0,1.0,0.0,0.191333,157.370054,5.0,0,2
-0.060104,0.064087,0.023834,0.594201,0.638756,0.480137,0.091037,0.032211,0.450091,0.821133,0.290347,0.908963,0.0,0.0,1.0,0.0,0.971333,141.758765,4.0,2,2
0.015624,0.103268,0.033473,0.574642,0.657657,0.474489,0.109676,0.039044,0.278416,0.746399,0.280093,0.890324,0.0,0.0,1.0,0.0,1.771333,120.889365,4.0,2,2
0.02132,0.098804,0.008266,0.611963,0.610454,0.492401,0.101416,0.035552,0.351112,0.734641,0.306547,0.898584,0.0,0.0,1.0,0.0,2.601333,106.093351,3.0,1,2
0.095007,0.089571,-0.016125,0.631153,0.588337,0.48791,0.131565,0.029675,0.77057,0.534773,0.285444,0.868435,0.0,0.0,1.0,0.0,3.401333,74.678145,2.0,0,2
0.079744,0.074333,-0.017895,0.62423,0.586117,0.504343,0.110475,0.021114,1.053328,0.595784,0.317695,0.889525,0.0,0.0,1.0,0.0,4.171333,53.514485,1.0,0,2
0.074585,0.03123,-0.008541,0.499201,0.473445,0.406182,0.08131,0.015408,1.234622,0.363992,0.281481,0.918691,0.0,0.0,1.0,0.0,4.971333,21.036612,0.0,0,2
