mean_x,mean_y,mean_z,std_x,std_y,std_z,R,log_rmsW,rX_ratio,rY_ratio,rZ_ratio,psi,elev_normalized,elev_sin,elev_cos,is_synthetic,time_s,azimuth_deg,az_sector,elev_class,psi_cls
-0.03278,0.008597,0.001587,0.622026,0.62468,0.470719,0.033926,0.035507,0.73964,0.629754,0.321123,0.966074,0.444444,0.642788,0.766044,0.0,0.381333,-90.811544,8.0,1,2
-0.049863,0.040076,0.025149,0.615768,0.607686,0.496693,0.068738,0.030473,0.570966,0.624436,0.398327,0.931262,0.444444,0.642788,0.766044,0.0,1.201333,150.179022,5.0,2,2
0.001652,0.031528,0.019496,0.618584,0.61376,0.489067,0.037106,0.032606,0.415395,0.744703,0.303697,0.962894,0.444444,0.642788,0.766044,0.0,1.951333,166.519276,5.0,1,2
-0.017048,0.004094,-0.001695,0.608767,0.624919,0.488304,0.017614,0.057586,0.253844,0.512583,0.242387,0.982386,0.444444,0.642788,0.766044,0.0,2.731333,109.237671,3.0,1,2
-0.001648,-0.061287,0.004869,0.616845,0.615595,0.486466,0.061502,0.056092,0.307074,0.43959,0.232331,0.938498,0.444444,0.642788,0.766044,0.0,3.551333,103.113802,3.0,1,2
-0.025401,-0.09066,0.006215,0.524386,0.48474,0.40097,0.094356,0.039271,0.354556,0.343479,0.223195,0.905644,0.444444,0.642788,0.766044,0.0,4.401333,-28.555005,11.0,1,2
0.002119,-0.036763,-0.002564,0.355887,0.333379,0.274757,0.036913,0.015599,0.730238,0.37698,0.316808,0.963087,0.444444,0.642788,0.766044,0.0,5.131333,45.553888,1.0,1,2
