mean_x,mean_y,mean_z,std_x,std_y,std_z,R,log_rmsW,rX_ratio,rY_ratio,rZ_ratio,psi,elev_normalized,elev_sin,elev_cos,is_synthetic,time_s,azimuth_deg,az_sector,elev_class,psi_cls
-0.084502,0.000402,0.038952,0.640223,0.597843,0.47327,0.093048,0.021559,0.964394,0.857861,0.600668,0.906952,0.444444,0.642788,0.766044,0.0,0.241333,174.192461,5.0,2,2
-0.075131,-0.019542,0.036336,0.610509,0.609478,0.498398,0.085714,0.027032,0.699475,0.798844,0.501202,0.914286,0.444444,0.642788,0.766044,0.0,1.041333,144.095507,4.0,2,2
-0.017529,-0.056399,0.012005,0.598976,0.618033,0.505462,0.060268,0.032203,0.648003,0.721786,0.477948,0.939732,0.444444,0.642788,0.766044,0.0,1.841333,126.181854,4.0,1,2
-0.018105,-0.018087,0.044097,0.589319,0.611528,0.525348,0.050985,0.029044,0.71772,0.751176,0.577636,0.949015,0.444444,0.642788,0.766044,0.0,2.661333,94.229381,3.0,2,2
-0.020012,-0.021441,0.01827,0.452805,0.480375,0.403021,0.034554,0.017366,0.747417,0.831142,0.658017,0.965446,0.444444,0.642788,0.766044,0.0,3.561333,141.234922,4.0,1,2
-0.018508,0.004992,0.012627,0.250263,0.28221,0.238035,0.022955,0.00335,0.604386,0.527615,0.385948,0.977045,0.444444,0.642788,0.766044,0.0,4.361333,136.42961,4.0,1,2
