mean_x,mean_y,mean_z,std_x,std_y,std_z,R,log_rmsW,rX_ratio,rY_ratio,rZ_ratio,psi,elev_normalized,elev_sin,elev_cos,is_synthetic,time_s,azimuth_deg,az_sector,elev_class,psi_cls
0.013735,-0.064127,0.010275,0.67951,0.542603,0.489227,0.066382,0.086353,0.77842,0.370185,0.31003,0.933618,0.444444,0.642788,0.766044,0.0,0.271333,7.67714,0.0,1,2
-0.050779,-0.085535,0.00782,0.67212,0.553232,0.481825,0.099779,0.082687,0.782535,0.485443,0.294893,0.900221,0.444444,0.642788,0.766044,0.0,1.091333,-13.661842,11.0,1,2
-0.043972,-0.071313,0.035635,0.627572,0.578784,0.512651,0.091044,0.042091,0.876193,0.832481,0.491429,0.908956,0.444444,0.642788,0.766044,0.0,1.921333,-30.738909,10.0,2,2
-0.01084,-0.069749,0.022942,0.624249,0.594216,0.501646,0.074221,0.041241,0.900995,0.966426,0.393401,0.925779,0.444444,0.642788,0.766044,0.0,2.761333,-67.718908,9.0,2,2
-0.06457,-0.065546,0.02058,0.667137,0.607112,0.421169,0.094282,0.061825,1.32205,0.721528,0.458751,0.905718,0.444444,0.642788,0.766044,0.0,4.331333,-44.381916,10.0,1,2
-0.119371,-0.035185,0.029927,0.546311,0.505403,0.351761,0.127997,0.052724,1.457646,0.601208,0.518655,0.872003,0.444444,0.642788,0.766044,0.0,5.121333,-118.462873,8.0,2,2
-0.094092,-0.020487,0.025893,0.36367,0.324803,0.203336,0.099716,0.036653,1.878031,0.592613,0.693841,0.900284,0.444444,0.642788,0.766044,0.0,5.931333,-156.941684,6.0,2,2
