mean_x,mean_y,mean_z,std_x,std_y,std_z,R,log_rmsW,rX_ratio,rY_ratio,rZ_ratio,psi,elev_normalized,elev_sin,elev_cos,is_synthetic,time_s,azimuth_deg,az_sector,elev_class,psi_cls
-0.046672,0.106729,0.033611,0.627571,0.659412,0.395714,0.12124,0.058077,0.689913,0.726595,0.156622,0.87876,0.444444,0.642788,0.766044,0.0,0.231333,-63.54025,9.0,2,2
-0.066072,0.119523,-0.000111,0.606781,0.680162,0.387965,0.13657,0.064663,0.630055,0.758107,0.156268,0.86343,0.444444,0.642788,0.766044,0.0,1.011333,-136.682243,7.0,1,2
-0.052713,0.190381,0.026521,0.604414,0.641818,0.427784,0.199316,0.057115,0.620989,0.723133,0.329228,0.800684,0.444444,0.642788,0.766044,0.0,1.801333,132.814982,4.0,2,1
-0.015482,0.107097,0.050411,0.60211,0.624221,0.483201,0.119376,0.038725,0.698761,0.817383,0.569222,0.880624,0.444444,0.642788,0.766044,0.0,2.581333,113.08961,3.0,2,2
0.036327,-0.020763,0.041286,0.611697,0.600403,0.511656,0.058781,0.0286,0.920914,0.754664,0.703489,0.941219,0.444444,0.642788,0.766044,0.0,3.391333,58.977825,1.0,2,2
0.014758,-0.036806,0.037587,0.481693,0.497596,0.369078,0.054638,0.0186,0.841727,0.526021,0.473919,0.945362,0.444444,0.642788,0.766044,0.0,4.271333,146.037493,4.0,2,2
0.009508,-0.021127,0.001241,0.311544,0.332601,0.256187,0.023201,0.015918,0.847351,0.537509,0.423018,0.976799,0.444444,0.642788,0.766044,0.0,4.961333,24.494533,0.0,1,2
