mean_x,mean_y,mean_z,std_x,std_y,std_z,R,log_rmsW,rX_ratio,rY_ratio,rZ_ratio,psi,elev_normalized,elev_sin,elev_cos,is_synthetic,time_s,azimuth_deg,az_sector,elev_class,psi_cls
0.028427,-0.061894,0.008602,0.618496,0.633463,0.459747,0.06865,0.06723,0.732981,0.509698,0.292532,0.93135,0.0,0.0,1.0,0.0,0.291333,8.230804,0.0,1,2
0.026868,-0.111166,0.0311,0.606493,0.630644,0.469362,0.11852,0.061887,0.724363,0.632993,0.32057,0.88148,0.0,0.0,1.0,0.0,1.101333,-22.781744,11.0,2,2
0.048715,-0.034611,0.008726,0.609276,0.61713,0.494122,0.060392,0.037868,0.696602,0.79231,0.452464,0.939608,0.0,0.0,1.0,0.0,1.941333,-57.449074,10.0,1,2
0.019488,-0.005206,0.005717,0.600996,0.628131,0.493649,0.020966,0.041945,0.730967,1.069335,0.494922,0.979034,0.0,0.0,1.0,0.0,2.671333,-57.836108,10.0,1,2
-0.059032,-0.036795,-0.027724,0.598061,0.619696,0.502584,0.074882,0.051834,0.577234,0.817142,0.442087,0.925118,0.0,0.0,1.0,0.0,4.321333,-102.524215,8.0,0,2
-0.02554,-0.024623,-0.031648,0.488108,0.512335,0.431987,0.047541,0.039703,0.554007,0.662669,0.486597,0.952459,0.0,0.0,1.0,0.0,5.131333,-110.886968,8.0,0,2
-0.039018,-0.001757,-0.012072,0.307748,0.35872,0.273137,0.040881,0.017818,0.712383,0.892906,0.975448,0.959119,0.0,0.0,1.0,0.0,5.911333,-163.448781,6.0,0,2
