mean_x,mean_y,mean_z,std_x,std_y,std_z,R,log_rmsW,rX_ratio,rY_ratio,rZ_ratio,psi,elev_normalized,elev_sin,elev_cos,is_synthetic,time_s,azimuth_deg,az_sector,elev_class,psi_cls
-0.068519,0.061334,0.028041,0.61247,0.625747,0.4732,0.09614,0.041281,0.580807,0.761622,0.211884,0.90386,0.0,0.0,1.0,0.0,0.201333,163.214153,5.0,2,2
-0.090791,0.077619,0.01441,0.614064,0.63678,0.450374,0.120314,0.046341,0.487746,0.748907,0.195741,0.879686,0.0,0.0,1.0,0.0,0.971333,142.650134,4.0,1,2
-0.01935,0.018377,-0.008658,0.593913,0.655463,0.465523,0.028055,0.042604,0.452773,0.791281,0.361505,0.971945,0.0,0.0,1.0,0.0,1.791333,120.12721,4.0,0,2
0.05208,0.008264,-0.017268,0.59561,0.641994,0.479476,0.055487,0.038395,0.576737,0.675859,0.560364,0.944513,0.0,0.0,1.0,0.0,2.591333,102.886777,3.0,0,2
0.146023,-0.032101,-0.023094,0.580424,0.632926,0.489372,0.151283,0.032276,0.627135,0.698151,0.609818,0.848717,0.0,0.0,1.0,0.0,3.411333,32.249898,1.0,0,2
0.115887,-0.016885,-0.012257,0.480918,0.500628,0.390904,0.11775,0.023429,0.614378,0.690065,0.589677,0.88225,0.0,0.0,1.0,0.0,4.211333,48.837494,1.0,0,2
0.062168,-0.029316,-0.008486,0.329671,0.337886,0.214496,0.069256,0.013487,0.739469,0.902862,0.407552,0.930744,0.0,0.0,1.0,0.0,4.961333,16.859066,0.0,0,2
