mean_x,mean_y,mean_z,std_x,std_y,std_z,R,log_rmsW,rX_ratio,rY_ratio,rZ_ratio,psi,elev_normalized,elev_sin,elev_cos,is_synthetic,time_s,azimuth_deg,az_sector,elev_class,psi_cls
0.041783,-0.05278,-0.010473,0.618584,0.572479,0.533783,0.068127,0.098914,0.607018,0.356777,0.281493,0.931873,0.833333,0.965926,0.258819,0.0,0.341333,-25.360511,11.0,0,2
0.119651,-0.098121,-0.069282,0.615896,0.556067,0.531641,0.169541,0.093894,0.666398,0.381122,0.247322,0.830459,0.833333,0.965926,0.258819,0.0,1.121333,-7.680957,11.0,0,1
0.111268,-0.096654,-0.072457,0.604077,0.570655,0.531393,0.164233,0.065296,0.743289,0.453458,0.206626,0.835767,0.833333,0.965926,0.258819,0.0,1.971333,4.362199,0.0,0,1
0.119383,-0.130077,-0.049156,0.613701,0.563617,0.521568,0.183272,0.063609,0.647585,0.385736,0.328243,0.816728,0.833333,0.965926,0.258819,0.0,2.701333,-22.760282,11.0,0,1
-0.111253,-0.090581,0.0262,0.644494,0.575174,0.482103,0.145838,0.090239,0.616265,0.388353,0.353051,0.854162,0.833333,0.965926,0.258819,0.0,4.361333,-53.78166,10.0,2,2
-0.07799,-0.008459,0.037995,0.622938,0.589721,0.506405,0.087165,0.069386,0.668872,0.399986,0.411005,0.912835,0.833333,0.965926,0.258819,0.0,5.131333,-154.452455,6.0,2,2
-0.062862,-0.005839,0.032964,0.515748,0.480831,0.432039,0.071221,0.055452,0.627286,0.385323,0.458512,0.928779,0.833333,0.965926,0.258819,0.0,5.881333,-152.059759,6.0,2,2
0.006971,0.023151,0.007525,0.306494,0.320817,0.276517,0.025322,0.009237,0.328546,0.434141,0.431459,0.974678,0.833333,0.965926,0.258819,0.0,6.711333,-24.027133,11.0,1,2
