mean_x,mean_y,mean_z,std_x,std_y,std_z,R,log_rmsW,rX_ratio,rY_ratio,rZ_ratio,psi,elev_normalized,elev_sin,elev_cos,is_synthetic,time_s,azimuth_deg,az_sector,elev_class,psi_cls
0.002965,0.007786,-0.01345,0.640236,0.572546,0.511828,0.015821,0.077063,0.472076,0.340792,0.299033,0.984179,0.833333,0.965926,0.258819,0.0,0.281333,26.542704,0.0,0,2
0.06215,-0.06546,-0.073368,0.625415,0.584076,0.504096,0.116321,0.059969,0.644148,0.460479,0.347063,0.883679,0.833333,0.965926,0.258819,0.0,1.051333,32.131447,1.0,0,2
0.058088,-0.054249,-0.056203,0.60799,0.589879,0.522266,0.097345,0.044375,0.694566,0.50159,0.338673,0.902655,0.833333,0.965926,0.258819,0.0,1.851333,1.957636,0.0,0,2
0.045348,-0.08485,-0.020782,0.622992,0.59024,0.503646,0.098427,0.037756,0.714396,0.516526,0.321841,0.901573,0.833333,0.965926,0.258819,0.0,2.591333,-56.044222,10.0,0,2
-0.016374,-0.107459,0.02799,0.629565,0.598488,0.482488,0.112245,0.081016,0.697486,0.506863,0.317358,0.887755,0.833333,0.965926,0.258819,0.0,4.211333,-154.79844,6.0,2,2
-0.088499,-0.05921,0.008833,0.653062,0.553108,0.500577,0.106845,0.0792,0.734084,0.46512,0.32177,0.893155,0.833333,0.965926,0.258819,0.0,5.021333,-124.794364,7.0,1,2
-0.05372,-0.000254,-0.005736,0.53398,0.405039,0.390301,0.054026,0.05042,1.020606,0.354729,0.265589,0.945974,0.833333,0.965926,0.258819,0.0,5.801333,-155.750277,6.0,1,2
-0.078123,0.00374,-0.012798,0.333418,0.183358,0.19595,0.079252,0.025984,0.700033,0.317367,0.201773,0.920748,0.833333,0.965926,0.258819,0.0,6.631333,162.751001,5.0,0,2
