mean_x,mean_y,mean_z,std_x,std_y,std_z,R,log_rmsW,rX_ratio,rY_ratio,rZ_ratio,psi,elev_normalized,elev_sin,elev_cos,is_synthetic,time_s,azimuth_deg,az_sector,elev_class,psi_cls
0.449725,-0.196255,0.011723,0.395114,0.238501,0.019133,0.490822,0.114234,0.914452,0.404686,0.002582,0.509178,0.0,0.0,1.0,1.0,0.111333,-0.82,11.0,0,0
0.357512,-0.315156,0.012022,0.35071,0.316017,0.018295,0.476742,0.107981,0.710979,0.703198,0.004487,0.523258,0.0,0.0,1.0,1.0,0.911333,-21.9,11.0,0,0
0.169064,-0.389095,0.011862,0.253529,0.394726,0.017997,0.424404,0.086698,0.526248,0.850313,0.005499,0.575597,0.0,0.0,1.0,1.0,1.711333,-43.550001,10.0,0,0
-0.01264,-0.44271,0.017777,0.209842,0.419423,0.019519,0.443248,0.072776,0.384656,0.923033,0.006987,0.556753,0.0,0.0,1.0,1.0,2.511333,-66.639999,9.0,0,0
-0.160622,-0.410942,0.019625,0.240058,0.395904,0.019229,0.441653,0.071651,0.629846,0.776653,0.010167,0.558347,0.0,0.0,1.0,1.0,3.311333,-90.610001,8.0,0,0
-0.322837,-0.318589,0.014756,0.347859,0.324425,0.017493,0.453806,0.080961,0.754985,0.65565,0.010999,0.546194,0.0,0.0,1.0,1.0,4.131333,-113.879998,8.0,0,0
-0.396014,-0.169193,0.013968,0.40572,0.228442,0.018385,0.430869,0.072854,0.818062,0.575015,0.011491,0.569131,0.0,0.0,1.0,1.0,4.911333,-135.679993,7.0,0,0
-0.30448,-0.075749,0.008545,0.410805,0.137289,0.015439,0.313877,0.042642,0.931815,0.362718,0.012528,0.686123,0.0,0.0,1.0,1.0,5.711333,-156.809998,6.0,0,0
-0.097351,-0.007075,0.006694,0.267702,0.015859,0.015597,0.097837,0.012182,0.99967,0.021464,0.014137,0.902163,0.0,0.0,1.0,1.0,6.581333,-178.770004,6.0,0,2
