mean_x,mean_y,mean_z,std_x,std_y,std_z,R,log_rmsW,rX_ratio,rY_ratio,rZ_ratio,psi,elev_normalized,elev_sin,elev_cos,is_synthetic,time_s,azimuth_deg,az_sector,elev_class,psi_cls
-0.094614,0.003404,0.021308,0.613374,0.565618,0.542469,0.097044,0.026383,0.802844,0.519839,0.576111,0.902956,0.833333,0.965926,0.258819,0.0,0.431333,159.797059,5.0,1,2
-0.095295,0.005887,0.013214,0.602383,0.564434,0.555987,0.096387,0.023926,0.828537,0.545006,0.596753,0.903613,0.833333,0.965926,0.258819,0.0,1.131333,142.238206,4.0,1,2
-0.057582,0.003161,0.023426,0.603732,0.566008,0.557794,0.062245,0.023396,0.677797,0.63578,0.594882,0.937755,0.833333,0.965926,0.258819,0.0,1.931333,121.586043,4.0,2,2
-0.051419,-0.021704,-0.01185,0.618206,0.557766,0.52622,0.057057,0.031621,0.49541,0.450779,0.404159,0.942943,0.833333,0.965926,0.258819,0.0,3.561333,133.15839,4.0,0,2
-0.020313,-0.043342,-0.026498,0.464223,0.418619,0.380544,0.054711,0.019166,0.380305,0.277959,0.317604,0.945289,0.833333,0.965926,0.258819,0.0,4.431333,60.177545,2.0,0,2
-0.026069,-0.010625,-0.00305,0.243573,0.200404,0.152662,0.028316,0.004034,1.153843,0.687172,0.594161,0.971684,0.833333,0.965926,0.258819,0.0,5.261333,-171.746928,6.0,1,2
