mean_x,mean_y,mean_z,std_x,std_y,std_z,R,log_rmsW,rX_ratio,rY_ratio,rZ_ratio,psi,elev_normalized,elev_sin,elev_cos,is_synthetic,time_s,azimuth_deg,az_sector,elev_class,psi_cls
-0.219704,0.242073,0.017713,0.316148,0.332583,0.017789,0.327388,0.039374,0.673313,0.739144,0.017743,0.672612,0.0,0.0,1.0,1.0,0.181333,157.749998,5.0,0,0
-0.124446,0.306003,0.016697,0.221411,0.398067,0.016643,0.330762,0.046232,0.327133,0.944772,0.019719,0.669238,0.0,0.0,1.0,1.0,0.971333,134.050003,4.0,0,0
-0.003626,0.343605,0.012664,0.174005,0.41838,0.016414,0.343857,0.053305,0.281684,0.959272,0.021272,0.656143,0.0,0.0,1.0,1.0,1.771333,111.830001,3.0,0,0
0.134288,0.312996,0.006743,0.237147,0.390456,0.010749,0.340654,0.052968,0.392946,0.919293,0.022212,0.659346,0.0,0.0,1.0,1.0,2.571333,90.570001,3.0,0,0
0.3005,0.279001,0.007852,0.353547,0.316253,0.011413,0.410126,0.055164,0.757158,0.652767,0.024626,0.589874,0.0,0.0,1.0,1.0,3.371333,67.989997,2.0,0,0
0.256978,0.163817,0.005651,0.364301,0.235954,0.010501,0.304804,0.044584,0.886244,0.462514,0.025527,0.695196,0.0,0.0,1.0,1.0,4.171333,44.479997,1.0,0,0
0.164282,0.071754,0.003126,0.333467,0.141897,0.008159,0.179296,0.037137,0.923571,0.382556,0.025828,0.820704,0.0,0.0,1.0,1.0,4.971333,22.5,0.0,0,1
