mean_x,mean_y,mean_z,std_x,std_y,std_z,R,log_rmsW,rX_ratio,rY_ratio,rZ_ratio,psi,elev_normalized,elev_sin,elev_cos,is_synthetic,time_s,azimuth_deg,az_sector,elev_class,psi_cls
-0.062143,-0.013295,-0.006987,0.65727,0.608237,0.440324,0.063933,0.034214,0.644717,0.565087,0.261821,0.936067,0.444444,0.642788,0.766044,0.0,0.411333,157.856742,5.0,0,2
-0.0379,0.001021,-0.016651,0.642012,0.613596,0.457783,0.041409,0.028912,0.569121,0.606622,0.272337,0.958591,0.444444,0.642788,0.766044,0.0,1.171333,-140.205039,7.0,0,2
-0.04991,0.079221,0.016894,0.631154,0.588101,0.49669,0.095145,0.033796,0.570784,0.619946,0.569389,0.904855,0.444444,0.642788,0.766044,0.0,1.931333,125.853429,4.0,1,2
0.039373,0.064949,0.05952,0.626319,0.591454,0.477156,0.096495,0.03103,0.638185,0.550196,0.523148,0.903505,0.444444,0.642788,0.766044,0.0,3.551333,59.353811,1.0,2,2
0.02738,0.00292,0.047216,0.505842,0.450669,0.356557,0.054658,0.02114,0.689927,0.394384,0.335828,0.945342,0.444444,0.642788,0.766044,0.0,4.331333,75.928705,2.0,2,2
0.018521,-0.012541,0.006497,0.243718,0.222743,0.171969,0.023292,0.008725,0.810084,0.332713,0.294934,0.976708,0.444444,0.642788,0.766044,0.0,5.231333,8.350311,0.0,1,2
