mean_x,mean_y,mean_z,std_x,std_y,std_z,R,log_rmsW,rX_ratio,rY_ratio,rZ_ratio,psi,elev_normalized,elev_sin,elev_cos,is_synthetic,time_s,azimuth_deg,az_sector,elev_class,psi_cls
-0.051545,0.012141,0.003574,0.654934,0.563902,0.500156,0.053076,0.03784,0.720872,0.651484,0.426467,0.946924,0.833333,0.965926,0.258819,0.0,0.181333,155.469164,5.0,1,2
-0.021448,0.033698,-0.009771,0.620962,0.609962,0.490484,0.041122,0.040675,0.640596,0.663762,0.389576,0.958878,0.833333,0.965926,0.258819,0.0,0.971333,142.15505,4.0,0,2
0.017756,0.001313,-0.018857,0.605314,0.627641,0.488785,0.025935,0.036601,0.607807,0.749703,0.38211,0.974065,0.833333,0.965926,0.258819,0.0,1.791333,130.174089,4.0,0,2
0.009321,-0.01665,0.000632,0.602241,0.607741,0.517205,0.019092,0.037407,0.512694,0.515635,0.506179,0.980908,0.833333,0.965926,0.258819,0.0,2.581333,97.444469,3.0,1,2
-0.00794,0.00829,0.01669,0.610207,0.572183,0.547472,0.020256,0.035881,0.537398,0.543408,0.53317,0.979744,0.833333,0.965926,0.258819,0.0,3.401333,131.713251,4.0,1,2
0.032792,-0.004308,0.007148,0.484949,0.462088,0.429096,0.033838,0.025644,0.508718,0.562002,0.436458,0.966162,0.833333,0.965926,0.258819,0.0,4.241333,61.279581,2.0,1,2
0.010892,0.016015,0.011523,0.305318,0.294659,0.288934,0.022537,0.013515,0.753061,0.915985,0.622331,0.977463,0.833333,0.965926,0.258819,0.0,4.981333,42.101615,1.0,1,2
