mean_x,mean_y,mean_z,std_x,std_y,std_z,R,log_rmsW,rX_ratio,rY_ratio,rZ_ratio,psi,elev_normalized,elev_sin,elev_cos,is_synthetic,time_s,azimuth_deg,az_sector,elev_class,psi_cls
0.079313,0.059202,-0.019759,0.671112,0.599165,0.424728,0.100925,0.098475,0.831018,0.367603,0.271471,0.899075,0.444444,0.642788,0.766044,0.0,0.361333,3.556406,0.0,0,2
0.004806,-0.012726,0.023202,0.697922,0.605319,0.381734,0.026896,0.081435,0.828898,0.46456,0.262461,0.973104,0.444444,0.642788,0.766044,0.0,1.171333,-12.455148,11.0,2,2
0.027261,-0.061034,0.02751,0.681557,0.577889,0.442991,0.072285,0.036236,1.012225,0.833294,0.457039,0.927715,0.444444,0.642788,0.766044,0.0,1.961333,-40.267065,10.0,2,2
0.039854,-0.069263,0.026801,0.638293,0.604777,0.46867,0.084285,0.031066,1.250098,1.409269,0.819993,0.915715,0.444444,0.642788,0.766044,0.0,2.751333,-53.117108,10.0,2,2
-0.103175,-0.084581,0.041845,0.633078,0.59141,0.479427,0.139822,0.046401,1.55137,0.832399,0.67364,0.860178,0.444444,0.642788,0.766044,0.0,4.401333,-81.186656,9.0,2,2
-0.093964,-0.00916,0.017552,0.515799,0.49986,0.33775,0.096027,0.03955,1.558169,0.54895,0.635411,0.903973,0.444444,0.642788,0.766044,0.0,5.981333,-157.102938,6.0,1,2
0.006455,-0.02677,-0.01313,0.315275,0.290921,0.243423,0.030508,0.020698,0.368525,0.426879,0.48541,0.969492,0.444444,0.642788,0.766044,0.0,6.771333,-141.935488,7.0,0,2
