mean_x,mean_y,mean_z,std_x,std_y,std_z,R,log_rmsW,rX_ratio,rY_ratio,rZ_ratio,psi,elev_normalized,elev_sin,elev_cos,is_synthetic,time_s,azimuth_deg,az_sector,elev_class,psi_cls
0.13502,-0.054943,0.006992,0.676195,0.573213,0.439098,0.145939,0.072829,0.748551,0.444469,0.278391,0.854061,0.0,0.0,1.0,0.0,0.411333,19.801877,0.0,1,2
0.093151,-0.112979,0.003646,0.606282,0.634243,0.456744,0.146474,0.086773,0.596311,0.754856,0.211313,0.853526,0.0,0.0,1.0,0.0,1.181333,-19.183465,11.0,1,2
0.102191,-0.07791,-0.004926,0.610542,0.627187,0.466053,0.128597,0.073186,0.526472,0.850246,0.208544,0.871403,0.0,0.0,1.0,0.0,1.981333,-33.519887,10.0,1,2
0.1034,-0.089277,-0.017469,0.585788,0.6371,0.481525,0.137721,0.070451,0.503345,0.975711,0.331757,0.862279,0.0,0.0,1.0,0.0,2.761333,-61.837715,9.0,0,2
-0.006377,-0.078516,-0.03153,0.577952,0.626612,0.515768,0.08485,0.027511,0.781199,1.225627,0.818974,0.91515,0.0,0.0,1.0,0.0,4.421333,-83.60135,9.0,0,2
-0.055297,-0.062654,-0.018778,0.485736,0.490768,0.406433,0.08565,0.027232,1.087441,0.733191,0.77797,0.91435,0.0,0.0,1.0,0.0,5.961333,-164.683417,6.0,0,2
-0.019832,-0.040986,-0.00425,0.321378,0.282395,0.253433,0.045729,0.019352,1.328321,0.669819,0.726312,0.954271,0.0,0.0,1.0,0.0,6.761333,-172.493087,6.0,1,2
