mean_x,mean_y,mean_z,std_x,std_y,std_z,R,log_rmsW,rX_ratio,rY_ratio,rZ_ratio,psi,elev_normalized,elev_sin,elev_cos,is_synthetic,time_s,azimuth_deg,az_sector,elev_class,psi_cls
-0.060446,-0.015816,0.022854,0.615876,0.625939,0.47372,0.066529,0.034412,0.626707,0.775559,0.396873,0.933471,0.444444,0.642788,0.766044,0.0,0.291333,144.652743,4.0,2,2
-0.04445,0.001501,0.010723,0.592472,0.656786,0.464156,0.045749,0.039545,0.519822,0.735283,0.35774,0.954251,0.444444,0.642788,0.766044,0.0,1.091333,120.253381,4.0,1,2
-0.04789,0.017809,0.012739,0.584373,0.671142,0.453055,0.052658,0.046081,0.387293,0.580116,0.304795,0.947342,0.444444,0.642788,0.766044,0.0,1.921333,118.303566,3.0,1,2
0.003254,0.009833,0.030712,0.625233,0.63581,0.451339,0.032411,0.048779,0.553052,0.451361,0.227853,0.967589,0.444444,0.642788,0.766044,0.0,2.711333,101.693545,3.0,2,2
0.006943,-0.011964,0.036853,0.509455,0.444837,0.353886,0.039363,0.036523,0.658444,0.385728,0.183612,0.960637,0.444444,0.642788,0.766044,0.0,3.591333,-33.135913,10.0,2,2
0.031578,0.045764,0.026727,0.356251,0.228303,0.226759,0.061692,0.026865,0.852537,0.432067,0.181688,0.938308,0.444444,0.642788,0.766044,0.0,4.291333,15.028926,0.0,2,2
