mean_x,mean_y,mean_z,std_x,std_y,std_z,R,log_rmsW,rX_ratio,rY_ratio,rZ_ratio,psi,elev_normalized,elev_sin,elev_cos,is_synthetic,time_s,azimuth_deg,az_sector,elev_class,psi_cls
0.448647,-0.210038,0.005914,0.392823,0.255999,0.01409,0.495414,0.093546,0.895032,0.445993,0.002812,0.504586,0.0,0.0,1.0,1.0,0.251333,-0.82,11.0,0,0
0.405669,-0.3819,0.007314,0.343341,0.333945,0.014282,0.557197,0.091841,0.711377,0.702796,0.004469,0.442803,0.0,0.0,1.0,1.0,0.991333,-21.9,11.0,0,0
0.209652,-0.414369,0.007961,0.268812,0.398364,0.014328,0.464455,0.072544,0.558158,0.829718,0.005274,0.535545,0.0,0.0,1.0,1.0,1.791333,-43.550001,10.0,0,0
0.020879,-0.392316,0.005623,0.210149,0.432379,0.011617,0.392912,0.054398,0.398517,0.917135,0.006926,0.607088,0.0,0.0,1.0,1.0,2.591333,-66.639999,9.0,0,0
-0.271088,-0.269884,0.011608,0.333273,0.321868,0.016072,0.382702,0.109117,0.755269,0.655323,0.010959,0.617298,0.0,0.0,1.0,1.0,4.191333,-113.879997,8.0,0,0
-0.388315,-0.153491,0.013401,0.410241,0.231383,0.017695,0.417765,0.101574,0.815069,0.579248,0.011594,0.582235,0.0,0.0,1.0,1.0,5.011333,-135.679993,7.0,0,0
-0.291157,-0.054296,0.007214,0.412989,0.118555,0.014636,0.296264,0.060598,0.952194,0.305216,0.01302,0.703736,0.0,0.0,1.0,1.0,5.791333,-156.809998,6.0,0,0
-0.169503,-0.007005,0.006051,0.354973,0.015541,0.01466,0.169755,0.035452,0.999669,0.021464,0.014137,0.830245,0.0,0.0,1.0,1.0,6.591333,-178.770004,6.0,0,1
