mean_x,mean_y,mean_z,std_x,std_y,std_z,R,log_rmsW,rX_ratio,rY_ratio,rZ_ratio,psi,elev_normalized,elev_sin,elev_cos,is_synthetic,time_s,azimuth_deg,az_sector,elev_class,psi_cls
0.107052,-0.147791,0.030602,0.662595,0.555765,0.466639,0.185037,0.078835,0.924918,0.429541,0.29215,0.814963,0.444444,0.642788,0.766044,0.0,0.431333,7.010713,0.0,2,1
0.120138,-0.061681,0.069711,0.675102,0.526721,0.493558,0.151978,0.064987,0.886202,0.478993,0.475972,0.848022,0.444444,0.642788,0.766044,0.0,1.211333,-18.772992,11.0,2,2
0.110865,-0.108829,0.054564,0.65944,0.545338,0.490427,0.164658,0.049753,0.856161,0.472639,0.583859,0.835342,0.444444,0.642788,0.766044,0.0,1.961333,-44.50749,10.0,2,1
0.050519,-0.134924,0.061527,0.643843,0.567699,0.488375,0.15666,0.046942,0.87918,0.57756,0.524714,0.84334,0.444444,0.642788,0.766044,0.0,2.761333,-50.439508,10.0,2,1
-0.044762,-0.175755,0.018528,0.597543,0.616992,0.478441,0.18231,0.060442,0.533019,0.943539,0.188977,0.81769,0.444444,0.642788,0.766044,0.0,3.651333,-80.073105,9.0,1,1
-0.032625,-0.184187,0.011319,0.59049,0.634167,0.462521,0.187396,0.081241,0.620895,0.827882,0.185034,0.812604,0.444444,0.642788,0.766044,0.0,4.371333,-124.603983,7.0,1,1
-0.077163,-0.135654,-0.019936,0.60199,0.63765,0.454076,0.157333,0.075571,0.617948,0.741134,0.197703,0.842667,0.444444,0.642788,0.766044,0.0,5.211333,-97.816226,8.0,0,1
-0.06395,-0.073904,-0.014315,0.506606,0.500126,0.364214,0.098774,0.060968,0.683171,0.661877,0.228244,0.901226,0.444444,0.642788,0.766044,0.0,5.961333,-144.448276,7.0,0,2
-0.040096,-0.021657,-0.00244,0.343551,0.273779,0.197805,0.045636,0.023331,0.726964,0.340675,0.239974,0.954364,0.444444,0.642788,0.766044,0.0,6.791333,-166.479421,6.0,1,2
