mean_x,mean_y,mean_z,std_x,std_y,std_z,R,log_rmsW,rX_ratio,rY_ratio,rZ_ratio,psi,elev_normalized,elev_sin,elev_cos,is_synthetic,time_s,azimuth_deg,az_sector,elev_class,psi_cls
-0.209413,-0.117509,0.017982,0.628221,0.58197,0.456797,0.240801,0.034961,0.580544,0.526759,0.286738,0.759199,0.833333,0.965926,0.258819,0.0,0.311333,173.081855,5.0,1,0
-0.098202,-0.074878,0.015784,0.626722,0.608592,0.470464,0.124497,0.031577,0.598174,0.663161,0.354116,0.875503,0.833333,0.965926,0.258819,0.0,1.061333,55.623739,1.0,1,2
-0.047062,-0.073756,-0.004157,0.620225,0.616288,0.477323,0.08759,0.029516,0.558014,0.822413,0.438987,0.91241,0.833333,0.965926,0.258819,0.0,1.911333,132.791789,4.0,1,2
0.048957,-0.011768,0.024074,0.614415,0.587627,0.52352,0.055811,0.027252,0.767415,0.845326,0.878078,0.944189,0.833333,0.965926,0.258819,0.0,2.651333,98.547396,3.0,2,2
0.008278,0.032016,0.045108,0.632707,0.560378,0.531524,0.05593,0.024463,0.857887,0.79576,0.937804,0.94407,0.833333,0.965926,0.258819,0.0,3.471333,105.799982,3.0,2,2
0.001615,0.01646,0.004718,0.275213,0.227181,0.237495,0.017198,0.008113,0.798216,0.541168,0.381578,0.982802,0.833333,0.965926,0.258819,0.0,5.141333,43.271906,1.0,1,2
