mean_x,mean_y,mean_z,std_x,std_y,std_z,R,log_rmsW,rX_ratio,rY_ratio,rZ_ratio,psi,elev_normalized,elev_sin,elev_cos,is_synthetic,time_s,azimuth_deg,az_sector,elev_class,psi_cls
0.025497,0.020803,0.031717,0.660275,0.642591,0.386036,0.045704,0.05984,0.818471,0.520507,0.256871,0.954296,0.0,0.0,1.0,0.0,0.241333,158.949265,5.0,2,2
0.139835,-0.04512,0.025953,0.613054,0.673018,0.385938,0.149209,0.064912,0.767501,0.74689,0.341617,0.850791,0.0,0.0,1.0,0.0,1.001333,-17.358887,11.0,2,2
0.108714,-0.090033,0.065393,0.630294,0.633505,0.420951,0.155566,0.04368,0.963482,1.007226,0.481505,0.844433,0.0,0.0,1.0,0.0,1.791333,-40.070668,10.0,2,1
-0.003975,-0.11969,0.041133,0.633275,0.603878,0.467173,0.126623,0.045248,0.887622,1.076348,0.538914,0.873377,0.0,0.0,1.0,0.0,2.601333,-65.757609,9.0,2,2
-0.02706,-0.14183,0.042288,0.631837,0.607022,0.457897,0.150454,0.06065,0.894024,0.605191,0.450065,0.849546,0.0,0.0,1.0,0.0,4.231333,-98.899796,8.0,2,2
-0.175284,-0.10779,-0.046394,0.617503,0.597014,0.466656,0.21094,0.056646,0.921994,0.509844,0.454299,0.78906,0.0,0.0,1.0,0.0,4.991333,-159.4909,6.0,0,1
-0.142648,-0.042747,-0.057796,0.486953,0.458332,0.369203,0.159738,0.040061,0.679461,0.414757,0.308746,0.840262,0.0,0.0,1.0,0.0,5.791333,-161.695571,6.0,0,1
-0.068863,-0.027346,-0.03922,0.275949,0.262308,0.249072,0.083834,0.010459,0.769277,0.574209,0.984436,0.916166,0.0,0.0,1.0,0.0,6.581333,-176.118079,6.0,0,2
