mean_x,mean_y,mean_z,std_x,std_y,std_z,R,log_rmsW,rX_ratio,rY_ratio,rZ_ratio,psi,elev_normalized,elev_sin,elev_cos,is_synthetic,time_s,azimuth_deg,az_sector,elev_class,psi_cls
0.028433,-0.055766,0.173551,0.695438,0.543469,0.432398,0.184495,0.067994,0.724518,0.392614,0.372057,0.815505,0.833333,0.965926,0.258819,0.0,0.361333,6.890143,0.0,2,1
0.005389,-0.091818,0.145706,0.623007,0.578691,0.497281,0.172307,0.068366,0.681059,0.727061,0.668964,0.827693,0.833333,0.965926,0.258819,0.0,1.221333,-27.610781,11.0,2,1
-0.005164,-0.075429,0.091701,0.628474,0.580772,0.503586,0.11885,0.058173,0.718883,0.817474,0.739038,0.88115,0.833333,0.965926,0.258819,0.0,2.011333,-71.374559,9.0,2,2
0.023344,-0.063091,0.100634,0.603128,0.572048,0.542535,0.121048,0.05836,0.753321,0.891142,0.785804,0.878952,0.833333,0.965926,0.258819,0.0,2.761333,-52.548917,10.0,2,2
0.068056,-0.019895,0.048251,0.607354,0.554754,0.56215,0.085765,0.055781,0.791313,0.574352,0.496452,0.914235,0.833333,0.965926,0.258819,0.0,4.401333,-59.944394,10.0,2,2
-0.047217,-0.006833,-0.018442,0.702652,0.54383,0.455974,0.051149,0.05299,0.81907,0.462271,0.435109,0.948851,0.833333,0.965926,0.258819,0.0,5.181333,-93.22752,8.0,0,2
-0.097436,-0.00746,0.016219,0.614664,0.485873,0.388403,0.099058,0.042214,0.773492,0.444698,0.480284,0.900942,0.833333,0.965926,0.258819,0.0,5.961333,-152.648766,6.0,1,2
-0.078919,0.016524,0.024373,0.441252,0.329992,0.169885,0.084233,0.018292,0.785668,0.349741,0.110305,0.915767,0.833333,0.965926,0.258819,0.0,6.831333,165.709547,5.0,2,2
