mean_x,mean_y,mean_z,std_x,std_y,std_z,R,log_rmsW,rX_ratio,rY_ratio,rZ_ratio,psi,elev_normalized,elev_sin,elev_cos,is_synthetic,time_s,azimuth_deg,az_sector,elev_class,psi_cls
-0.017905,-0.069302,0.117642,0.656457,0.574292,0.469351,0.137706,0.074284,0.57802,0.419391,0.397918,0.862294,0.833333,0.965926,0.258819,0.0,0.421333,-62.187573,9.0,2,2
-0.009708,-0.048567,0.152047,0.678649,0.554453,0.454363,0.15991,0.078132,0.599585,0.427815,0.336645,0.84009,0.833333,0.965926,0.258819,0.0,1.221333,-26.554426,11.0,2,1
0.042099,-0.030449,0.10972,0.703785,0.557653,0.423049,0.1214,0.060128,0.600592,0.442525,0.300699,0.8786,0.833333,0.965926,0.258819,0.0,2.011333,-30.771716,10.0,2,2
0.120241,-0.054656,0.046874,0.683429,0.582264,0.41742,0.140151,0.045961,0.669486,0.678445,0.364826,0.859849,0.833333,0.965926,0.258819,0.0,2.761333,-40.249672,10.0,2,2
-0.066369,-0.035607,0.053494,0.711626,0.53589,0.444832,0.092381,0.08093,0.638772,0.474817,0.301527,0.907619,0.833333,0.965926,0.258819,0.0,4.421333,-83.10314,9.0,2,2
-0.152648,0.008902,0.084729,0.723767,0.510974,0.429544,0.174813,0.080816,0.657236,0.385342,0.320504,0.825187,0.833333,0.965926,0.258819,0.0,5.171333,-119.132244,8.0,2,1
-0.117959,0.020736,0.047143,0.561159,0.408959,0.345979,0.128712,0.056266,0.587212,0.232598,0.277026,0.871288,0.833333,0.965926,0.258819,0.0,6.021333,-171.815566,6.0,2,2
-0.027914,0.005371,0.042751,0.331639,0.245316,0.265735,0.051339,0.025857,0.701422,0.328841,0.53536,0.948661,0.833333,0.965926,0.258819,0.0,6.771333,-179.055844,6.0,2,2
