mean_x,mean_y,mean_z,std_x,std_y,std_z,R,log_rmsW,rX_ratio,rY_ratio,rZ_ratio,psi,elev_normalized,elev_sin,elev_cos,is_synthetic,time_s,azimuth_deg,az_sector,elev_class,psi_cls
-0.18612,0.163463,0.069378,0.575897,0.586558,0.508043,0.257243,0.052685,0.620629,0.742139,0.147041,0.742757,0.0,0.0,1.0,1.0,0.261333,157.746997,5.0,2,0
-0.070519,0.217825,0.026888,0.555881,0.624005,0.498458,0.230529,0.051094,0.46354,0.868097,0.138921,0.769471,0.0,0.0,1.0,1.0,1.041333,134.006707,4.0,2,0
0.028563,0.172025,0.085951,0.538277,0.664178,0.480956,0.194412,0.049365,0.335338,0.925454,0.136637,0.805588,0.0,0.0,1.0,1.0,1.911333,112.015461,3.0,2,1
0.167309,0.158386,0.098073,0.54113,0.649324,0.472069,0.250393,0.053561,0.541519,0.832873,0.10674,0.749607,0.0,0.0,1.0,1.0,2.651333,90.616352,3.0,2,0
0.26242,0.14273,0.021161,0.580664,0.58815,0.47666,0.299473,0.05088,0.629922,0.765668,0.102753,0.700527,0.0,0.0,1.0,1.0,3.441333,67.770001,2.0,1,0
0.158464,0.039448,-0.01278,0.502396,0.41526,0.364196,0.163799,0.022947,0.806605,0.548646,0.150203,0.836201,0.0,0.0,1.0,1.0,4.331333,44.402006,1.0,0,1
0.035838,0.000587,-0.01753,0.310351,0.227903,0.185698,0.0399,0.01203,0.904302,0.39359,0.122292,0.9601,0.0,0.0,1.0,1.0,5.131333,22.59746,0.0,0,2
