mean_x,mean_y,mean_z,std_x,std_y,std_z,R,log_rmsW,rX_ratio,rY_ratio,rZ_ratio,psi,elev_normalized,elev_sin,elev_cos,is_synthetic,time_s,azimuth_deg,az_sector,elev_class,psi_cls
0.049351,0.033894,0.038133,0.636108,0.626537,0.444712,0.070982,0.028567,0.737907,0.875221,0.411001,0.929018,0.0,0.0,1.0,0.0,0.591333,167.474894,5.0,2,2
0.028549,0.023697,0.001367,0.603858,0.63403,0.481622,0.037128,0.02233,0.663527,1.036135,0.475261,0.962872,0.0,0.0,1.0,0.0,1.391333,132.798665,4.0,1,2
0.007026,0.032577,-0.003267,0.585343,0.641979,0.494035,0.033485,0.019866,0.500742,0.798808,0.407413,0.966515,0.0,0.0,1.0,0.0,2.181333,122.106535,4.0,1,2
0.212663,-0.043732,-0.063277,0.611439,0.603337,0.418531,0.226146,0.047391,0.7151,0.600851,0.260401,0.773854,0.0,0.0,1.0,0.0,3.831333,78.188497,2.0,0,0
0.208462,-0.03219,-0.044375,0.439004,0.466159,0.304456,0.21555,0.041436,0.770929,0.473512,0.191166,0.78445,0.0,0.0,1.0,0.0,4.661333,62.121639,2.0,0,1
0.163867,-0.070963,-0.025924,0.41458,0.403864,0.267655,0.180445,0.035402,0.863581,0.337387,0.120931,0.819555,0.0,0.0,1.0,0.0,4.881333,42.233765,1.0,0,1
0.073254,-0.080136,-0.002606,0.281084,0.252,0.121972,0.108604,0.026693,0.667703,0.403831,0.118864,0.891396,0.0,0.0,1.0,0.0,5.421333,-14.529258,11.0,1,2
0.018274,-0.012703,0.002045,0.148748,0.096011,0.085676,0.022349,0.003046,0.613222,0.357042,0.215299,0.977651,0.0,0.0,1.0,0.0,5.681333,-59.158599,10.0,1,2
