mean_x,mean_y,mean_z,std_x,std_y,std_z,R,log_rmsW,rX_ratio,rY_ratio,rZ_ratio,psi,elev_normalized,elev_sin,elev_cos,is_synthetic,time_s,azimuth_deg,az_sector,elev_class,psi_cls
-0.10708,-0.006049,0.073745,0.690581,0.585983,0.40346,0.130158,0.047728,0.810926,0.518938,0.232009,0.869842,0.444444,0.642788,0.766044,0.0,0.641333,161.308229,5.0,2,2
-0.120536,-0.019953,0.043216,0.662707,0.594262,0.43688,0.129595,0.041553,0.85398,0.538194,0.219578,0.870405,0.444444,0.642788,0.766044,0.0,1.421333,144.953077,4.0,2,2
-0.042055,0.041465,0.052103,0.603207,0.624446,0.489837,0.078757,0.042657,0.410247,0.685633,0.299143,0.921243,0.444444,0.642788,0.766044,0.0,2.221333,122.042406,4.0,2,2
0.066434,0.049354,0.082182,0.589333,0.654542,0.406562,0.116632,0.053393,0.594355,0.644793,0.288106,0.883368,0.444444,0.642788,0.766044,0.0,3.851333,105.941897,3.0,2,2
0.097624,0.027393,0.064212,0.426157,0.512538,0.333054,0.120016,0.04019,0.700173,0.642418,0.310884,0.879984,0.444444,0.642788,0.766044,0.0,4.621333,54.028368,1.0,2,2
0.051776,0.00737,0.017613,0.280077,0.258759,0.145603,0.055184,0.028074,0.84619,0.431444,0.181053,0.944816,0.444444,0.642788,0.766044,0.0,5.421333,14.253188,0.0,1,2
