mean_x,mean_y,mean_z,std_x,std_y,std_z,R,log_rmsW,rX_ratio,rY_ratio,rZ_ratio,psi,elev_normalized,elev_sin,elev_cos,is_synthetic,time_s,azimuth_deg,az_sector,elev_class,psi_cls
-0.107684,-0.122839,-0.01191,0.675008,0.591088,0.410062,0.16379,0.059521,0.821598,0.477481,0.166158,0.83621,0.444444,0.642788,0.766044,0.0,0.501333,-151.378205,6.0,0,1
-0.090799,-0.09806,-0.002715,0.703264,0.587413,0.377491,0.133669,0.061984,0.776808,0.47379,0.191423,0.866331,0.444444,0.642788,0.766044,0.0,1.251333,145.153878,4.0,1,2
-0.053604,-0.023299,0.004177,0.678754,0.603508,0.414291,0.058597,0.046766,0.400231,0.559284,0.268487,0.941403,0.444444,0.642788,0.766044,0.0,2.121333,-127.162829,7.0,1,2
-0.036881,0.03414,0.013069,0.645186,0.62742,0.432876,0.051929,0.044594,0.411859,0.599747,0.287833,0.948071,0.444444,0.642788,0.766044,0.0,2.861333,112.445734,3.0,1,2
-0.014828,0.006693,0.065262,0.630706,0.644978,0.426237,0.067259,0.035332,0.565623,0.633528,0.306237,0.932741,0.444444,0.642788,0.766044,0.0,3.671333,95.387981,3.0,2,2
0.019414,-0.021995,0.044495,0.501945,0.513307,0.368245,0.053297,0.02061,0.777278,0.637541,0.384154,0.946703,0.444444,0.642788,0.766044,0.0,4.451333,52.026819,1.0,2,2
-0.012779,-0.016051,0.014423,0.358845,0.283647,0.221436,0.025079,0.012118,1.087837,0.410158,0.36896,0.974921,0.444444,0.642788,0.766044,0.0,5.241333,19.171138,0.0,1,2
