mean_x,mean_y,mean_z,std_x,std_y,std_z,R,log_rmsW,rX_ratio,rY_ratio,rZ_ratio,psi,elev_normalized,elev_sin,elev_cos,is_synthetic,time_s,azimuth_deg,az_sector,elev_class,psi_cls
0.228654,-0.063263,0.002395,0.644491,0.526917,0.500699,0.237257,0.113326,0.887316,0.465004,0.082351,0.762743,0.0,0.0,1.0,1.0,0.361333,-0.819056,11.0,1,0
0.165229,-0.165115,0.055741,0.610104,0.565784,0.49999,0.240147,0.110591,0.736972,0.675657,0.084631,0.759853,0.0,0.0,1.0,1.0,1.161333,-21.816023,11.0,2,0
0.072688,-0.205557,0.09464,0.561299,0.610257,0.506001,0.237684,0.08725,0.575376,0.812956,0.096943,0.762316,0.0,0.0,1.0,1.0,1.961333,-43.61344,10.0,2,0
0.012622,-0.23676,0.103374,0.552746,0.634247,0.474659,0.258652,0.081622,0.39518,0.919892,0.086934,0.741348,0.0,0.0,1.0,1.0,2.761333,-66.722409,9.0,2,0
-0.051725,-0.231577,0.119284,0.554987,0.619758,0.487193,0.265579,0.109462,0.639904,0.772721,0.086213,0.734421,0.0,0.0,1.0,1.0,3.561333,-90.918065,8.0,2,0
-0.18904,-0.177616,0.133087,0.585941,0.562365,0.505394,0.29154,0.128293,0.777784,0.635593,0.086373,0.70846,0.0,0.0,1.0,1.0,4.411333,-113.910936,8.0,2,0
-0.23838,-0.106028,0.099301,0.640796,0.519938,0.491037,0.279155,0.122518,0.849168,0.534707,0.091975,0.720845,0.0,0.0,1.0,1.0,5.161333,-135.678788,7.0,2,0
-0.18293,-0.04986,0.042428,0.543748,0.412497,0.37519,0.194293,0.085449,0.944655,0.342554,0.093402,0.805707,0.0,0.0,1.0,1.0,5.961333,-156.796093,6.0,2,1
-0.072839,-0.001102,-0.007592,0.368201,0.213208,0.240705,0.073242,0.041125,0.987668,0.114776,0.129036,0.926758,0.0,0.0,1.0,1.0,6.761333,-178.964069,6.0,0,2
