mean_x,mean_y,mean_z,std_x,std_y,std_z,R,log_rmsW,rX_ratio,rY_ratio,rZ_ratio,psi,elev_normalized,elev_sin,elev_cos,is_synthetic,time_s,azimuth_deg,az_sector,elev_class,psi_cls
0.095553,0.04122,0.129037,0.685687,0.55769,0.437418,0.165771,0.074524,0.965106,0.547475,0.299449,0.834229,0.444444,0.642788,0.766044,0.0,0.401333,4.827221,0.0,2,1
0.015676,0.066841,0.138157,0.691562,0.55103,0.440803,0.154275,0.073954,1.144282,0.738972,0.451395,0.845725,0.444444,0.642788,0.766044,0.0,1.211333,-20.608154,11.0,2,1
0.018912,-0.004528,0.104616,0.653004,0.598479,0.451758,0.106408,0.05198,1.267691,0.936007,0.615839,0.893592,0.444444,0.642788,0.766044,0.0,2.001333,-39.318353,10.0,2,2
-0.01705,-0.087893,0.047213,0.644509,0.6017,0.460783,0.101217,0.034276,1.324417,1.040302,0.766513,0.898783,0.444444,0.642788,0.766044,0.0,2.901333,-64.350027,9.0,2,2
-0.014372,-0.11507,0.032844,0.658198,0.595084,0.445111,0.120526,0.040527,0.75877,0.777303,0.442565,0.879474,0.444444,0.642788,0.766044,0.0,3.611333,-83.590521,9.0,2,2
-0.014516,-0.098897,0.054602,0.652477,0.592868,0.458047,0.113898,0.058153,0.735657,0.573241,0.37662,0.886102,0.444444,0.642788,0.766044,0.0,4.421333,-12.533748,11.0,2,2
-0.027204,-0.037625,0.048168,0.642204,0.612707,0.455727,0.066902,0.05419,0.769674,0.460086,0.366364,0.933098,0.444444,0.642788,0.766044,0.0,5.231333,-52.715888,10.0,2,2
-0.030089,-0.010609,0.021429,0.574011,0.524618,0.378298,0.038433,0.039352,0.872034,0.459354,0.439634,0.961567,0.444444,0.642788,0.766044,0.0,6.011333,-149.950718,7.0,1,2
0.010468,0.001519,0.00948,0.394987,0.370366,0.236456,0.014204,0.015612,1.443237,0.358908,0.625838,0.985796,0.444444,0.642788,0.766044,0.0,6.811333,-162.771946,6.0,1,2
