mean_x,mean_y,mean_z,std_x,std_y,std_z,R,log_rmsW,rX_ratio,rY_ratio,rZ_ratio,psi,elev_normalized,elev_sin,elev_cos,is_synthetic,time_s,azimuth_deg,az_sector,elev_class,psi_cls
-0.135929,-0.012779,0.068507,0.657858,0.610429,0.413829,0.152752,0.029778,0.548227,0.713277,0.378388,0.847248,0.444444,0.642788,0.766044,0.0,1.141333,150.063125,5.0,2,2
-0.021856,0.017127,0.038019,0.642538,0.647781,0.406567,0.047079,0.0434,0.392999,0.728633,0.288188,0.952921,0.444444,0.642788,0.766044,0.0,1.801333,123.91178,4.0,2,2
-0.029745,-0.004431,0.005847,0.627925,0.665297,0.402666,0.030636,0.055374,0.277936,0.606933,0.252852,0.969364,0.444444,0.642788,0.766044,0.0,2.611333,107.760058,3.0,1,2
0.017739,-0.043805,-0.004522,0.694129,0.63687,0.33214,0.047476,0.057927,0.402612,0.475384,0.205714,0.952524,0.444444,0.642788,0.766044,0.0,3.471333,97.398108,3.0,1,2
0.03136,-0.031725,0.015392,0.616828,0.529226,0.256798,0.04719,0.04447,0.490045,0.376242,0.207561,0.95281,0.444444,0.642788,0.766044,0.0,4.301333,-23.613235,11.0,1,2
0.001241,-0.020596,0.016304,0.428805,0.355528,0.166623,0.026297,0.023613,0.499187,0.291618,0.198445,0.973703,0.444444,0.642788,0.766044,0.0,5.081333,-13.958857,11.0,1,2
