mean_x,mean_y,mean_z,std_x,std_y,std_z,R,log_rmsW,rX_ratio,rY_ratio,rZ_ratio,psi,elev_normalized,elev_sin,elev_cos,is_synthetic,time_s,azimuth_deg,az_sector,elev_class,psi_cls
-0.191073,-0.014227,0.092093,0.609173,0.531794,0.548553,0.212585,0.045483,0.449891,0.313008,0.379307,0.787415,0.833333,0.965926,0.258819,0.0,0.371333,156.457021,5.0,2,1
-0.038154,0.00493,0.065884,0.610643,0.524965,0.587967,0.076293,0.032763,0.526927,0.486369,0.419645,0.923707,0.833333,0.965926,0.258819,0.0,1.201333,139.788787,4.0,2,2
0.025309,-0.036324,0.044827,0.60328,0.542027,0.581626,0.063004,0.023585,0.646623,0.731338,0.588532,0.936997,0.833333,0.965926,0.258819,0.0,1.961333,-71.920582,9.0,2,2
0.015831,0.027432,0.106224,0.586577,0.574176,0.560314,0.110846,0.022839,0.596507,0.757984,0.661642,0.889154,0.833333,0.965926,0.258819,0.0,2.741333,102.838985,3.0,2,2
0.0566,0.06492,0.099054,0.568995,0.535924,0.609745,0.131262,0.037776,0.68718,0.505038,0.465803,0.868738,0.833333,0.965926,0.258819,0.0,3.531333,74.622954,2.0,2,2
0.019452,0.089456,0.041955,0.508181,0.448992,0.483199,0.100702,0.03512,0.707417,0.454683,0.383352,0.899298,0.833333,0.965926,0.258819,0.0,4.351333,83.251924,2.0,2,2
-0.021274,0.035413,0.013375,0.357305,0.300781,0.297409,0.043423,0.030557,0.760251,0.472014,0.35776,0.956577,0.833333,0.965926,0.258819,0.0,5.141333,30.00836,1.0,1,2
-0.050325,0.010268,0.026244,0.214829,0.194584,0.190089,0.057678,0.006732,0.262639,0.250095,0.308536,0.942322,0.833333,0.965926,0.258819,0.0,5.511333,-125.178269,7.0,2,2
