mean_x,mean_y,mean_z,std_x,std_y,std_z,R,log_rmsW,rX_ratio,rY_ratio,rZ_ratio,psi,elev_normalized,elev_sin,elev_cos,is_synthetic,time_s,azimuth_deg,az_sector,elev_class,psi_cls
0.08175,0.03937,0.109453,0.681919,0.600926,0.391982,0.142172,0.065659,1.249168,0.555445,0.404927,0.857828,0.444444,0.642788,0.766044,0.0,0.231333,7.543733,0.0,2,2
0.042992,-0.018216,0.121608,0.655394,0.586758,0.457389,0.130264,0.064835,0.925623,0.603265,0.352795,0.869736,0.444444,0.642788,0.766044,0.0,1.031333,-15.79413,11.0,2,2
0.051176,-0.137938,0.065498,0.610805,0.591024,0.501668,0.161046,0.051186,0.614322,0.611391,0.410927,0.838954,0.444444,0.642788,0.766044,0.0,1.831333,-40.487111,10.0,2,1
0.032521,-0.171455,0.082531,0.599765,0.571514,0.525725,0.193044,0.038098,0.725341,0.818436,0.497885,0.806956,0.444444,0.642788,0.766044,0.0,2.721333,-50.426892,10.0,2,1
-0.053745,-0.145956,0.088648,0.623323,0.584497,0.487628,0.179026,0.060605,0.771734,0.844948,0.346238,0.820974,0.444444,0.642788,0.766044,0.0,3.531333,-76.610158,9.0,2,1
-0.089749,-0.118256,0.054794,0.619445,0.606785,0.47229,0.158246,0.067004,0.726934,0.823492,0.463216,0.841754,0.444444,0.642788,0.766044,0.0,4.251333,-37.871159,10.0,2,1
-0.103649,-0.122689,0.059596,0.630674,0.584329,0.464008,0.171311,0.062981,0.785226,0.728005,0.465285,0.828689,0.444444,0.642788,0.766044,0.0,5.041333,-122.611149,7.0,2,1
-0.012466,-0.077261,0.040145,0.488972,0.453211,0.355825,0.087956,0.037017,0.817709,0.741579,0.650764,0.912044,0.444444,0.642788,0.766044,0.0,5.851333,-120.078671,7.0,2,2
0.018879,-0.016756,0.008196,0.301709,0.240833,0.184684,0.02654,0.017408,1.34712,0.359337,0.597992,0.97346,0.444444,0.642788,0.766044,0.0,6.641333,-162.103932,6.0,1,2
