mean_x,mean_y,mean_z,std_x,std_y,std_z,R,log_rmsW,rX_ratio,rY_ratio,rZ_ratio,psi,elev_normalized,elev_sin,elev_cos,is_synthetic,time_s,azimuth_deg,az_sector,elev_class,psi_cls
-0.170502,-0.025321,0.026634,0.684001,0.60464,0.36896,0.174417,0.056075,0.726321,0.557394,0.197343,0.825583,0.444444,0.642788,0.766044,0.0,0.281333,170.591071,5.0,2,1
-0.113416,0.03221,0.03909,0.660338,0.617354,0.409144,0.124212,0.047032,0.605056,0.703135,0.253978,0.875788,0.444444,0.642788,0.766044,0.0,1.191333,138.616851,4.0,2,2
-0.071737,-0.012609,0.000196,0.640472,0.64026,0.4178,0.072837,0.046723,0.540829,0.711875,0.306378,0.927163,0.444444,0.642788,0.766044,0.0,1.951333,129.615718,4.0,1,2
-0.043904,0.025441,0.041937,0.615612,0.633042,0.4647,0.065829,0.034979,0.73748,0.951226,0.554558,0.934171,0.444444,0.642788,0.766044,0.0,2.711333,119.130445,3.0,2,2
0.009413,-0.016821,0.006773,0.64357,0.610641,0.460996,0.020431,0.029653,0.866118,0.990473,0.602084,0.979569,0.444444,0.642788,0.766044,0.0,3.501333,98.426279,3.0,1,2
0.037494,-0.039987,-0.003246,0.500862,0.439689,0.349181,0.054911,0.015787,0.860615,0.736025,0.565369,0.945089,0.444444,0.642788,0.766044,0.0,4.371333,71.154993,2.0,1,2
0.004373,-0.022904,-0.000449,0.269345,0.239496,0.136686,0.023322,0.01036,0.489527,0.300819,0.206785,0.976678,0.444444,0.642788,0.766044,0.0,5.211333,-1.094011,11.0,1,2
