mean_x,mean_y,mean_z,std_x,std_y,std_z,R,log_rmsW,rX_ratio,rY_ratio,rZ_ratio,psi,elev_normalized,elev_sin,elev_cos,is_synthetic,time_s,azimuth_deg,az_sector,elev_class,psi_cls
0.149535,0.044129,0.010146,0.625308,0.675185,0.358754,0.15624,0.074926,0.819445,0.653802,0.254199,0.84376,0.0,0.0,1.0,0.0,0.371333,19.284985,0.0,1,1
0.062946,-0.043049,0.078692,0.63422,0.65438,0.396919,0.10958,0.064177,0.839809,0.738189,0.331828,0.89042,0.0,0.0,1.0,0.0,1.191333,-1.961941,11.0,2,2
-0.009896,-0.071771,0.072351,0.625732,0.633881,0.44291,0.10239,0.040779,0.693063,0.77713,0.416958,0.89761,0.0,0.0,1.0,0.0,2.051333,-24.771265,11.0,2,2
0.0336,-0.114079,-0.004646,0.619406,0.618912,0.468102,0.119015,0.039957,0.593934,0.815443,0.591813,0.880985,0.0,0.0,1.0,0.0,2.751333,-59.767347,10.0,1,2
-0.175283,-0.135277,-0.017106,0.610695,0.613533,0.448678,0.222074,0.045971,0.648847,0.649733,0.531338,0.777926,0.0,0.0,1.0,0.0,4.491333,-97.29732,8.0,0,0
-0.214,-0.039823,-0.01054,0.598239,0.607815,0.474528,0.217929,0.045386,0.814517,0.655155,0.547848,0.782071,0.0,0.0,1.0,0.0,5.201333,-158.137866,6.0,0,1
-0.151692,-0.016371,-0.017798,0.482713,0.492573,0.393914,0.153608,0.032326,0.948955,0.647593,0.703504,0.846392,0.0,0.0,1.0,0.0,5.951333,-164.095977,6.0,0,2
-0.036816,-0.004389,0.00979,0.270737,0.29624,0.216512,0.038347,0.018135,0.903977,0.576045,0.417736,0.961653,0.0,0.0,1.0,0.0,6.841333,-163.0973,6.0,1,2
