mean_x,mean_y,mean_z,std_x,std_y,std_z,R,log_rmsW,rX_ratio,rY_ratio,rZ_ratio,psi,elev_normalized,elev_sin,elev_cos,is_synthetic,time_s,azimuth_deg,az_sector,elev_class,psi_cls
-0.15999,0.127834,0.066399,0.599253,0.590561,0.495768,0.215284,0.058724,0.683029,0.697944,0.134165,0.784716,0.0,0.0,1.0,1.0,0.331333,157.749869,5.0,0,1
-0.028081,0.145649,0.021941,0.581466,0.61892,0.506301,0.149945,0.05334,0.518415,0.839994,0.125,0.850055,0.0,0.0,1.0,1.0,1.141333,134.036469,4.0,0,2
0.058721,0.178783,0.030467,0.55787,0.62695,0.509278,0.19063,0.049743,0.340344,0.927308,0.119469,0.80937,0.0,0.0,1.0,1.0,1.931333,111.734738,3.0,0,1
0.181003,0.158416,0.050347,0.550745,0.632994,0.485392,0.245749,0.045318,0.424489,0.902046,0.119234,0.754251,0.0,0.0,1.0,1.0,2.731333,90.271337,3.0,0,0
0.249042,0.124193,-0.011592,0.605027,0.571694,0.479091,0.278532,0.057875,0.796953,0.584382,0.107879,0.721468,0.0,0.0,1.0,1.0,3.531333,67.981081,2.0,0,0
0.139519,0.041501,-0.01479,0.536122,0.47688,0.416035,0.14631,0.050574,0.878176,0.430176,0.111291,0.85369,0.0,0.0,1.0,1.0,4.331333,45.86233,1.0,0,2
0.046789,-0.029691,-0.019018,0.374332,0.298004,0.277433,0.058587,0.044946,0.895472,0.38771,0.117043,0.941413,0.0,0.0,1.0,1.0,5.131333,22.51624,0.0,0,2
-0.043452,-0.063923,-0.015386,0.234943,0.238036,0.257416,0.07881,0.011064,0.542846,0.417006,0.429052,0.92119,0.0,0.0,1.0,1.0,5.381333,37.165043,1.0,0,2
