mean_x,mean_y,mean_z,std_x,std_y,std_z,R,log_rmsW,rX_ratio,rY_ratio,rZ_ratio,psi,elev_normalized,elev_sin,elev_cos,is_synthetic,time_s,azimuth_deg,az_sector,elev_class,psi_cls
0.016553,-0.027786,0.049236,0.666499,0.562785,0.485368,0.058909,0.053398,0.862745,0.458831,0.279006,0.941091,0.444444,0.642788,0.766044,0.0,0.411333,-23.028433,11.0,2,2
0.017469,0.001122,0.106576,0.681265,0.593288,0.414995,0.108004,0.069131,0.906498,0.787555,0.379701,0.891996,0.444444,0.642788,0.766044,0.0,1.121333,-19.850607,11.0,2,2
-0.005084,-0.063128,0.087713,0.64744,0.612677,0.440162,0.108187,0.062754,0.836526,0.8243,0.406307,0.891813,0.444444,0.642788,0.766044,0.0,1.951333,-93.66462,8.0,2,2
0.038601,-0.070362,0.086072,0.605856,0.653866,0.437649,0.117683,0.049516,0.898369,0.839554,0.456491,0.882317,0.444444,0.642788,0.766044,0.0,2.751333,-54.818123,10.0,2,2
-0.014903,-0.051339,0.07338,0.662062,0.646957,0.367242,0.090787,0.058382,1.077434,0.634278,0.377376,0.909213,0.444444,0.642788,0.766044,0.0,4.311333,-96.77282,8.0,2,2
-0.060587,-0.017329,0.073662,0.652322,0.641339,0.392099,0.096939,0.055877,1.103088,0.558607,0.458118,0.903061,0.444444,0.642788,0.766044,0.0,5.131333,-130.706257,7.0,2,2
-0.052901,-0.001453,0.049876,0.513133,0.542066,0.326637,0.072721,0.040437,1.299786,0.597111,0.57134,0.927279,0.444444,0.642788,0.766044,0.0,5.921333,-147.454709,7.0,2,2
-0.033938,-0.007877,0.021358,0.30549,0.337071,0.201295,0.040865,0.017456,0.751155,0.671763,0.5568,0.959135,0.444444,0.642788,0.766044,0.0,6.761333,19.921451,0.0,1,2
