mean_x,mean_y,mean_z,std_x,std_y,std_z,R,log_rmsW,rX_ratio,rY_ratio,rZ_ratio,psi,elev_normalized,elev_sin,elev_cos,is_synthetic,time_s,azimuth_deg,az_sector,elev_class,psi_cls
0.043424,0.000695,0.060368,0.663212,0.617685,0.416032,0.074367,0.036883,0.782814,0.666692,0.327288,0.925633,0.0,0.0,1.0,0.0,0.341333,147.537923,4.0,2,2
-0.031104,-0.027057,0.032335,0.651394,0.630399,0.418973,0.052394,0.034661,0.719184,0.659698,0.323322,0.947606,0.0,0.0,1.0,0.0,1.141333,148.164313,4.0,2,2
-0.029741,-0.065468,0.016506,0.641035,0.630297,0.431689,0.073777,0.029786,0.501176,0.644849,0.317426,0.926223,0.0,0.0,1.0,0.0,1.421333,10.727541,0.0,1,2
-0.020416,-0.030907,0.002342,0.632878,0.639705,0.434574,0.037115,0.036068,0.459268,0.721446,0.299277,0.962885,0.0,0.0,1.0,0.0,1.941333,127.468425,4.0,1,2
0.143887,0.023122,0.07631,0.60405,0.631484,0.45747,0.164503,0.029944,0.437924,0.756567,0.396527,0.835497,0.0,0.0,1.0,0.0,2.791333,81.965625,2.0,2,1
0.130062,-0.024311,0.177468,0.629686,0.612586,0.423357,0.221364,0.046049,0.529648,0.424508,0.290374,0.778636,0.0,0.0,1.0,0.0,3.541333,76.866532,2.0,2,1
0.076531,-0.029536,0.095859,0.517369,0.527566,0.382646,0.126168,0.042071,0.527418,0.265851,0.274557,0.873832,0.0,0.0,1.0,0.0,4.341333,42.426957,1.0,2,2
0.050395,-0.049961,0.021716,0.351499,0.346744,0.221453,0.074211,0.034197,0.442388,0.197943,0.210641,0.925789,0.0,0.0,1.0,0.0,5.161333,14.534855,0.0,1,2
