mean_x,mean_y,mean_z,std_x,std_y,std_z,R,log_rmsW,rX_ratio,rY_ratio,rZ_ratio,psi,elev_normalized,elev_sin,elev_cos,is_synthetic,time_s,azimuth_deg,az_sector,elev_class,psi_cls
0.150054,-0.042355,-0.013806,0.660315,0.522009,0.51671,0.156528,0.078089,0.884978,0.467725,0.09955,0.843472,0.0,0.0,1.0,1.0,0.341333,-0.491964,11.0,0,1
0.189008,-0.179605,0.014419,0.600014,0.564434,0.503197,0.261132,0.09897,0.58316,0.814987,0.076761,0.738868,0.0,0.0,1.0,1.0,1.071333,-21.901544,11.0,0,0
0.118061,-0.275048,0.055212,0.565543,0.598993,0.478258,0.304365,0.088437,0.455014,0.892697,0.087546,0.695635,0.0,0.0,1.0,1.0,1.881333,-43.536648,10.0,0,0
0.030751,-0.273148,0.085888,0.550547,0.631727,0.463558,0.28798,0.085694,0.397218,0.920694,0.08728,0.71202,0.0,0.0,1.0,1.0,2.681333,-66.613407,9.0,0,0
-0.062794,-0.223115,0.074311,0.567633,0.633594,0.465947,0.243404,0.069967,0.601335,0.798157,0.092737,0.756596,0.0,0.0,1.0,1.0,3.481333,-91.021967,8.0,0,0
-0.204255,-0.225758,0.071495,0.59419,0.56928,0.474406,0.312727,0.092849,0.799716,0.603611,0.078627,0.687273,0.0,0.0,1.0,1.0,4.281333,-113.949894,8.0,0,0
-0.240334,-0.15162,0.106081,0.635796,0.51717,0.486103,0.303319,0.094675,0.902173,0.434964,0.097483,0.696681,0.0,0.0,1.0,1.0,5.081333,-135.742805,7.0,0,0
-0.158819,-0.076698,0.103144,0.549101,0.418558,0.407291,0.204315,0.078778,0.953283,0.310638,0.11214,0.795685,0.0,0.0,1.0,1.0,5.881333,-156.833459,6.0,0,1
-0.053284,-0.028308,0.049474,0.3735,0.228167,0.294417,0.078027,0.046392,0.990444,0.098054,0.156107,0.921973,0.0,0.0,1.0,1.0,6.681333,-178.727155,6.0,0,2
