mean_x,mean_y,mean_z,std_x,std_y,std_z,R,log_rmsW,rX_ratio,rY_ratio,rZ_ratio,psi,elev_normalized,elev_sin,elev_cos,is_synthetic,time_s,azimuth_deg,az_sector,elev_class,psi_cls
0.095023,-0.065613,0.055294,0.614892,0.674507,0.388014,0.12803,0.055725,0.671341,0.543581,0.20754,0.87197,0.0,0.0,1.0,0.0,0.361333,-6.290537,11.0,2,2
0.076576,-0.059301,0.007787,0.623963,0.6667,0.395903,0.097166,0.062102,0.647285,0.703709,0.436005,0.902834,0.0,0.0,1.0,0.0,1.091333,-4.969479,11.0,1,2
0.036362,-0.156349,0.003961,0.636225,0.621705,0.427688,0.16057,0.057869,0.625732,0.703496,0.461852,0.83943,0.0,0.0,1.0,0.0,1.871333,-45.110464,10.0,1,1
0.006537,-0.115186,-0.031013,0.636407,0.607435,0.460148,0.119467,0.03864,0.737449,0.726464,0.635933,0.880533,0.0,0.0,1.0,0.0,2.721333,-81.004118,9.0,0,2
-0.024076,-0.121644,-0.084691,0.614689,0.634753,0.443504,0.150165,0.042913,0.611355,0.636911,0.464483,0.849835,0.0,0.0,1.0,0.0,4.291333,-76.331923,9.0,0,2
-0.068341,-0.088429,-0.06645,0.641133,0.617864,0.436217,0.130022,0.04707,0.684428,0.514404,0.415626,0.869978,0.0,0.0,1.0,0.0,5.101333,-124.441092,7.0,0,2
-0.115914,-0.021252,-0.041862,0.534545,0.497224,0.381811,0.12506,0.038634,0.729107,0.459048,0.475505,0.87494,0.0,0.0,1.0,0.0,5.871333,-156.369007,6.0,0,2
-0.048128,-0.004527,-0.009058,0.368738,0.311453,0.221356,0.049182,0.03048,0.715709,0.373611,0.244465,0.950818,0.0,0.0,1.0,0.0,6.691333,166.437916,5.0,0,2
