mean_x,mean_y,mean_z,std_x,std_y,std_z,R,log_rmsW,rX_ratio,rY_ratio,rZ_ratio,psi,elev_normalized,elev_sin,elev_cos,is_synthetic,time_s,azimuth_deg,az_sector,elev_class,psi_cls
0.057669,-0.007453,0.099256,0.700814,0.585823,0.390407,0.115035,0.064564,0.913842,0.417533,0.297414,0.884965,0.444444,0.642788,0.766044,0.0,0.301333,4.291531,0.0,2,2
0.135046,0.017277,0.124531,0.673329,0.569681,0.433644,0.18451,0.059754,0.924615,0.467924,0.50167,0.81549,0.444444,0.642788,0.766044,0.0,1.031333,-14.664871,11.0,2,1
0.198479,-0.077725,0.071235,0.65212,0.576345,0.438242,0.224743,0.052587,0.891681,0.442136,0.535891,0.775257,0.444444,0.642788,0.766044,0.0,1.891333,-48.158115,10.0,2,0
0.15317,-0.145115,0.084305,0.651318,0.571715,0.444183,0.227215,0.060774,0.774462,0.55838,0.409819,0.772785,0.444444,0.642788,0.766044,0.0,2.641333,-40.270915,10.0,2,0
-0.045511,-0.12243,0.052597,0.647669,0.641777,0.385772,0.140807,0.070637,1.009141,0.759297,0.324016,0.859193,0.444444,0.642788,0.766044,0.0,4.251333,-107.284043,8.0,2,2
-0.103423,-0.092923,0.018863,0.63363,0.650292,0.394888,0.14031,0.066639,0.956719,0.567016,0.334747,0.85969,0.444444,0.642788,0.766044,0.0,5.141333,-111.634119,8.0,1,2
-0.087932,-0.060396,0.007732,0.551646,0.515846,0.351225,0.106956,0.058959,0.996906,0.542142,0.354254,0.893044,0.444444,0.642788,0.766044,0.0,5.851333,-154.849699,6.0,1,2
-0.051489,-0.000923,0.001909,0.384319,0.306965,0.265752,0.051532,0.036299,0.72552,0.246206,0.310406,0.948468,0.444444,0.642788,0.766044,0.0,6.631333,-167.405292,6.0,1,2
