mean_x,mean_y,mean_z,std_x,std_y,std_z,R,log_rmsW,rX_ratio,rY_ratio,rZ_ratio,psi,elev_normalized,elev_sin,elev_cos,is_synthetic,time_s,azimuth_deg,az_sector,elev_class,psi_cls
-0.028921,0.091987,0.179991,0.567815,0.534965,0.591356,0.204193,0.020178,0.639004,0.517237,0.619412,0.795807,0.833333,0.965926,0.258819,0.0,0.271333,-33.894289,10.0,2,1
-0.039649,0.093618,0.129307,0.563409,0.534935,0.607739,0.164489,0.022417,0.648975,0.716504,0.590776,0.835511,0.833333,0.965926,0.258819,0.0,1.061333,153.564662,5.0,2,1
-0.00445,0.003888,0.058485,0.586708,0.583784,0.558115,0.058783,0.026946,0.519983,0.738567,0.519653,0.941217,0.833333,0.965926,0.258819,0.0,1.771333,120.452431,4.0,2,2
0.026282,0.002626,0.037814,0.580783,0.600258,0.547934,0.046125,0.033789,0.530348,0.633619,0.43315,0.953875,0.833333,0.965926,0.258819,0.0,2.571333,98.173179,3.0,2,2
-0.084779,0.025261,0.076558,0.606623,0.567235,0.544579,0.11699,0.041531,0.668692,0.513814,0.398183,0.88301,0.833333,0.965926,0.258819,0.0,3.371333,77.273665,2.0,2,2
-0.165067,0.060861,0.073197,0.557404,0.46132,0.44669,0.190549,0.033833,0.760285,0.451729,0.351094,0.809451,0.833333,0.965926,0.258819,0.0,4.241333,85.571429,2.0,2,1
-0.063074,0.044874,0.042524,0.413163,0.327953,0.321399,0.088319,0.022373,0.957253,0.525841,0.397118,0.911681,0.833333,0.965926,0.258819,0.0,4.981333,27.382755,0.0,2,2
