mean_x,mean_y,mean_z,std_x,std_y,std_z,R,log_rmsW,rX_ratio,rY_ratio,rZ_ratio,psi,elev_normalized,elev_sin,elev_cos,is_synthetic,time_s,azimuth_deg,az_sector,elev_class,psi_cls
0.310217,-0.021918,0.004809,0.621414,0.519421,0.497301,0.311027,0.105121,0.902362,0.444843,0.085049,0.688973,0.0,0.0,1.0,1.0,0.351333,-0.820544,11.0,0,0
0.227401,-0.09993,-0.046282,0.596642,0.57991,0.493844,0.252664,0.1201,0.674823,0.740876,0.073796,0.747336,0.0,0.0,1.0,1.0,1.161333,-21.891531,11.0,0,0
0.143261,-0.199411,0.002679,0.55948,0.615435,0.497922,0.245552,0.099936,0.493535,0.867751,0.080007,0.754448,0.0,0.0,1.0,1.0,1.961333,-43.429117,10.0,0,0
0.050744,-0.247889,0.044067,0.530273,0.630322,0.505508,0.256839,0.096993,0.397165,0.914454,0.08003,0.743161,0.0,0.0,1.0,1.0,2.751333,-66.622222,9.0,0,0
0.004287,-0.192364,0.052265,0.56946,0.62011,0.501423,0.199384,0.070575,0.550691,0.832239,0.097605,0.800616,0.0,0.0,1.0,1.0,3.561333,-90.811852,8.0,0,1
-0.071201,-0.162758,0.039119,0.63045,0.580207,0.482496,0.181907,0.079475,0.7242,0.690543,0.088772,0.818093,0.0,0.0,1.0,1.0,4.361333,-113.895388,8.0,0,1
-0.181184,-0.099491,0.042899,0.649574,0.54807,0.48281,0.211107,0.069063,0.868307,0.502907,0.088015,0.788893,0.0,0.0,1.0,1.0,5.151333,-135.581744,7.0,0,1
-0.190123,-0.086244,0.057871,0.573117,0.468904,0.423161,0.216642,0.052726,0.941167,0.348616,0.098632,0.783358,0.0,0.0,1.0,1.0,5.951333,-156.654107,6.0,0,1
-0.102839,-0.039707,0.049697,0.397642,0.317358,0.284385,0.120923,0.022748,0.999844,0.149362,0.138858,0.879077,0.0,0.0,1.0,1.0,6.791333,-178.798225,6.0,0,2
