mean_x,mean_y,mean_z,std_x,std_y,std_z,R,log_rmsW,rX_ratio,rY_ratio,rZ_ratio,psi,elev_normalized,elev_sin,elev_cos,is_synthetic,time_s,azimuth_deg,az_sector,elev_class,psi_cls
0.087269,0.030436,0.028541,0.684696,0.600255,0.401907,0.096731,0.080997,1.062626,0.510466,0.363804,0.903269,0.444444,0.642788,0.766044,0.0,0.311333,3.824141,0.0,2,2
0.036835,0.028825,0.068607,0.662063,0.586265,0.459413,0.083034,0.06175,1.011694,0.685359,0.473975,0.916966,0.444444,0.642788,0.766044,0.0,1.121333,-16.019073,11.0,2,2
0.004097,-0.03745,0.062572,0.637449,0.578672,0.50344,0.073038,0.050689,0.958111,0.758755,0.471781,0.926962,0.444444,0.642788,0.766044,0.0,1.931333,-36.723693,10.0,2,2
-0.02008,-0.079004,0.028549,0.607571,0.595361,0.518586,0.086371,0.029375,0.664712,0.807184,0.551787,0.913629,0.444444,0.642788,0.766044,0.0,2.771333,-30.14625,10.0,2,2
-0.032821,-0.058081,0.101465,0.636243,0.630989,0.426967,0.121432,0.059873,0.793415,0.644497,0.402256,0.878568,0.444444,0.642788,0.766044,0.0,4.301333,-96.55785,8.0,2,2
-0.076004,-0.030496,0.1113,0.649818,0.617944,0.420461,0.138182,0.058497,0.793915,0.563534,0.407225,0.861818,0.444444,0.642788,0.766044,0.0,5.121333,-119.877385,8.0,2,2
-0.077351,-0.017477,0.114799,0.58669,0.5949,0.449444,0.139526,0.038713,0.803761,0.52875,0.426239,0.860474,0.444444,0.642788,0.766044,0.0,5.921333,-149.793364,7.0,2,2
-0.012341,0.003855,0.087079,0.40108,0.470092,0.367392,0.088034,0.014676,0.791103,0.611946,0.72826,0.911966,0.444444,0.642788,0.766044,0.0,6.711333,-166.087907,6.0,2,2
