mean_x,mean_y,mean_z,std_x,std_y,std_z,R,log_rmsW,rX_ratio,rY_ratio,rZ_ratio,psi,elev_normalized,elev_sin,elev_cos,is_synthetic,time_s,azimuth_deg,az_sector,elev_class,psi_cls
0.070361,0.029331,-0.010544,0.626373,0.660293,0.407121,0.076956,0.060058,0.885272,0.648893,0.331864,0.923044,0.0,0.0,1.0,0.0,0.391333,102.581641,3.0,0,2
0.075593,0.007807,0.004039,0.618556,0.674974,0.394977,0.076103,0.071414,0.827007,0.853806,0.464224,0.923897,0.0,0.0,1.0,0.0,1.171333,-9.409818,11.0,1,2
0.047926,-0.066912,8.7e-05,0.61264,0.676425,0.400408,0.082305,0.056641,0.785706,0.968914,0.546425,0.917695,0.0,0.0,1.0,0.0,1.971333,-37.788863,10.0,1,2
0.034048,-0.170713,0.059615,0.603729,0.640929,0.436856,0.184001,0.059329,0.643659,0.913007,0.560258,0.815999,0.0,0.0,1.0,0.0,2.751333,-62.887376,9.0,2,1
0.052939,-0.185997,0.096074,0.621047,0.620315,0.427647,0.215934,0.048024,0.476712,0.771071,0.402353,0.784066,0.0,0.0,1.0,0.0,3.561333,-85.735122,9.0,2,1
0.081143,-0.153363,0.038787,0.617198,0.599542,0.4775,0.177789,0.054627,0.546527,0.606585,0.359252,0.822211,0.0,0.0,1.0,0.0,4.401333,-109.315057,8.0,2,1
-0.06396,-0.11543,-0.105805,0.609057,0.593688,0.497968,0.169144,0.044664,0.615158,0.564255,0.392155,0.830856,0.0,0.0,1.0,0.0,5.171333,-86.46572,9.0,0,1
-0.144284,-0.064194,-0.038957,0.538582,0.50484,0.444224,0.162654,0.031939,0.608692,0.51036,0.46819,0.837346,0.0,0.0,1.0,0.0,5.971333,-144.766487,7.0,0,1
