mean_x,mean_y,mean_z,std_x,std_y,std_z,R,log_rmsW,rX_ratio,rY_ratio,rZ_ratio,psi,elev_normalized,elev_sin,elev_cos,is_synthetic,time_s,azimuth_deg,az_sector,elev_class,psi_cls
0.027077,-0.080713,0.12852,0.616939,0.637389,0.43514,0.154159,0.041912,0.654013,0.906479,0.393573,0.845841,0.0,0.0,1.0,0.0,0.411333,165.439122,5.0,2,1
0.111167,0.004443,0.123059,0.619771,0.644156,0.416443,0.165896,0.04366,0.532019,0.912758,0.339332,0.834104,0.0,0.0,1.0,0.0,1.221333,132.55453,4.0,2,1
0.10563,-0.032679,0.111302,0.640592,0.631394,0.407884,0.156888,0.033874,0.439767,0.809934,0.266161,0.843112,0.0,0.0,1.0,0.0,2.031333,119.20078,3.0,2,1
0.065744,-0.09545,0.074152,0.659288,0.610381,0.416945,0.137592,0.026382,0.346392,0.741908,0.287448,0.862408,0.0,0.0,1.0,0.0,2.361333,-117.712398,8.0,2,2
0.094149,-0.024752,0.021482,0.640007,0.628844,0.430126,0.09969,0.029033,0.431662,0.771836,0.32485,0.90031,0.0,0.0,1.0,0.0,2.821333,104.719148,3.0,1,2
0.100215,-0.010901,-0.0265,0.633363,0.618329,0.453493,0.104231,0.028781,0.563568,0.634793,0.327984,0.895769,0.0,0.0,1.0,0.0,3.611333,70.359701,2.0,0,2
0.091964,0.014667,0.004767,0.50142,0.525108,0.365255,0.093248,0.024838,0.599961,0.620243,0.316737,0.906752,0.0,0.0,1.0,0.0,4.421333,58.927977,1.0,1,2
-0.002227,-0.006316,0.018459,0.329421,0.336174,0.217603,0.019636,0.014905,0.532468,0.408647,0.274562,0.980364,0.0,0.0,1.0,0.0,5.221333,18.958303,0.0,1,2
