mean_x,mean_y,mean_z,std_x,std_y,std_z,R,log_rmsW,rX_ratio,rY_ratio,rZ_ratio,psi,elev_normalized,elev_sin,elev_cos,is_synthetic,time_s,azimuth_deg,az_sector,elev_class,psi_cls
-0.148197,-0.067201,0.045437,0.608796,0.589076,0.503788,0.168946,0.032791,0.677258,0.567179,0.329428,0.831054,0.833333,0.965926,0.258819,0.0,0.631333,-123.803483,7.0,2,1
-0.115466,-0.078524,0.00497,0.615596,0.604165,0.486291,0.139725,0.026384,0.69964,0.654097,0.334689,0.860275,0.833333,0.965926,0.258819,0.0,1.401333,146.608017,4.0,1,2
0.009295,-0.012559,0.012069,0.611315,0.600567,0.51495,0.019743,0.024867,0.514782,0.828031,0.405079,0.980257,0.833333,0.965926,0.258819,0.0,2.191333,133.381298,4.0,1,2
0.04052,0.040985,0.015253,0.633835,0.60327,0.458307,0.059618,0.036375,0.485154,0.943675,0.60004,0.940382,0.833333,0.965926,0.258819,0.0,3.801333,96.762978,3.0,1,2
0.016441,0.066696,0.011793,0.480253,0.475251,0.350595,0.069698,0.029163,0.537276,1.01455,0.701803,0.930302,0.833333,0.965926,0.258819,0.0,4.591333,58.18428,1.0,1,2
-0.038852,-0.0017,-0.009847,0.224525,0.271692,0.208432,0.040116,0.015984,0.413136,0.89272,0.797712,0.959884,0.833333,0.965926,0.258819,0.0,5.421333,116.5615,3.0,0,2
