mean_x,mean_y,mean_z,std_x,std_y,std_z,R,log_rmsW,rX_ratio,rY_ratio,rZ_ratio,psi,elev_normalized,elev_sin,elev_cos,is_synthetic,time_s,azimuth_deg,az_sector,elev_class,psi_cls
0.066377,0.053345,0.120524,0.692657,0.560396,0.429423,0.147572,0.082788,0.955382,0.452423,0.264051,0.852428,0.444444,0.642788,0.766044,0.0,0.411333,-8.454337,11.0,2,2
0.04899,-0.03619,0.088249,0.645424,0.60762,0.450253,0.107227,0.070637,0.89978,0.567551,0.343531,0.892773,0.444444,0.642788,0.766044,0.0,1.211333,-18.20543,11.0,2,2
0.017376,-0.117572,0.105216,0.594018,0.613811,0.495159,0.158731,0.043636,0.502309,0.592126,0.40592,0.841269,0.444444,0.642788,0.766044,0.0,2.091333,-39.589398,10.0,2,1
-0.018161,-0.159831,0.128328,0.573596,0.634713,0.475165,0.205776,0.065468,0.447788,0.700936,0.370887,0.794224,0.444444,0.642788,0.766044,0.0,2.791333,-61.386237,9.0,2,1
-0.077423,-0.159686,0.104166,0.629131,0.598389,0.451419,0.205778,0.078646,0.861576,0.736626,0.548025,0.794222,0.444444,0.642788,0.766044,0.0,4.451333,-117.762731,8.0,2,1
-0.041105,-0.099349,0.100267,0.633873,0.617973,0.44125,0.147015,0.071385,0.965484,0.659416,0.501657,0.852985,0.444444,0.642788,0.766044,0.0,5.241333,-106.898494,8.0,2,2
-0.025761,-0.017769,0.048234,0.509098,0.505912,0.326124,0.057497,0.051812,1.249729,0.476779,0.491636,0.942503,0.444444,0.642788,0.766044,0.0,6.011333,-152.299106,6.0,2,2
-0.013741,-0.013196,0.024694,0.282689,0.264314,0.221455,0.031189,0.028963,0.72262,0.38328,0.416654,0.968811,0.444444,0.642788,0.766044,0.0,6.861333,-139.501251,7.0,2,2
