mean_x,mean_y,mean_z,std_x,std_y,std_z,R,log_rmsW,rX_ratio,rY_ratio,rZ_ratio,psi,elev_normalized,elev_sin,elev_cos,is_synthetic,time_s,azimuth_deg,az_sector,elev_class,psi_cls
-0.101571,0.171939,0.01019,0.628315,0.556367,0.505649,0.199959,0.03589,0.562217,0.821733,0.126939,0.800041,0.0,0.0,1.0,1.0,0.261333,157.730291,5.0,1,1
0.009119,0.147849,0.046137,0.583734,0.637689,0.478054,0.155149,0.040474,0.384331,0.922019,0.123162,0.844851,0.0,0.0,1.0,1.0,1.061333,134.025012,4.0,2,1
0.080636,0.157101,0.075483,0.548273,0.660477,0.475684,0.192043,0.054189,0.348649,0.928453,0.118457,0.807957,0.0,0.0,1.0,1.0,1.761333,111.827021,3.0,2,1
0.137294,0.141206,0.03393,0.583425,0.636228,0.46355,0.199849,0.059457,0.522441,0.839006,0.116607,0.800151,0.0,0.0,1.0,1.0,2.581333,90.595067,3.0,2,1
0.100372,0.026494,0.019924,0.635577,0.576978,0.501961,0.105705,0.062293,0.742392,0.650768,0.123653,0.894295,0.0,0.0,1.0,1.0,3.421333,67.977581,2.0,1,2
-0.001313,-0.052046,0.025688,0.562242,0.462512,0.485725,0.058055,0.050075,0.838741,0.521263,0.123197,0.941945,0.0,0.0,1.0,1.0,4.211333,44.559654,1.0,2,2
0.016621,-0.018586,0.022296,0.410308,0.322456,0.340415,0.033448,0.034843,0.911298,0.398078,0.126386,0.966552,0.0,0.0,1.0,1.0,4.971333,22.463631,0.0,2,2
