mean_x,mean_y,mean_z,std_x,std_y,std_z,R,log_rmsW,rX_ratio,rY_ratio,rZ_ratio,psi,elev_normalized,elev_sin,elev_cos,is_synthetic,time_s,azimuth_deg,az_sector,elev_class,psi_cls
-0.123097,0.183351,0.061396,0.60075,0.585579,0.493616,0.229216,0.047852,0.674635,0.692905,0.135258,0.770784,0.0,0.0,1.0,1.0,0.581333,157.749992,5.0,0,0
-0.086105,0.227242,0.060789,0.540938,0.624529,0.504578,0.250496,0.040821,0.59423,0.758316,0.141896,0.749504,0.0,0.0,1.0,1.0,1.381333,134.123589,4.0,0,0
-0.02604,0.206367,0.023109,0.548379,0.622334,0.51785,0.209283,0.021931,0.398826,0.892947,0.154193,0.790717,0.0,0.0,1.0,1.0,1.731333,-154.016439,6.0,0,1
0.05256,0.209688,0.036585,0.527398,0.639475,0.514622,0.219249,0.042621,0.388053,0.93207,0.11629,0.780751,0.0,0.0,1.0,1.0,2.181333,111.586153,3.0,0,1
0.170777,0.058309,0.142508,0.580973,0.616509,0.456987,0.229941,0.073834,0.753541,0.654892,0.126759,0.770059,0.0,0.0,1.0,1.0,3.791333,67.986474,2.0,0,0
0.127647,0.027118,0.095945,0.463244,0.449237,0.362892,0.16197,0.062464,0.83722,0.530808,0.130595,0.83803,0.0,0.0,1.0,1.0,4.601333,45.045709,1.0,0,1
0.049691,-0.019474,0.087832,0.405636,0.393088,0.338689,0.102776,0.051024,0.890405,0.396173,0.151425,0.897224,0.0,0.0,1.0,1.0,4.861333,-12.991837,11.0,0,2
0.042747,-0.002936,0.049519,0.288953,0.212315,0.215577,0.065483,0.045283,0.895232,0.385117,0.148084,0.934517,0.0,0.0,1.0,1.0,5.391333,22.470576,0.0,0,2
-0.00615,-0.002031,-2.8e-05,0.072576,0.044218,0.045485,0.006476,0.003774,0.238674,0.129154,0.117404,0.993524,0.0,0.0,1.0,1.0,5.731333,-140.29109,7.0,0,2
