mean_x,mean_y,mean_z,std_x,std_y,std_z,R,log_rmsW,rX_ratio,rY_ratio,rZ_ratio,psi,elev_normalized,elev_sin,elev_cos,is_synthetic,time_s,azimuth_deg,az_sector,elev_class,psi_cls
0.184729,-0.160526,-0.001516,0.651265,0.49592,0.519635,0.244736,0.109309,0.914964,0.377083,0.078692,0.755264,0.0,0.0,1.0,1.0,0.191333,-0.823261,11.0,0,0
0.20961,-0.136251,0.011264,0.594335,0.572861,0.505933,0.250255,0.113231,0.567552,0.823232,0.085341,0.749745,0.0,0.0,1.0,1.0,0.981333,-21.786839,11.0,0,0
0.077097,-0.151693,0.080177,0.57016,0.609929,0.517225,0.188104,0.10095,0.449104,0.892301,0.105832,0.811896,0.0,0.0,1.0,1.0,1.861333,-43.894741,10.0,0,1
-0.008191,-0.165023,0.078817,0.550719,0.633854,0.511288,0.183062,0.099093,0.403601,0.916775,0.10554,0.816938,0.0,0.0,1.0,1.0,2.591333,-67.067786,9.0,0,1
-0.09993,-0.224712,0.07768,0.555341,0.609722,0.503298,0.257907,0.088213,0.619039,0.777278,0.092342,0.742093,0.0,0.0,1.0,1.0,3.391333,-89.638419,9.0,0,0
-0.17411,-0.198273,0.074448,0.592691,0.579232,0.487892,0.274169,0.112884,0.780298,0.620296,0.082201,0.725831,0.0,0.0,1.0,1.0,4.191333,-113.856387,8.0,0,0
-0.221051,-0.115198,0.094262,0.63295,0.55029,0.474905,0.266494,0.106892,0.859892,0.500287,0.088381,0.733506,0.0,0.0,1.0,1.0,4.991333,-135.682456,7.0,0,0
-0.151904,-0.039479,0.055125,0.557299,0.456593,0.427307,0.16635,0.082794,0.929686,0.354563,0.095435,0.83365,0.0,0.0,1.0,1.0,5.791333,-156.779242,6.0,0,1
-0.057837,-0.000932,0.00688,0.388748,0.294667,0.296607,0.058253,0.036624,0.973524,0.141432,0.132562,0.941747,0.0,0.0,1.0,1.0,6.591333,-178.788295,6.0,0,2
