mean_x,mean_y,mean_z,std_x,std_y,std_z,R,log_rmsW,rX_ratio,rY_ratio,rZ_ratio,psi,elev_normalized,elev_sin,elev_cos,is_synthetic,time_s,azimuth_deg,az_sector,elev_class,psi_cls
-0.069331,-0.096861,-0.030441,0.695645,0.611393,0.356582,0.122945,0.047092,0.823323,0.530805,0.235929,0.877055,0.444444,0.642788,0.766044,0.0,0.371333,171.381176,5.0,0,2
-0.045078,-0.003524,-0.024879,0.661231,0.614021,0.427875,0.051608,0.03965,0.580068,0.686137,0.34278,0.948392,0.444444,0.642788,0.766044,0.0,1.211333,-162.134395,6.0,0,2
-0.083046,0.02089,-0.013615,0.633589,0.617063,0.458562,0.086709,0.035804,0.471964,0.586669,0.373255,0.913291,0.444444,0.642788,0.766044,0.0,1.991333,135.435143,4.0,0,2
-0.037653,-0.028032,0.059834,0.66816,0.590766,0.445839,0.07605,0.023454,0.681903,0.768186,0.511021,0.92395,0.444444,0.642788,0.766044,0.0,2.801333,119.109078,3.0,2,2
-0.013658,-0.063888,0.044527,0.693906,0.570808,0.431764,0.079063,0.045224,0.633251,0.431739,0.285494,0.920937,0.444444,0.642788,0.766044,0.0,3.561333,68.178536,2.0,2,2
-0.014212,-0.01013,0.012762,0.370247,0.312351,0.138071,0.02162,0.031126,0.531268,0.311469,0.192609,0.97838,0.444444,0.642788,0.766044,0.0,5.251333,-2.033178,11.0,1,2
