mean_x,mean_y,mean_z,std_x,std_y,std_z,R,log_rmsW,rX_ratio,rY_ratio,rZ_ratio,psi,elev_normalized,elev_sin,elev_cos,is_synthetic,time_s,azimuth_deg,az_sector,elev_class,psi_cls
-0.070023,-0.010471,0.087845,0.671187,0.543558,0.491246,0.112826,0.080504,0.711355,0.448311,0.406923,0.887174,0.833333,0.965926,0.258819,0.0,0.201333,14.270432,0.0,2,2
0.02723,-0.047976,0.101741,0.710665,0.565208,0.402616,0.115734,0.072905,0.766937,0.479403,0.20163,0.884266,0.833333,0.965926,0.258819,0.0,1.031333,2.799863,0.0,2,2
0.021529,-0.05502,0.104956,0.731713,0.556306,0.374984,0.120443,0.061964,0.783644,0.485596,0.181117,0.879557,0.833333,0.965926,0.258819,0.0,1.871333,-39.645979,10.0,2,2
-0.002047,-0.03588,0.074107,0.722982,0.552138,0.40701,0.082361,0.058983,0.721982,0.47987,0.279467,0.917639,0.833333,0.965926,0.258819,0.0,2.611333,-21.070735,11.0,2,2
-0.171672,-0.021952,0.028068,0.677404,0.549896,0.456044,0.175331,0.08283,0.627983,0.368044,0.293207,0.824669,0.833333,0.965926,0.258819,0.0,4.221333,-77.730084,9.0,2,1
-0.124014,0.02867,0.053,0.674706,0.560988,0.459383,0.137879,0.080002,0.615395,0.314809,0.301626,0.862121,0.833333,0.965926,0.258819,0.0,5.011333,-137.553149,7.0,2,2
-0.025772,-0.003072,0.033717,0.551738,0.454863,0.43158,0.042549,0.052845,0.566571,0.285765,0.330568,0.957451,0.833333,0.965926,0.258819,0.0,5.861333,-170.221309,6.0,2,2
0.018939,-0.006989,0.033992,0.321784,0.276433,0.304737,0.039534,0.015943,0.39497,0.278688,0.248894,0.960466,0.833333,0.965926,0.258819,0.0,6.711333,-47.098331,10.0,2,2
