mean_x,mean_y,mean_z,std_x,std_y,std_z,R,log_rmsW,rX_ratio,rY_ratio,rZ_ratio,psi,elev_normalized,elev_sin,elev_cos,is_synthetic,time_s,azimuth_deg,az_sector,elev_class,psi_cls
-0.028104,0.025013,0.103863,0.674864,0.547053,0.482782,0.110467,0.072057,0.497044,0.330752,0.402828,0.889533,0.833333,0.965926,0.258819,0.0,0.241333,30.817861,1.0,2,2
-0.013668,-0.032428,0.120554,0.663621,0.552395,0.488542,0.125585,0.068724,0.644676,0.400688,0.35797,0.874415,0.833333,0.965926,0.258819,0.0,1.041333,-12.696663,11.0,2,2
0.035445,-0.038542,0.167024,0.679222,0.545834,0.458337,0.175039,0.063496,0.64083,0.394036,0.294817,0.824961,0.833333,0.965926,0.258819,0.0,1.811333,-121.336521,7.0,2,1
-0.003932,0.009196,0.145414,0.701344,0.527063,0.457236,0.145758,0.045472,0.847521,0.641092,0.584015,0.854242,0.833333,0.965926,0.258819,0.0,2.651333,-47.311498,10.0,2,2
0.023763,-0.05624,0.092051,0.646093,0.536334,0.531683,0.110458,0.058181,0.683117,0.545977,0.482967,0.889542,0.833333,0.965926,0.258819,0.0,4.291333,-95.615775,8.0,2,2
-0.08747,-0.005811,0.087062,0.708135,0.518546,0.445469,0.123549,0.059382,0.688794,0.477625,0.362088,0.876451,0.833333,0.965926,0.258819,0.0,5.041333,-68.163934,9.0,2,2
-0.138988,0.012756,0.040614,0.588328,0.375504,0.301312,0.145361,0.047846,0.728064,0.366968,0.297447,0.854639,0.833333,0.965926,0.258819,0.0,5.811333,-129.447349,7.0,2,2
-0.069022,0.007036,0.002396,0.354184,0.212007,0.117644,0.069421,0.021339,0.725617,0.364147,0.177301,0.930579,0.833333,0.965926,0.258819,0.0,6.631333,161.907577,5.0,1,2
