mean_x,mean_y,mean_z,std_x,std_y,std_z,R,log_rmsW,rX_ratio,rY_ratio,rZ_ratio,psi,elev_normalized,elev_sin,elev_cos,is_synthetic,time_s,azimuth_deg,az_sector,elev_class,psi_cls
0.024441,0.010863,0.064246,0.637394,0.638328,0.425937,0.069591,0.0334,0.624104,0.799906,0.359611,0.930409,0.0,0.0,1.0,0.0,0.251333,149.17763,4.0,2,2
0.011936,0.07566,0.021057,0.627917,0.635012,0.44291,0.079438,0.032547,0.520055,0.804497,0.36432,0.920562,0.0,0.0,1.0,0.0,1.041333,142.685108,4.0,1,2
0.103754,0.075183,-0.042182,0.605359,0.621781,0.478248,0.134895,0.031278,0.376792,0.838972,0.395082,0.865105,0.0,0.0,1.0,0.0,1.911333,114.820257,3.0,0,2
0.066664,0.028706,-0.052327,0.576316,0.626163,0.517458,0.089477,0.026005,0.61679,0.904459,0.950293,0.910523,0.0,0.0,1.0,0.0,2.701333,86.754799,2.0,0,2
0.084916,-0.023376,0.001368,0.594871,0.598344,0.519068,0.088085,0.021979,0.71601,0.763846,1.068582,0.911915,0.0,0.0,1.0,0.0,3.531333,68.615548,2.0,1,2
0.052591,-0.023812,0.023187,0.464452,0.445632,0.407313,0.062213,0.015516,0.619689,0.472636,0.54804,0.937787,0.0,0.0,1.0,0.0,4.341333,32.591207,1.0,2,2
0.001494,-0.035613,0.016796,0.279328,0.25967,0.192569,0.039404,0.010316,0.45381,0.21031,0.219395,0.960596,0.0,0.0,1.0,0.0,5.141333,13.787605,0.0,1,2
