mean_x,mean_y,mean_z,std_x,std_y,std_z,R,log_rmsW,rX_ratio,rY_ratio,rZ_ratio,psi,elev_normalized,elev_sin,elev_cos,is_synthetic,time_s,azimuth_deg,az_sector,elev_class,psi_cls
0.222099,-0.120918,0.101841,0.635711,0.539257,0.480367,0.272618,0.114404,0.904358,0.435989,0.088292,0.727382,0.0,0.0,1.0,1.0,0.301333,-0.776944,11.0,2,0
0.137718,-0.098968,0.036705,0.619334,0.568121,0.513376,0.173517,0.109422,0.707481,0.704424,0.089298,0.826483,0.0,0.0,1.0,1.0,1.081333,-21.911735,11.0,2,1
0.06881,-0.113789,-0.028243,0.593575,0.595141,0.52439,0.135943,0.082915,0.513089,0.861517,0.105227,0.864057,0.0,0.0,1.0,1.0,1.931333,-43.412416,10.0,0,2
0.007326,-0.185644,0.011527,0.573699,0.617412,0.504985,0.186146,0.076795,0.404787,0.914024,0.103106,0.813854,0.0,0.0,1.0,1.0,2.671333,-66.626023,9.0,1,1
-0.044769,-0.221553,0.048488,0.580865,0.611922,0.484465,0.231173,0.089609,0.651859,0.761514,0.082994,0.768827,0.0,0.0,1.0,1.0,3.481333,-89.379692,9.0,2,0
-0.090664,-0.186941,0.060241,0.632348,0.580917,0.464624,0.216324,0.100267,0.740899,0.671038,0.080249,0.783676,0.0,0.0,1.0,1.0,4.271333,-113.888123,8.0,2,1
-0.13592,-0.11167,0.069554,0.666886,0.517019,0.502167,0.189162,0.093039,0.829878,0.559591,0.094676,0.810838,0.0,0.0,1.0,1.0,5.081333,-135.697826,7.0,2,1
-0.155457,0.001162,0.094784,0.620341,0.509061,0.507161,0.182077,0.057154,0.945057,0.316141,0.121494,0.817923,0.0,0.0,1.0,1.0,5.881333,-156.797736,6.0,2,1
-0.091577,0.034478,0.074225,0.488486,0.363065,0.385762,0.122819,0.033548,0.992383,0.110174,0.164636,0.877181,0.0,0.0,1.0,1.0,6.681333,-178.774744,6.0,2,2
