mean_x,mean_y,mean_z,std_x,std_y,std_z,R,log_rmsW,rX_ratio,rY_ratio,rZ_ratio,psi,elev_normalized,elev_sin,elev_cos,is_synthetic,time_s,azimuth_deg,az_sector,elev_class,psi_cls
-0.017893,-0.020886,-0.005269,0.678971,0.600464,0.421493,0.028003,0.061993,0.962238,0.583803,0.334256,0.971997,0.0,0.0,1.0,0.0,0.321333,18.993481,0.0,1,2
0.025376,0.00154,0.021724,0.663483,0.637445,0.390301,0.03344,0.063828,1.051035,0.857367,0.352063,0.96656,0.0,0.0,1.0,0.0,1.071333,-14.421013,11.0,1,2
0.070155,-0.115505,0.047611,0.62816,0.656132,0.392894,0.143282,0.057668,0.896528,0.900245,0.335039,0.856718,0.0,0.0,1.0,0.0,1.911333,-31.816391,10.0,2,2
0.054877,-0.203905,0.075505,0.604531,0.632813,0.428705,0.224254,0.051808,0.842229,0.936986,0.373943,0.775746,0.0,0.0,1.0,0.0,2.671333,-58.849144,10.0,2,0
0.064971,-0.134134,0.067763,0.617767,0.608451,0.470462,0.163723,0.067277,0.615457,0.603349,0.41338,0.836277,0.0,0.0,1.0,0.0,4.291333,-77.427666,9.0,2,1
-0.026198,-0.11756,0.053863,0.65933,0.599855,0.43361,0.131939,0.061072,0.601057,0.500547,0.371141,0.868061,0.0,0.0,1.0,0.0,5.111333,-134.147795,7.0,2,2
-0.116832,-0.034821,-0.0707,0.646181,0.576508,0.411456,0.140928,0.044762,0.671248,0.426486,0.303402,0.859072,0.0,0.0,1.0,0.0,5.881333,-143.340895,7.0,0,2
-0.081997,0.027327,-0.057044,0.508821,0.412905,0.31457,0.103557,0.023217,0.721139,0.35883,0.257693,0.896443,0.0,0.0,1.0,0.0,6.681333,172.676644,5.0,0,2
