mean_x,mean_y,mean_z,std_x,std_y,std_z,R,log_rmsW,rX_ratio,rY_ratio,rZ_ratio,psi,elev_normalized,elev_sin,elev_cos,is_synthetic,time_s,azimuth_deg,az_sector,elev_class,psi_cls
-0.001465,-0.085416,0.036958,0.635142,0.569418,0.513352,0.09308,0.016263,1.047274,0.549908,0.405249,0.90692,0.0,0.0,1.0,0.0,0.321333,-14.258143,11.0,2,2
-0.046435,-0.092473,0.051103,0.59206,0.596472,0.529356,0.115408,0.022724,0.864312,1.164136,0.615014,0.884592,0.0,0.0,1.0,0.0,1.051333,-30.058978,10.0,2,2
0.006856,-0.095744,0.010547,0.577166,0.603519,0.541388,0.096567,0.021045,0.627662,1.251416,0.625141,0.903433,0.0,0.0,1.0,0.0,1.841333,-104.937446,8.0,1,2
0.059152,-0.090003,-0.015524,0.587629,0.587224,0.545733,0.108814,0.02052,0.641717,1.255592,0.648465,0.891186,0.0,0.0,1.0,0.0,2.431333,-85.23188,9.0,0,2
0.059385,-0.06032,-0.037864,0.615049,0.576824,0.529355,0.09273,0.013324,1.068149,1.001373,0.589422,0.90727,0.0,0.0,1.0,0.0,3.181333,-91.562802,8.0,0,2
0.02291,-0.046538,-0.114122,0.617328,0.554939,0.543249,0.125357,0.027108,0.698783,0.549213,0.4183,0.874643,0.0,0.0,1.0,0.0,3.901333,-96.886924,8.0,0,2
-0.018442,-0.015646,-0.099981,0.559026,0.533862,0.474755,0.102864,0.027497,0.692341,0.576385,0.409061,0.897136,0.0,0.0,1.0,0.0,4.591333,-47.681671,10.0,0,2
-0.003013,0.004965,-0.088651,0.414843,0.407697,0.363763,0.088841,0.023498,0.50902,0.476463,0.354284,0.911159,0.0,0.0,1.0,0.0,5.301333,-22.312716,11.0,0,2
-0.008431,0.030235,-0.002029,0.214519,0.247663,0.123413,0.031455,0.006276,0.764688,1.040069,0.302605,0.968545,0.0,0.0,1.0,0.0,6.011333,-87.528704,9.0,1,2
