mean_x,mean_y,mean_z,std_x,std_y,std_z,R,log_rmsW,rX_ratio,rY_ratio,rZ_ratio,psi,elev_normalized,elev_sin,elev_cos,is_synthetic,time_s,azimuth_deg,az_sector,elev_class,psi_cls
-0.187609,0.177011,0.0,0.287932,0.280881,0.0,0.257934,0.03453,0.600243,0.799818,0.0,0.742066,0.0,0.0,1.0,1.0,0.161333,157.499998,5.0,0,0
-0.075998,0.241905,0.0,0.173853,0.356366,0.0,0.253562,0.035275,0.418622,0.90816,0.0,0.746438,0.0,0.0,1.0,1.0,0.871333,134.999998,4.0,0,0
0.021871,0.311302,0.0,0.15806,0.386605,0.0,0.312069,0.03988,0.328334,0.944562,0.0,0.687931,0.0,0.0,1.0,1.0,1.551333,112.499998,3.0,0,0
0.119769,0.288673,0.0,0.205751,0.357269,0.0,0.312533,0.040048,0.512273,0.858823,0.0,0.687467,0.0,0.0,1.0,1.0,2.291333,90.0,3.0,0,0
0.197198,0.200179,0.0,0.286684,0.284412,0.0,0.280996,0.041445,0.754403,0.656411,0.0,0.719004,0.0,0.0,1.0,1.0,3.011333,67.499997,2.0,0,0
0.145765,0.093299,0.0,0.281849,0.186758,0.0,0.173067,0.033766,0.850626,0.525771,0.0,0.826933,0.0,0.0,1.0,1.0,3.701333,44.999998,1.0,0,1
0.061282,0.025029,0.0,0.198946,0.082029,0.0,0.066196,0.01947,0.923879,0.382683,0.0,0.933804,0.0,0.0,1.0,1.0,4.441333,22.499998,0.0,0,2
