mean_x,mean_y,mean_z,std_x,std_y,std_z,R,log_rmsW,rX_ratio,rY_ratio,rZ_ratio,psi,elev_normalized,elev_sin,elev_cos,is_synthetic,time_s,azimuth_deg,az_sector,elev_class,psi_cls
-0.101331,-0.010242,-0.081273,0.616345,0.580495,0.515753,0.1303,0.029538,0.621617,0.518033,0.258787,0.8697,0.833333,0.965926,0.258819,0.0,0.361333,-161.759511,6.0,0,2
-0.058233,-0.001974,-0.062372,0.618127,0.572842,0.531264,0.085354,0.019678,0.621289,0.580971,0.238609,0.914646,0.833333,0.965926,0.258819,0.0,1.061333,-127.30108,7.0,0,2
-0.033048,0.022157,-0.081819,0.625255,0.568659,0.526484,0.09098,0.031572,0.566653,0.593024,0.266536,0.90902,0.833333,0.965926,0.258819,0.0,1.721333,128.204291,4.0,0,2
0.002198,0.028899,-0.027412,0.501012,0.491728,0.411977,0.039892,0.03576,0.439921,0.520933,0.256737,0.960108,0.833333,0.965926,0.258819,0.0,3.181333,107.766426,3.0,0,2
-0.019471,0.030661,-0.001587,0.342632,0.357143,0.27908,0.036356,0.023102,0.292162,0.453679,0.234302,0.963644,0.833333,0.965926,0.258819,0.0,3.861333,70.399528,2.0,1,2
