mean_x,mean_y,mean_z,std_x,std_y,std_z,R,log_rmsW,rX_ratio,rY_ratio,rZ_ratio,psi,elev_normalized,elev_sin,elev_cos,is_synthetic,time_s,azimuth_deg,az_sector,elev_class,psi_cls
-0.036551,-0.00308,-0.05665,0.612743,0.595349,0.515219,0.067488,0.023928,0.747332,0.573183,0.316289,0.932512,0.0,0.0,1.0,0.0,0.171333,29.651173,0.0,0,2
-0.060783,-0.076077,0.001044,0.571024,0.614492,0.535513,0.097383,0.031656,0.523818,1.019581,0.382137,0.902617,0.0,0.0,1.0,0.0,0.911333,137.196603,4.0,1,2
-0.030874,-0.058526,-0.013727,0.56135,0.629093,0.533374,0.067579,0.027893,0.536305,1.122534,0.39007,0.932421,0.0,0.0,1.0,0.0,1.631333,-134.220555,7.0,0,2
-0.023695,-0.061534,0.001509,0.562289,0.625141,0.537203,0.065956,0.017637,0.493051,0.955606,0.45482,0.934044,0.0,0.0,1.0,0.0,2.341333,-91.434357,8.0,1,2
-0.007968,-0.068827,0.017833,0.560922,0.613376,0.551282,0.071545,0.011151,0.806248,1.238669,0.679948,0.928455,0.0,0.0,1.0,0.0,3.011333,-67.942331,9.0,1,2
-0.024741,-0.047431,0.032445,0.577865,0.593885,0.556156,0.062566,0.020706,0.599183,0.759928,0.541859,0.937434,0.0,0.0,1.0,0.0,4.421333,-74.415418,9.0,2,2
-0.02855,0.009167,-0.001577,0.484958,0.500712,0.449756,0.030027,0.017348,0.609861,0.693278,0.510926,0.969973,0.0,0.0,1.0,0.0,5.131333,-107.901407,8.0,1,2
-0.011564,0.000232,-0.007851,0.329841,0.336416,0.319325,0.013979,0.010533,0.644204,0.568657,0.517836,0.986021,0.0,0.0,1.0,0.0,5.861333,-85.648613,9.0,0,2
