mean_x,mean_y,mean_z,std_x,std_y,std_z,R,log_rmsW,rX_ratio,rY_ratio,rZ_ratio,psi,elev_normalized,elev_sin,elev_cos,is_synthetic,time_s,azimuth_deg,az_sector,elev_class,psi_cls
0.053774,-0.074405,-0.055649,0.622464,0.580306,0.513911,0.107352,0.030329,0.950382,0.752681,0.356179,0.892648,0.833333,0.965926,0.258819,0.0,0.391333,-18.513633,11.0,0,2
0.02428,-0.090937,-0.017548,0.609657,0.583994,0.527223,0.095744,0.042071,0.90715,0.840816,0.603441,0.904256,0.833333,0.965926,0.258819,0.0,1.131333,80.082988,2.0,0,2
-0.006107,-0.101255,0.003948,0.609409,0.578394,0.532581,0.101516,0.040566,0.891956,0.882555,0.607527,0.898484,0.833333,0.965926,0.258819,0.0,1.781333,-38.698025,10.0,1,2
-0.036787,-0.119597,0.017966,0.601777,0.571082,0.543738,0.126409,0.030736,0.804705,0.860278,0.650386,0.873591,0.833333,0.965926,0.258819,0.0,2.521333,-71.988387,9.0,1,2
-0.037794,-0.103255,-0.012567,0.623612,0.551653,0.542646,0.11067,0.021285,1.468687,1.064801,0.845142,0.88933,0.833333,0.965926,0.258819,0.0,3.261333,-76.084014,9.0,0,2
-0.03705,-0.097859,-0.029681,0.617624,0.535953,0.56515,0.108766,0.056348,0.935032,0.466021,0.453314,0.891234,0.833333,0.965926,0.258819,0.0,3.921333,-106.225375,8.0,0,2
-0.106205,-0.054061,0.003749,0.605494,0.502105,0.552978,0.119231,0.061035,0.960258,0.417243,0.421244,0.880769,0.833333,0.965926,0.258819,0.0,4.631333,-115.373918,8.0,1,2
-0.099071,-0.022746,0.021776,0.475828,0.384761,0.445565,0.103955,0.054766,0.879182,0.31815,0.342119,0.896045,0.833333,0.965926,0.258819,0.0,5.341333,-163.112248,6.0,1,2
-0.069068,-0.004064,0.037231,0.297581,0.235508,0.242176,0.078569,0.017936,1.159067,0.456505,0.379099,0.921431,0.833333,0.965926,0.258819,0.0,6.091333,-178.408109,6.0,2,2
