mean_x,mean_y,mean_z,std_x,std_y,std_z,R,log_rmsW,rX_ratio,rY_ratio,rZ_ratio,psi,elev_normalized,elev_sin,elev_cos,is_synthetic,time_s,azimuth_deg,az_sector,elev_class,psi_cls
-0.009831,-0.011656,-0.027829,0.586899,0.603089,0.539221,0.031733,0.042969,0.563344,0.633403,0.287524,0.968267,0.444444,0.642788,0.766044,0.0,0.481333,164.487924,5.0,0,2
0.042071,-0.031608,-0.050922,0.574133,0.622377,0.526862,0.073226,0.042284,0.418959,0.761772,0.321594,0.926774,0.444444,0.642788,0.766044,0.0,1.161333,147.115817,4.0,0,2
-0.007248,0.024616,-0.014771,0.586272,0.595637,0.548151,0.029609,0.040177,0.477026,0.796472,0.389743,0.970391,0.444444,0.642788,0.766044,0.0,1.901333,91.249802,3.0,0,2
0.001419,0.027399,-0.002672,0.597015,0.594407,0.53788,0.027566,0.037994,0.535507,0.729279,0.37818,0.972434,0.444444,0.642788,0.766044,0.0,2.571333,112.763323,3.0,1,2
-0.033137,0.00529,-0.049634,0.553284,0.523288,0.519617,0.059913,0.040746,0.667303,0.441585,0.3876,0.940087,0.444444,0.642788,0.766044,0.0,3.301333,70.403098,2.0,0,2
-0.010515,-0.011371,-0.05879,0.430015,0.402083,0.410285,0.060795,0.035216,0.692883,0.30492,0.388035,0.939205,0.444444,0.642788,0.766044,0.0,3.971333,44.531147,1.0,0,2
-0.022377,-0.002079,-0.058529,0.205772,0.188784,0.248508,0.062695,0.021219,0.601736,0.233356,0.401355,0.937305,0.444444,0.642788,0.766044,0.0,4.721333,-4.764144,11.0,0,2
