mean_x,mean_y,mean_z,std_x,std_y,std_z,R,log_rmsW,rX_ratio,rY_ratio,rZ_ratio,psi,elev_normalized,elev_sin,elev_cos,is_synthetic,time_s,azimuth_deg,az_sector,elev_class,psi_cls
-0.089169,0.032936,-0.046691,0.609045,0.585065,0.52482,0.105905,0.037745,0.569724,0.534836,0.27755,0.894095,0.444444,0.642788,0.766044,0.0,0.151333,165.316973,5.0,0,2
-0.065157,0.041505,-0.074064,0.586099,0.60069,0.532968,0.107021,0.04033,0.414404,0.623254,0.24063,0.892979,0.444444,0.642788,0.766044,0.0,0.891333,102.762676,3.0,0,2
-0.003927,0.005605,-0.019266,0.562341,0.641901,0.520735,0.020445,0.046262,0.301096,0.782405,0.218549,0.979555,0.444444,0.642788,0.766044,0.0,1.581333,128.279701,4.0,0,2
0.02197,0.009394,-0.026039,0.56172,0.646823,0.514481,0.035341,0.047726,0.389202,0.856236,0.313941,0.964659,0.444444,0.642788,0.766044,0.0,2.281333,91.336333,3.0,0,2
0.057985,-0.004552,-0.00036,0.56468,0.571496,0.473698,0.058164,0.049605,0.740047,0.640026,0.34729,0.941836,0.444444,0.642788,0.766044,0.0,3.011333,94.756759,3.0,1,2
0.029996,0.014394,-0.019949,0.471849,0.416639,0.374978,0.038793,0.041628,0.86312,0.529291,0.383774,0.961207,0.444444,0.642788,0.766044,0.0,3.681333,50.395275,1.0,0,2
0.009553,0.006525,0.003821,0.270591,0.212952,0.199115,0.012184,0.021332,1.111128,0.193859,0.42817,0.987816,0.444444,0.642788,0.766044,0.0,4.441333,5.382105,0.0,1,2
