mean_x,mean_y,mean_z,std_x,std_y,std_z,R,log_rmsW,rX_ratio,rY_ratio,rZ_ratio,psi,elev_normalized,elev_sin,elev_cos,is_synthetic,time_s,azimuth_deg,az_sector,elev_class,psi_cls
-0.091149,0.006795,-0.047046,0.602618,0.589554,0.527769,0.102799,0.013863,0.478301,0.763374,0.425546,0.897201,0.0,0.0,1.0,0.0,0.341333,92.047665,3.0,0,2
-0.087273,-0.045858,-0.022609,0.585676,0.602645,0.532362,0.101147,0.017515,0.430755,0.953152,0.410104,0.898853,0.0,0.0,1.0,0.0,1.031333,134.004947,4.0,0,2
-0.112124,-0.013308,-0.013488,0.58971,0.605355,0.522167,0.113714,0.016444,0.452717,0.991442,0.421168,0.886286,0.0,0.0,1.0,0.0,1.671333,105.50823,3.0,0,2
-0.087018,0.012568,-0.010334,0.587716,0.600274,0.535013,0.088527,0.015993,0.51958,0.9605,0.367492,0.911473,0.0,0.0,1.0,0.0,2.371333,91.489743,3.0,0,2
-0.087491,0.052891,-0.033365,0.605907,0.551907,0.524499,0.107542,0.015967,0.969643,0.778987,0.391017,0.892458,0.0,0.0,1.0,0.0,3.091333,82.691786,2.0,0,2
-0.045367,0.031904,-0.024994,0.487899,0.440824,0.421203,0.060834,0.014932,1.014423,0.794179,0.402566,0.939166,0.0,0.0,1.0,0.0,3.781333,53.290704,1.0,0,2
-0.044971,0.02015,-0.016269,0.329141,0.265464,0.258945,0.051895,0.009896,1.355551,0.864543,0.508018,0.948105,0.0,0.0,1.0,0.0,4.511333,20.291062,0.0,0,2
