mean_x,mean_y,mean_z,std_x,std_y,std_z,R,log_rmsW,rX_ratio,rY_ratio,rZ_ratio,psi,elev_normalized,elev_sin,elev_cos,is_synthetic,time_s,azimuth_deg,az_sector,elev_class,psi_cls
0.042395,-0.046359,-0.097643,0.648471,0.565675,0.495873,0.116106,0.040994,0.969047,0.634797,0.315249,0.883894,0.833333,0.965926,0.258819,0.0,0.211333,-19.611834,11.0,0,2
0.001293,-0.08722,-0.022526,0.627729,0.610296,0.474593,0.090091,0.057042,0.656028,0.78295,0.20237,0.909909,0.833333,0.965926,0.258819,0.0,0.971333,-5.996479,11.0,0,2
-0.004612,-0.134942,0.00839,0.602523,0.617866,0.48664,0.135281,0.053194,0.643364,0.82546,0.178896,0.864719,0.833333,0.965926,0.258819,0.0,1.621333,-34.983952,10.0,1,2
-0.023281,-0.127182,0.015912,0.588727,0.612096,0.511485,0.130271,0.044029,0.607658,0.861585,0.17918,0.869729,0.833333,0.965926,0.258819,0.0,2.361333,-64.170372,9.0,1,2
-0.049975,-0.120781,0.009642,0.63204,0.569586,0.508688,0.131067,0.054795,0.388899,0.45314,0.162135,0.868933,0.833333,0.965926,0.258819,0.0,3.061333,-84.261646,9.0,1,2
-0.092724,-0.099498,-0.025039,0.651747,0.543844,0.510129,0.138291,0.065703,0.612554,0.423863,0.266875,0.861709,0.833333,0.965926,0.258819,0.0,3.781333,-108.84149,8.0,0,2
-0.096949,-0.065947,-0.000829,0.647451,0.47868,0.465564,0.117255,0.063308,0.742038,0.341469,0.289757,0.882745,0.833333,0.965926,0.258819,0.0,4.501333,-120.14177,7.0,1,2
-0.081792,-0.022121,-0.005903,0.475944,0.372834,0.362102,0.084936,0.03766,0.875749,0.326695,0.29465,0.915064,0.833333,0.965926,0.258819,0.0,5.251333,-174.443227,6.0,1,2
-0.031303,0.00134,0.015235,0.29422,0.193329,0.196834,0.034839,0.020785,0.922428,0.330229,0.344791,0.965161,0.833333,0.965926,0.258819,0.0,5.931333,-173.589551,6.0,1,2
