mean_x,mean_y,mean_z,std_x,std_y,std_z,R,log_rmsW,rX_ratio,rY_ratio,rZ_ratio,psi,elev_normalized,elev_sin,elev_cos,is_synthetic,time_s,azimuth_deg,az_sector,elev_class,psi_cls
0.084401,-0.037995,-0.047344,0.625136,0.571496,0.521241,0.103964,0.05149,0.83993,0.589029,0.273716,0.896036,0.444444,0.642788,0.766044,0.0,1.081333,-5.875007,11.0,0,2
0.028494,-0.003177,-0.011832,0.610154,0.579915,0.538714,0.031016,0.025845,0.736595,1.073983,0.435923,0.968984,0.444444,0.642788,0.766044,0.0,1.841333,11.463187,0.0,0,2
0.081513,-0.047232,-0.021191,0.586702,0.606891,0.527207,0.096563,0.021369,0.697863,1.215433,0.484315,0.903437,0.444444,0.642788,0.766044,0.0,2.491333,-89.882673,9.0,0,2
0.073901,-0.057156,-0.077704,0.583429,0.59024,0.544386,0.121515,0.060343,0.480085,0.576191,0.48044,0.878485,0.444444,0.642788,0.766044,0.0,3.971333,-75.025648,9.0,0,2
-0.026267,-0.019771,-0.073008,0.569878,0.555119,0.528872,0.080069,0.064454,0.481437,0.503808,0.449278,0.919931,0.444444,0.642788,0.766044,0.0,4.671333,-73.762887,9.0,0,2
-0.031298,-0.014886,-0.042678,0.44705,0.437254,0.406223,0.054978,0.050014,0.529027,0.512266,0.40957,0.945022,0.444444,0.642788,0.766044,0.0,5.391333,-75.258186,9.0,0,2
-0.047924,0.01435,-0.020985,0.287492,0.263618,0.253046,0.05425,0.025147,0.432826,0.259386,0.247482,0.94575,0.444444,0.642788,0.766044,0.0,6.071333,165.858292,5.0,0,2
