mean_x,mean_y,mean_z,std_x,std_y,std_z,R,log_rmsW,rX_ratio,rY_ratio,rZ_ratio,psi,elev_normalized,elev_sin,elev_cos,is_synthetic,time_s,azimuth_deg,az_sector,elev_class,psi_cls
-0.120284,0.04239,0.029827,0.586241,0.585357,0.544424,0.130976,0.018565,0.654151,0.675666,0.443894,0.869024,0.0,0.0,1.0,0.0,0.371333,134.62985,4.0,2,2
-0.105458,0.049731,0.004339,0.594177,0.59102,0.532781,0.116676,0.015185,0.757888,0.790388,0.518734,0.883324,0.0,0.0,1.0,0.0,1.011333,144.175471,4.0,1,2
-0.101906,0.095405,-0.02569,0.597058,0.586913,0.527947,0.14194,0.018281,0.615333,0.769344,0.445672,0.85806,0.0,0.0,1.0,0.0,1.721333,118.825373,3.0,0,2
-0.057122,0.087742,0.016633,0.509778,0.458614,0.420318,0.10601,0.018126,0.600123,0.738527,0.400243,0.89399,0.0,0.0,1.0,0.0,3.191333,122.859524,4.0,1,2
-0.015778,0.029501,0.036746,0.346786,0.320319,0.287748,0.049694,0.009334,0.41636,0.788155,0.38973,0.950306,0.0,0.0,1.0,0.0,3.891333,98.453258,3.0,2,2
