mean_x,mean_y,mean_z,std_x,std_y,std_z,R,log_rmsW,rX_ratio,rY_ratio,rZ_ratio,psi,elev_normalized,elev_sin,elev_cos,is_synthetic,time_s,azimuth_deg,az_sector,elev_class,psi_cls
-0.157588,0.165783,0.0,0.257417,0.279678,0.0,0.228731,0.03872,0.634692,0.772765,0.0,0.771269,0.0,0.0,1.0,1.0,0.321333,157.499998,5.0,0,0
-0.08136,0.249112,0.0,0.18582,0.368167,0.0,0.262061,0.032398,0.550411,0.834894,0.0,0.737939,0.0,0.0,1.0,1.0,0.991333,134.999998,4.0,0,0
0.012047,0.287115,0.0,0.144769,0.386372,0.0,0.287368,0.034837,0.382672,0.923884,0.0,0.712632,0.0,0.0,1.0,1.0,1.681333,112.499998,3.0,0,0
0.105543,0.226417,0.0,0.212055,0.341118,0.0,0.249807,0.029705,0.442689,0.896675,0.0,0.750193,0.0,0.0,1.0,1.0,2.491333,90.0,3.0,0,0
0.094444,0.134688,0.0,0.207232,0.270903,0.0,0.164501,0.02255,0.482723,0.875772,0.0,0.835499,0.0,0.0,1.0,1.0,3.141333,67.499997,2.0,0,1
0.058986,0.058966,0.0,0.188147,0.188101,0.0,0.083404,0.009091,0.707107,0.707107,0.0,0.916596,0.0,0.0,1.0,1.0,3.811333,44.999999,1.0,0,2
