mean_x,mean_y,mean_z,std_x,std_y,std_z,R,log_rmsW,rX_ratio,rY_ratio,rZ_ratio,psi,elev_normalized,elev_sin,elev_cos,is_synthetic,time_s,azimuth_deg,az_sector,elev_class,psi_cls
-0.024505,-0.102201,0.025289,0.613293,0.578671,0.526441,0.108097,0.020139,0.961578,0.51668,0.365087,0.891903,0.0,0.0,1.0,0.0,0.251333,-20.638723,11.0,2,2
-0.001862,-0.113347,-0.032509,0.59235,0.607258,0.516026,0.117932,0.021248,0.880835,0.976222,0.646336,0.882068,0.0,0.0,1.0,0.0,0.991333,-15.490802,11.0,0,2
0.000602,-0.135583,-0.008198,0.58275,0.60548,0.524568,0.135832,0.019477,0.898083,1.109941,0.683625,0.864168,0.0,0.0,1.0,0.0,1.641333,-113.978921,8.0,0,2
0.055295,-0.125898,-0.049799,0.583354,0.593275,0.534868,0.146246,0.011984,0.686658,0.915766,0.488878,0.853754,0.0,0.0,1.0,0.0,2.471333,2.985264,0.0,0,2
0.026094,-0.098977,-0.049364,0.587566,0.560692,0.572047,0.11364,0.019999,0.762104,0.515745,0.520434,0.88636,0.0,0.0,1.0,0.0,3.071333,-81.792033,9.0,0,2
0.022581,-0.089911,-0.096213,0.6023,0.560287,0.5525,0.133607,0.025896,0.72199,0.575519,0.450785,0.866393,0.0,0.0,1.0,0.0,3.791333,-92.335995,8.0,0,2
-0.008782,-0.068855,-0.079909,0.552106,0.55384,0.500518,0.105848,0.024855,0.708558,0.621286,0.449421,0.894152,0.0,0.0,1.0,0.0,4.511333,179.240262,5.0,0,2
-0.007293,-0.012332,-0.033797,0.417743,0.449469,0.361222,0.036709,0.016397,0.527133,0.800977,0.341708,0.963291,0.0,0.0,1.0,0.0,5.241333,-93.405392,8.0,0,2
-0.004976,0.022357,-0.006843,0.244948,0.274472,0.180306,0.023904,0.008222,0.785423,0.661055,0.343647,0.976096,0.0,0.0,1.0,0.0,5.921333,-71.336112,9.0,0,2
