mean_x,mean_y,mean_z,std_x,std_y,std_z,R,log_rmsW,rX_ratio,rY_ratio,rZ_ratio,psi,elev_normalized,elev_sin,elev_cos,is_synthetic,time_s,azimuth_deg,az_sector,elev_class,psi_cls
-0.11519,0.166153,0.0,0.219618,0.293942,0.0,0.202177,0.035832,0.574158,0.818745,0.0,0.797823,0.0,0.0,1.0,1.0,0.201333,157.499998,5.0,0,1
-0.084673,0.216623,0.0,0.174388,0.345023,0.0,0.232583,0.039956,0.423349,0.905967,0.0,0.767417,0.0,0.0,1.0,1.0,0.861333,134.999998,4.0,0,0
-0.008727,0.239311,0.0,0.147125,0.363783,0.0,0.23947,0.040398,0.312512,0.949914,0.0,0.76053,0.0,0.0,1.0,1.0,1.561333,112.499998,3.0,0,0
0.097239,0.194174,0.0,0.205241,0.327833,0.0,0.217161,0.036143,0.459129,0.88837,0.0,0.782839,0.0,0.0,1.0,1.0,2.281333,90.0,3.0,0,1
0.194542,0.165224,0.0,0.299659,0.260903,0.0,0.255236,0.038331,0.764331,0.644824,0.0,0.744764,0.0,0.0,1.0,1.0,3.001333,67.499998,2.0,0,0
0.16708,0.105195,0.0,0.299569,0.203056,0.0,0.197437,0.03211,0.864268,0.503032,0.0,0.802563,0.0,0.0,1.0,1.0,3.681333,44.999997,1.0,0,1
0.078263,0.03196,0.0,0.219648,0.091482,0.0,0.084538,0.017609,0.92388,0.382683,0.0,0.915462,0.0,0.0,1.0,1.0,4.441333,22.499998,0.0,0,2
