mean_x,mean_y,mean_z,std_x,std_y,std_z,R,log_rmsW,rX_ratio,rY_ratio,rZ_ratio,psi,elev_normalized,elev_sin,elev_cos,is_synthetic,time_s,azimuth_deg,az_sector,elev_class,psi_cls
-0.211678,0.170463,0.0,0.319059,0.275334,0.0,0.271782,0.035977,0.64784,0.761777,0.0,0.728218,0.0,0.0,1.0,1.0,0.111333,157.499997,5.0,0,0
-0.060762,0.268318,0.0,0.163266,0.395818,0.0,0.275112,0.031554,0.490757,0.871296,0.0,0.724888,0.0,0.0,1.0,1.0,0.811333,134.999998,4.0,0,0
0.013593,0.314818,0.0,0.143733,0.417534,0.0,0.315112,0.034133,0.353873,0.935294,0.0,0.684888,0.0,0.0,1.0,1.0,1.501333,112.499998,3.0,0,0
0.097516,0.275809,0.0,0.204657,0.382543,0.0,0.292541,0.029827,0.441386,0.897317,0.0,0.707459,0.0,0.0,1.0,1.0,2.271333,90.0,3.0,0,0
0.1643,0.157188,0.0,0.287762,0.277424,0.0,0.227382,0.02227,0.50913,0.86069,0.0,0.772618,0.0,0.0,1.0,1.0,2.951333,67.499997,2.0,0,0
0.130343,0.085255,0.0,0.28105,0.192894,0.0,0.155749,0.011839,0.708909,0.7053,0.0,0.844251,0.0,0.0,1.0,1.0,3.631333,44.999998,1.0,0,1
0.025009,0.010135,0.0,0.118175,0.048886,0.0,0.026985,0.000637,0.923879,0.382683,0.0,0.973015,0.0,0.0,1.0,1.0,4.431333,22.500001,0.0,0,2
