mean_x,mean_y,mean_z,std_x,std_y,std_z,R,log_rmsW,rX_ratio,rY_ratio,rZ_ratio,psi,elev_normalized,elev_sin,elev_cos,is_synthetic,time_s,azimuth_deg,az_sector,elev_class,psi_cls
0.331343,-0.114822,0.0,0.371327,0.199344,0.0,0.350674,0.056791,0.844598,0.5354,0.0,0.649326,0.0,0.0,1.0,1.0,0.191333,0.0,0.0,0,0
0.227013,-0.222637,0.0,0.297496,0.294127,0.0,0.317966,0.067572,0.66749,0.744619,0.0,0.682034,0.0,0.0,1.0,1.0,0.891333,-22.500003,11.0,0,0
0.099293,-0.25946,0.0,0.187042,0.351559,0.0,0.27781,0.05466,0.511129,0.859504,0.0,0.72219,0.0,0.0,1.0,1.0,1.601333,-45.000004,10.0,0,0
0.017474,-0.252022,0.0,0.145574,0.370662,0.0,0.252627,0.039581,0.382683,0.92388,0.0,0.747373,0.0,0.0,1.0,1.0,2.321333,-67.500002,9.0,0,0
-0.232428,-0.168947,0.0,0.339888,0.264484,0.0,0.287342,0.066704,0.8512,0.524842,0.0,0.712658,0.0,0.0,1.0,1.0,3.741333,-112.500004,8.0,0,0
-0.279411,-0.10768,0.0,0.371778,0.187456,0.0,0.299442,0.064486,0.898276,0.439431,0.0,0.700558,0.0,0.0,1.0,1.0,4.461333,-135.000003,7.0,0,0
-0.222104,-0.058148,0.0,0.360113,0.127418,0.0,0.229589,0.052033,0.938612,0.344974,0.0,0.770411,0.0,0.0,1.0,1.0,5.161333,-157.500002,6.0,0,0
-0.062908,0.0,0.0,0.208344,0.0,0.0,0.062908,0.01828,1.0,0.0,0.0,0.937092,0.0,0.0,1.0,1.0,5.871333,180.0,6.0,0,2
