mean_x,mean_y,mean_z,std_x,std_y,std_z,R,log_rmsW,rX_ratio,rY_ratio,rZ_ratio,psi,elev_normalized,elev_sin,elev_cos,is_synthetic,time_s,azimuth_deg,az_sector,elev_class,psi_cls
-0.231335,0.237391,0.0,0.288867,0.299912,0.0,0.331467,0.032372,0.593212,0.805047,0.0,0.668533,0.0,0.0,1.0,1.0,0.231333,157.499998,5.0,0,0
-0.134483,0.437053,0.0,0.225735,0.40545,0.0,0.457276,0.033097,0.388862,0.921296,0.0,0.542724,0.0,0.0,1.0,1.0,0.891333,134.999997,4.0,0,0
0.009291,0.440808,0.0,0.15643,0.419935,0.0,0.440906,0.035929,0.323758,0.94614,0.0,0.559094,0.0,0.0,1.0,1.0,1.591333,112.499998,3.0,0,0
0.129566,0.422513,0.0,0.210929,0.399708,0.0,0.441932,0.034074,0.513417,0.858139,0.0,0.558068,0.0,0.0,1.0,1.0,2.311333,90.0,3.0,0,0
0.236843,0.218381,0.0,0.303638,0.273552,0.0,0.322157,0.037766,0.796391,0.604782,0.0,0.677843,0.0,0.0,1.0,1.0,3.061333,67.499996,2.0,0,0
0.189455,0.121233,0.0,0.305423,0.198504,0.0,0.224924,0.031901,0.872287,0.488994,0.0,0.775076,0.0,0.0,1.0,1.0,3.731333,44.999997,1.0,0,0
0.087982,0.036383,0.0,0.237958,0.098477,0.0,0.095208,0.018852,0.92388,0.382683,0.0,0.904792,0.0,0.0,1.0,1.0,4.471333,22.499998,0.0,0,2
