mean_x,mean_y,mean_z,std_x,std_y,std_z,R,log_rmsW,rX_ratio,rY_ratio,rZ_ratio,psi,elev_normalized,elev_sin,elev_cos,is_synthetic,time_s,azimuth_deg,az_sector,elev_class,psi_cls
-0.175016,0.213064,0.0,0.25877,0.304166,0.0,0.27573,0.035448,0.655259,0.755404,0.0,0.72427,0.0,0.0,1.0,1.0,0.341333,157.499998,5.0,0,0
-0.117262,0.319965,0.0,0.199654,0.371509,0.0,0.340776,0.029038,0.546349,0.837558,0.0,0.659224,0.0,0.0,1.0,1.0,1.021333,134.999997,4.0,0,0
0.007854,0.361853,0.0,0.170526,0.393903,0.0,0.361938,0.033434,0.382681,0.923881,0.0,0.638062,0.0,0.0,1.0,1.0,1.711333,112.499998,3.0,0,0
0.098631,0.246189,0.0,0.194427,0.345191,0.0,0.265211,0.03679,0.551212,0.834365,0.0,0.734789,0.0,0.0,1.0,1.0,2.531333,90.0,3.0,0,0
0.086514,0.141081,0.0,0.188172,0.27844,0.0,0.165495,0.030712,0.611288,0.791409,0.0,0.834505,0.0,0.0,1.0,1.0,3.181333,67.499998,2.0,0,1
0.0431,0.043057,0.0,0.160558,0.160588,0.0,0.060922,0.022171,0.707107,0.707107,0.0,0.939078,0.0,0.0,1.0,1.0,3.841333,44.999997,1.0,0,2
