mean_x,mean_y,mean_z,std_x,std_y,std_z,R,log_rmsW,rX_ratio,rY_ratio,rZ_ratio,psi,elev_normalized,elev_sin,elev_cos,is_synthetic,time_s,azimuth_deg,az_sector,elev_class,psi_cls
0.274626,-0.147885,0.0,0.345471,0.235508,0.0,0.311913,0.057929,0.862594,0.505897,0.0,0.688087,0.0,0.0,1.0,1.0,0.161333,0.0,0.0,0,0
0.298179,-0.408896,0.0,0.280152,0.380576,0.0,0.50607,0.065274,0.701337,0.71283,0.0,0.49393,0.0,0.0,1.0,1.0,0.871333,-22.500003,11.0,0,0
0.216316,-0.631503,0.0,0.232627,0.371349,0.0,0.667524,0.051374,0.496657,0.867947,0.0,0.332476,0.0,0.0,1.0,1.0,1.581333,-45.000003,10.0,0,0
0.081705,-0.605575,0.0,0.203739,0.405708,0.0,0.611062,0.036087,0.359377,0.933192,0.0,0.388938,0.0,0.0,1.0,1.0,2.281333,-67.500002,9.0,0,0
-0.200296,-0.494986,0.0,0.287548,0.386062,0.0,0.533975,0.037079,0.657139,0.753769,0.0,0.466025,0.0,0.0,1.0,1.0,3.031333,-90.0,9.0,0,0
-0.342461,-0.283723,0.0,0.344334,0.298592,0.0,0.444723,0.063161,0.861058,0.508507,0.0,0.555277,0.0,0.0,1.0,1.0,3.721333,-112.500002,8.0,0,0
-0.464732,-0.231142,0.0,0.370576,0.275119,0.0,0.51904,0.065168,0.891696,0.452634,0.0,0.48096,0.0,0.0,1.0,1.0,4.431333,-135.000003,7.0,0,0
-0.280544,-0.056351,0.0,0.388295,0.119974,0.0,0.286147,0.048745,0.941773,0.336248,0.0,0.713853,0.0,0.0,1.0,1.0,5.141333,-157.500002,6.0,0,0
-0.120416,0.0,0.0,0.297024,0.0,0.0,0.120416,0.017206,1.0,0.0,0.0,0.879584,0.0,0.0,1.0,1.0,5.861333,180.0,6.0,0,2
