mean_x,mean_y,mean_z,std_x,std_y,std_z,R,log_rmsW,rX_ratio,rY_ratio,rZ_ratio,psi,elev_normalized,elev_sin,elev_cos,is_synthetic,time_s,azimuth_deg,az_sector,elev_class,psi_cls
-0.174415,0.208953,0.0,0.255024,0.313338,0.0,0.272179,0.038127,0.603939,0.79703,0.0,0.727821,0.0,0.0,1.0,1.0,0.351333,157.499998,5.0,0,0
-0.122516,0.254131,0.0,0.21616,0.362407,0.0,0.282122,0.039267,0.396934,0.917847,0.0,0.717878,0.0,0.0,1.0,1.0,1.031333,134.999997,4.0,0,0
0.050495,0.356626,0.0,0.19143,0.413759,0.0,0.360183,0.038722,0.301803,0.95337,0.0,0.639817,0.0,0.0,1.0,1.0,1.721333,112.499998,3.0,0,0
0.148608,0.325677,0.0,0.218446,0.389862,0.0,0.357981,0.040092,0.528641,0.848846,0.0,0.642019,0.0,0.0,1.0,1.0,2.441333,90.0,3.0,0,0
0.217038,0.275011,0.0,0.294134,0.345794,0.0,0.350338,0.032987,0.666767,0.745266,0.0,0.649662,0.0,0.0,1.0,1.0,3.161333,67.499996,2.0,0,0
0.134149,0.088226,0.0,0.290603,0.196478,0.0,0.160561,0.025053,0.737517,0.675331,0.0,0.839439,0.0,0.0,1.0,1.0,3.851333,44.999998,1.0,0,1
0.0357,0.014813,0.0,0.164358,0.068157,0.0,0.038651,0.006766,0.923879,0.382684,0.0,0.961349,0.0,0.0,1.0,1.0,4.621333,22.499998,0.0,0,2
