mean_x,mean_y,mean_z,std_x,std_y,std_z,R,log_rmsW,rX_ratio,rY_ratio,rZ_ratio,psi,elev_normalized,elev_sin,elev_cos,is_synthetic,time_s,azimuth_deg,az_sector,elev_class,psi_cls
-0.060612,-0.01604,-0.046511,0.611079,0.592182,0.519321,0.078066,0.028785,0.603836,0.72279,0.319718,0.921934,0.833333,0.965926,0.258819,0.0,0.241333,178.518759,5.0,0,2
-0.049217,0.002002,-0.012364,0.589689,0.618879,0.516278,0.050786,0.027635,0.566343,0.843706,0.406146,0.949214,0.833333,0.965926,0.258819,0.0,0.911333,-154.965224,6.0,0,2
-0.033149,0.042935,-0.052718,0.608524,0.607486,0.504774,0.07564,0.030968,0.557635,0.816104,0.385602,0.92436,0.833333,0.965926,0.258819,0.0,1.601333,108.204126,3.0,0,2
-0.000558,0.065079,-0.034783,0.623909,0.580711,0.517638,0.073793,0.039104,0.442086,0.561664,0.321373,0.926207,0.833333,0.965926,0.258819,0.0,2.311333,93.860954,3.0,0,2
0.023618,0.050226,-0.054299,0.576605,0.534017,0.469648,0.077645,0.048629,0.378672,0.431286,0.230002,0.922355,0.833333,0.965926,0.258819,0.0,3.071333,107.411343,3.0,0,2
0.011922,0.047377,-0.024956,0.449495,0.419453,0.365087,0.054859,0.044175,0.344724,0.396979,0.215048,0.945141,0.833333,0.965926,0.258819,0.0,3.731333,73.793463,2.0,0,2
0.002294,-0.001865,-0.022275,0.213202,0.264139,0.183215,0.02247,0.02957,0.307221,0.485924,0.166445,0.97753,0.833333,0.965926,0.258819,0.0,4.461333,35.397571,1.0,0,2
