mean_x,mean_y,mean_z,std_x,std_y,std_z,R,log_rmsW,rX_ratio,rY_ratio,rZ_ratio,psi,elev_normalized,elev_sin,elev_cos,is_synthetic,time_s,azimuth_deg,az_sector,elev_class,psi_cls
0.086208,-0.027518,-0.041134,0.640205,0.546879,0.530181,0.099403,0.040867,0.917904,0.358031,0.259674,0.900597,0.444444,0.642788,0.766044,0.0,0.271333,-2.894469,11.0,0,2
-0.002723,-0.069221,-0.067478,0.598629,0.562321,0.562122,0.096707,0.056927,0.633969,0.756911,0.423836,0.903293,0.444444,0.642788,0.766044,0.0,1.021333,-10.559134,11.0,0,2
0.014946,-0.093547,-0.056794,0.581787,0.580991,0.55826,0.110453,0.055121,0.553477,0.790278,0.419406,0.889547,0.444444,0.642788,0.766044,0.0,1.751333,7.703148,0.0,0,2
0.020211,-0.083584,-0.05113,0.55199,0.595729,0.574684,0.100045,0.041493,0.597063,0.788277,0.482442,0.899955,0.444444,0.642788,0.766044,0.0,2.431333,-84.763027,9.0,0,2
0.02856,-0.059727,-0.04418,0.584562,0.598374,0.541994,0.079592,0.044334,0.438335,0.505394,0.290382,0.920408,0.444444,0.642788,0.766044,0.0,3.151333,-65.894804,9.0,0,2
0.021836,-0.051035,-0.059416,0.603993,0.56933,0.551638,0.081312,0.058604,0.573249,0.4083,0.357804,0.918688,0.444444,0.642788,0.766044,0.0,3.861333,-89.423539,9.0,0,2
-0.024883,-0.061957,-0.066586,0.611889,0.564246,0.546096,0.094295,0.055418,0.59798,0.337767,0.379832,0.905705,0.444444,0.642788,0.766044,0.0,4.581333,-95.174186,8.0,0,2
-0.01502,-0.032518,-0.041677,0.53111,0.481638,0.47651,0.054955,0.042225,0.611733,0.336431,0.440108,0.945045,0.444444,0.642788,0.766044,0.0,5.271333,-58.241653,10.0,0,2
-0.008635,-0.014129,-0.018637,0.366594,0.365955,0.339464,0.024931,0.019145,0.448352,0.348948,0.362075,0.975069,0.444444,0.642788,0.766044,0.0,5.991333,-137.264934,7.0,0,2
