mean_x,mean_y,mean_z,std_x,std_y,std_z,R,log_rmsW,rX_ratio,rY_ratio,rZ_ratio,psi,elev_normalized,elev_sin,elev_cos,is_synthetic,time_s,azimuth_deg,az_sector,elev_class,psi_cls
0.282691,-0.139028,0.0,0.360543,0.223658,0.0,0.315028,0.065432,0.863065,0.505093,0.0,0.684972,0.0,0.0,1.0,1.0,0.281333,0.0,0.0,0,0
0.309421,-0.389989,0.0,0.294381,0.375019,0.0,0.497828,0.077258,0.673224,0.739439,0.0,0.502172,0.0,0.0,1.0,1.0,0.991333,-22.500003,11.0,0,0
0.182696,-0.595584,0.0,0.226004,0.405072,0.0,0.622975,0.062745,0.483897,0.875125,0.0,0.377025,0.0,0.0,1.0,1.0,1.691333,-45.000004,10.0,0,0
0.067298,-0.575664,0.0,0.201239,0.422942,0.0,0.579584,0.041322,0.365813,0.930688,0.0,0.420416,0.0,0.0,1.0,1.0,2.421333,-67.500002,9.0,0,0
-0.111771,-0.38258,0.0,0.206024,0.409702,0.0,0.398573,0.041442,0.675278,0.737563,0.0,0.601427,0.0,0.0,1.0,1.0,3.161333,-90.0,9.0,0,0
-0.207789,-0.177851,0.0,0.292391,0.25104,0.0,0.27351,0.057536,0.822594,0.568629,0.0,0.72649,0.0,0.0,1.0,1.0,3.851333,-112.500002,8.0,0,0
-0.268427,-0.109259,0.0,0.341853,0.18927,0.0,0.289812,0.056022,0.895061,0.445944,0.0,0.710188,0.0,0.0,1.0,1.0,4.551333,-135.000004,7.0,0,0
-0.190063,-0.038495,0.0,0.326207,0.099087,0.0,0.193922,0.041625,0.954192,0.299196,0.0,0.806078,0.0,0.0,1.0,1.0,5.251333,-157.500002,6.0,0,1
-0.070314,0.0,0.0,0.212489,0.0,0.0,0.070314,0.018873,1.0,0.0,0.0,0.929686,0.0,0.0,1.0,1.0,5.981333,180.0,6.0,0,2
