mean_x,mean_y,mean_z,std_x,std_y,std_z,R,log_rmsW,rX_ratio,rY_ratio,rZ_ratio,psi,elev_normalized,elev_sin,elev_cos,is_synthetic,time_s,azimuth_deg,az_sector,elev_class,psi_cls
0.023604,-0.031396,-0.024764,0.607692,0.631206,0.479593,0.046434,0.037763,0.582612,0.629754,0.254901,0.953566,0.444444,0.642788,0.766044,0.0,0.211333,141.624795,4.0,0,2
-0.006122,0.024659,0.010064,0.58437,0.653919,0.479641,0.027328,0.039376,0.438451,0.796636,0.23853,0.972672,0.444444,0.642788,0.766044,0.0,0.861333,124.653946,4.0,1,2
0.022535,0.019489,0.032224,0.362959,0.477241,0.312714,0.043887,0.031093,0.312095,0.655243,0.302618,0.956113,0.444444,0.642788,0.766044,0.0,2.341333,94.810025,3.0,2,2
0.002438,0.033355,0.01291,0.166226,0.276605,0.154309,0.035849,0.017527,0.283337,0.461387,0.305452,0.964151,0.444444,0.642788,0.766044,0.0,3.001333,34.011938,1.0,1,2
