mean_x,mean_y,mean_z,std_x,std_y,std_z,R,log_rmsW,rX_ratio,rY_ratio,rZ_ratio,psi,elev_normalized,elev_sin,elev_cos,is_synthetic,time_s,azimuth_deg,az_sector,elev_class,psi_cls
0.061758,-0.091686,-0.039908,0.613878,0.573309,0.529698,0.117529,0.052065,0.800368,0.763751,0.335778,0.882471,0.833333,0.965926,0.258819,0.0,0.201333,-8.373271,11.0,0,2
0.032886,-0.11651,-0.110677,0.581472,0.561663,0.565183,0.164029,0.043668,0.516972,0.769498,0.336428,0.835971,0.833333,0.965926,0.258819,0.0,0.961333,-69.73236,9.0,0,1
0.024433,-0.085455,-0.106374,0.570702,0.57304,0.571498,0.138618,0.033341,0.594978,0.867716,0.399436,0.861382,0.833333,0.965926,0.258819,0.0,1.621333,-60.97239,9.0,0,2
-0.052696,-0.034433,0.007996,0.57387,0.619435,0.531793,0.063454,0.023128,0.802716,1.113936,0.619938,0.936546,0.833333,0.965926,0.258819,0.0,2.361333,-85.185722,9.0,1,2
-0.102509,-0.030985,0.044993,0.630904,0.569012,0.508472,0.116157,0.05476,1.069813,0.470844,0.336718,0.883843,0.833333,0.965926,0.258819,0.0,3.771333,-125.084723,7.0,2,2
-0.076442,-0.025627,0.016268,0.539162,0.421901,0.41646,0.082248,0.050741,1.093976,0.274352,0.255039,0.917752,0.833333,0.965926,0.258819,0.0,4.461333,-177.394765,6.0,1,2
0.002204,-0.013676,0.006915,0.338883,0.249069,0.286043,0.015482,0.025748,0.550678,0.127336,0.164224,0.984518,0.833333,0.965926,0.258819,0.0,5.241333,-173.575064,6.0,1,2
