mean_x,mean_y,mean_z,std_x,std_y,std_z,R,log_rmsW,rX_ratio,rY_ratio,rZ_ratio,psi,elev_normalized,elev_sin,elev_cos,is_synthetic,time_s,azimuth_deg,az_sector,elev_class,psi_cls
0.241695,-0.140536,0.0,0.344407,0.227487,0.0,0.279583,0.059609,0.847047,0.531518,0.0,0.720417,0.0,0.0,1.0,1.0,0.341333,0.0,0.0,0,0
0.221608,-0.272826,0.0,0.272646,0.334328,0.0,0.351489,0.071307,0.609786,0.792566,0.0,0.648511,0.0,0.0,1.0,1.0,1.091333,-22.500002,11.0,0,0
0.157198,-0.334293,0.0,0.224673,0.366804,0.0,0.369409,0.064835,0.486698,0.87357,0.0,0.630591,0.0,0.0,1.0,1.0,1.751333,-45.000003,10.0,0,0
0.027811,-0.284238,0.0,0.162513,0.386133,0.0,0.285595,0.04644,0.360385,0.932804,0.0,0.714405,0.0,0.0,1.0,1.0,2.471333,-67.500002,9.0,0,0
-0.098349,-0.192569,0.0,0.199912,0.307453,0.0,0.21623,0.041256,0.668537,0.743679,0.0,0.78377,0.0,0.0,1.0,1.0,3.221333,-90.0,9.0,0,1
-0.242868,-0.18184,0.0,0.332829,0.259371,0.0,0.303399,0.065133,0.84871,0.528859,0.0,0.696601,0.0,0.0,1.0,1.0,3.891333,-112.500003,8.0,0,0
-0.42781,-0.124656,0.0,0.418285,0.197341,0.0,0.445601,0.065964,0.888168,0.45952,0.0,0.554399,0.0,0.0,1.0,1.0,4.601333,-135.000004,7.0,0,0
-0.352025,-0.055926,0.0,0.431439,0.124066,0.0,0.35644,0.049867,0.942979,0.332852,0.0,0.64356,0.0,0.0,1.0,1.0,5.311333,-157.500002,6.0,0,0
-0.196637,0.0,0.0,0.379091,0.0,0.0,0.196637,0.020187,1.0,0.0,0.0,0.803363,0.0,0.0,1.0,1.0,6.031333,180.0,6.0,0,1
