mean_x,mean_y,mean_z,std_x,std_y,std_z,R,log_rmsW,rX_ratio,rY_ratio,rZ_ratio,psi,elev_normalized,elev_sin,elev_cos,is_synthetic,time_s,azimuth_deg,az_sector,elev_class,psi_cls
0.020767,-0.033705,-0.061995,0.647765,0.562376,0.508519,0.073558,0.040113,0.921602,0.626842,0.316182,0.926443,0.833333,0.965926,0.258819,0.0,0.271333,-18.441461,11.0,0,2
0.008714,-0.074301,-0.001374,0.631791,0.605983,0.477424,0.074823,0.060263,0.692619,0.778261,0.209081,0.925177,0.833333,0.965926,0.258819,0.0,1.001333,-4.597282,11.0,1,2
0.002104,-0.122688,0.00947,0.604734,0.622578,0.48107,0.123071,0.055445,0.627605,0.812909,0.178921,0.876929,0.833333,0.965926,0.258819,0.0,1.691333,-34.098413,10.0,1,2
-0.003096,-0.120464,0.018694,0.593908,0.615187,0.50382,0.121945,0.04815,0.583349,0.825511,0.18651,0.878055,0.833333,0.965926,0.258819,0.0,2.411333,-61.947092,9.0,1,2
-0.027581,-0.105677,0.009004,0.637199,0.571437,0.505282,0.109587,0.055043,0.434641,0.453185,0.165751,0.890413,0.833333,0.965926,0.258819,0.0,3.141333,-76.439276,9.0,1,2
-0.074379,-0.089604,-0.02179,0.652956,0.545064,0.512267,0.118473,0.074195,0.652505,0.372762,0.268165,0.881527,0.833333,0.965926,0.258819,0.0,3.831333,-106.101689,8.0,0,2
-0.097015,-0.066799,-0.002263,0.676442,0.523637,0.504222,0.11781,0.071395,0.722649,0.299951,0.287367,0.88219,0.833333,0.965926,0.258819,0.0,4.561333,-120.980841,7.0,1,2
-0.093451,-0.044056,-0.010479,0.556113,0.471805,0.453359,0.103845,0.053244,0.809936,0.303822,0.345545,0.896155,0.833333,0.965926,0.258819,0.0,5.261333,-171.173066,6.0,0,2
-0.033064,-0.014665,0.009611,0.403818,0.344291,0.324336,0.037425,0.021393,0.731468,0.421853,0.355135,0.962575,0.833333,0.965926,0.258819,0.0,5.981333,-173.667864,6.0,1,2
