mean_x,mean_y,mean_z,std_x,std_y,std_z,R,log_rmsW,rX_ratio,rY_ratio,rZ_ratio,psi,elev_normalized,elev_sin,elev_cos,is_synthetic,time_s,azimuth_deg,az_sector,elev_class,psi_cls
0.047195,-0.01626,-0.020683,0.621801,0.576482,0.527253,0.054033,0.038943,0.724434,0.600894,0.36295,0.945967,0.444444,0.642788,0.766044,0.0,0.291333,136.38058,4.0,0,2
0.041502,-0.004847,-0.007891,0.619968,0.581879,0.52453,0.042523,0.042893,0.560276,0.66156,0.372697,0.957477,0.444444,0.642788,0.766044,0.0,1.021333,132.075132,4.0,0,2
0.035819,0.018286,-0.021492,0.612787,0.602019,0.509795,0.045599,0.046521,0.472349,0.686297,0.407445,0.954401,0.444444,0.642788,0.766044,0.0,1.701333,84.878821,2.0,0,2
0.084907,0.035245,0.001168,0.615518,0.546562,0.467492,0.091939,0.04214,0.577987,0.632918,0.394934,0.908061,0.444444,0.642788,0.766044,0.0,2.451333,74.132071,2.0,1,2
0.08061,0.02853,-0.008966,0.501187,0.434532,0.356678,0.085979,0.034993,0.634173,0.600012,0.357204,0.914021,0.444444,0.642788,0.766044,0.0,3.111333,50.510967,1.0,0,2
0.051873,0.008051,0.010013,0.31816,0.205416,0.208263,0.05344,0.018408,0.701788,0.349461,0.358677,0.94656,0.444444,0.642788,0.766044,0.0,3.881333,21.289451,0.0,1,2
