mean_x,mean_y,mean_z,std_x,std_y,std_z,R,log_rmsW,rX_ratio,rY_ratio,rZ_ratio,psi,elev_normalized,elev_sin,elev_cos,is_synthetic,time_s,azimuth_deg,az_sector,elev_class,psi_cls
0.047358,-0.014056,-0.040612,0.633204,0.614737,0.46588,0.063951,0.05177,0.704233,0.406294,0.242824,0.936049,0.444444,0.642788,0.766044,0.0,0.141333,-9.390894,11.0,0,2
-0.026887,-0.083347,-0.043064,0.622739,0.620278,0.466786,0.097591,0.066691,0.677168,0.734782,0.226229,0.902409,0.444444,0.642788,0.766044,0.0,0.881333,-22.673762,11.0,0,2
-0.048592,-0.114976,0.000285,0.602465,0.626577,0.478349,0.124823,0.05937,0.691756,0.846157,0.217144,0.875177,0.444444,0.642788,0.766044,0.0,1.581333,1.079485,0.0,1,2
-0.009588,-0.128384,-0.01079,0.605404,0.625364,0.475022,0.129193,0.042145,0.891623,0.852611,0.265456,0.870807,0.444444,0.642788,0.766044,0.0,2.301333,-58.93508,10.0,0,2
0.077858,-0.118779,-0.038466,0.588807,0.627189,0.488092,0.147139,0.033703,0.654994,0.775081,0.382876,0.852861,0.444444,0.642788,0.766044,0.0,3.031333,-69.562488,9.0,0,2
0.099727,-0.104686,-0.054206,0.594185,0.607408,0.504085,0.154411,0.06022,0.569248,0.611147,0.496727,0.845589,0.444444,0.642788,0.766044,0.0,3.721333,-64.471751,9.0,0,1
0.050063,-0.072113,-0.028724,0.601767,0.60134,0.517382,0.092367,0.060162,0.615374,0.608943,0.51711,0.907633,0.444444,0.642788,0.766044,0.0,4.441333,-64.382767,9.0,0,2
0.00617,-0.026229,-0.003519,0.495844,0.492795,0.430362,0.027174,0.041813,0.693246,0.652479,0.510965,0.972826,0.444444,0.642788,0.766044,0.0,5.161333,-70.752561,9.0,1,2
-0.007536,0.007745,0.00467,0.344614,0.337216,0.295049,0.011772,0.013574,0.683781,0.637235,0.571372,0.988228,0.444444,0.642788,0.766044,0.0,5.871333,-148.637811,7.0,1,2
