mean_x,mean_y,mean_z,std_x,std_y,std_z,R,log_rmsW,rX_ratio,rY_ratio,rZ_ratio,psi,elev_normalized,elev_sin,elev_cos,is_synthetic,time_s,azimuth_deg,az_sector,elev_class,psi_cls
0.070839,-0.062994,-0.009009,0.649268,0.585021,0.476484,0.095223,0.046519,0.732828,0.436252,0.232016,0.904777,0.444444,0.642788,0.766044,0.0,0.331333,-9.975827,11.0,0,2
-0.03007,-0.154856,-0.013661,0.624128,0.598115,0.477052,0.158339,0.065924,0.671969,0.790303,0.210705,0.841661,0.444444,0.642788,0.766044,0.0,1.091333,-23.753761,11.0,0,1
-0.081967,-0.179849,0.011462,0.587875,0.601748,0.503003,0.197979,0.061758,0.665216,0.864219,0.201117,0.802021,0.444444,0.642788,0.766044,0.0,1.801333,14.716298,0.0,1,1
-0.012091,-0.18123,-0.022496,0.588987,0.608485,0.499244,0.183021,0.047263,0.811822,0.858252,0.230306,0.816979,0.444444,0.642788,0.766044,0.0,2.481333,-64.795912,9.0,0,1
0.041277,-0.085831,-0.03383,0.585152,0.629575,0.500936,0.10107,0.030343,0.57627,0.701416,0.430125,0.89893,0.444444,0.642788,0.766044,0.0,3.221333,-70.177339,9.0,0,2
0.087044,-0.068937,-0.051094,0.588481,0.613556,0.512086,0.122227,0.057147,0.501119,0.566064,0.507181,0.877773,0.444444,0.642788,0.766044,0.0,3.911333,-72.649846,9.0,0,2
0.033468,-0.060662,-0.039641,0.601605,0.603081,0.517631,0.07982,0.060367,0.531594,0.557761,0.507197,0.92018,0.444444,0.642788,0.766044,0.0,4.611333,-111.557704,8.0,0,2
0.013423,-0.0504,-0.025202,0.557836,0.539717,0.479185,0.057927,0.045502,0.578883,0.575264,0.478028,0.942073,0.444444,0.642788,0.766044,0.0,5.341333,-76.28582,9.0,0,2
-0.008389,-0.018729,-0.002359,0.427993,0.408137,0.353959,0.020657,0.016312,0.6514,0.568158,0.489684,0.979343,0.444444,0.642788,0.766044,0.0,6.061333,-124.624006,7.0,1,2
