mean_x,mean_y,mean_z,std_x,std_y,std_z,R,log_rmsW,rX_ratio,rY_ratio,rZ_ratio,psi,elev_normalized,elev_sin,elev_cos,is_synthetic,time_s,azimuth_deg,az_sector,elev_class,psi_cls
-0.077987,0.026673,-0.009983,0.610863,0.5957,0.514783,0.083025,0.037241,0.759397,0.741496,0.401969,0.916975,0.444444,0.642788,0.766044,0.0,0.091333,-0.338398,11.0,0,2
-0.09906,0.01963,-0.023664,0.605043,0.595926,0.517656,0.103721,0.047055,0.71808,0.833209,0.494552,0.896279,0.444444,0.642788,0.766044,0.0,0.811333,76.390825,2.0,0,2
-0.027566,-0.054872,-0.04282,0.602759,0.58746,0.534651,0.074862,0.03972,0.679011,0.801973,0.545097,0.925138,0.444444,0.642788,0.766044,0.0,1.561333,-49.425087,10.0,0,2
0.001721,-0.046139,-0.047963,0.588831,0.594384,0.543561,0.066575,0.032424,0.726983,0.830513,0.626355,0.933425,0.444444,0.642788,0.766044,0.0,2.211333,-68.781665,9.0,0,2
0.041899,-0.081783,-0.047346,0.588682,0.600238,0.531406,0.103372,0.023896,0.78734,0.804133,0.491009,0.896628,0.444444,0.642788,0.766044,0.0,2.971333,-75.622829,9.0,0,2
-0.061495,-0.089287,-0.042579,0.579204,0.555333,0.521483,0.116476,0.054635,0.494753,0.373661,0.354475,0.883524,0.444444,0.642788,0.766044,0.0,4.401333,-61.340189,9.0,0,2
-0.081197,-0.047339,-0.027847,0.44256,0.439475,0.407187,0.098028,0.044509,0.414089,0.314309,0.32701,0.901972,0.444444,0.642788,0.766044,0.0,5.131333,-146.721998,7.0,0,2
-0.023235,-0.023209,-0.019959,0.296512,0.27527,0.243438,0.03843,0.020456,0.528574,0.462038,0.445128,0.96157,0.444444,0.642788,0.766044,0.0,5.811333,-121.717109,7.0,0,2
