mean_x,mean_y,mean_z,std_x,std_y,std_z,R,log_rmsW,rX_ratio,rY_ratio,rZ_ratio,psi,elev_normalized,elev_sin,elev_cos,is_synthetic,time_s,azimuth_deg,az_sector,elev_class,psi_cls
0.113376,-0.129628,-0.045767,0.619502,0.56053,0.519738,0.178191,0.044131,0.748722,0.575679,0.247781,0.821809,0.833333,0.965926,0.258819,0.0,0.091333,-5.595294,11.0,0,1
0.057993,-0.146013,-0.052595,0.616718,0.549213,0.53896,0.165678,0.042799,0.826663,0.785696,0.473899,0.834322,0.833333,0.965926,0.258819,0.0,0.851333,-27.908348,11.0,0,1
-0.004442,-0.108867,-0.035234,0.600183,0.552131,0.567213,0.114512,0.036737,0.872927,0.869365,0.579768,0.885488,0.833333,0.965926,0.258819,0.0,1.531333,-43.365651,10.0,0,2
-0.053921,-0.06043,0.016347,0.593008,0.579478,0.552825,0.082623,0.026147,1.092587,1.087608,0.750572,0.917377,0.833333,0.965926,0.258819,0.0,2.211333,-63.678061,9.0,1,2
-0.067562,-0.064197,0.034129,0.606083,0.588649,0.525507,0.099251,0.023526,1.124071,0.810845,0.424747,0.900749,0.833333,0.965926,0.258819,0.0,2.991333,-103.913034,8.0,2,2
-0.162815,-0.080957,0.050293,0.668751,0.505062,0.464373,0.188659,0.094561,0.602567,0.210801,0.151652,0.811341,0.833333,0.965926,0.258819,0.0,4.351333,-117.3462,8.0,2,1
-0.117508,-0.034601,0.044469,0.5368,0.372667,0.366863,0.130318,0.072882,0.591564,0.154991,0.161213,0.869682,0.833333,0.965926,0.258819,0.0,5.101333,-166.788066,6.0,2,2
-0.091584,-0.004338,0.038682,0.320527,0.242176,0.239488,0.099513,0.019038,1.169956,0.388269,0.353812,0.900487,0.833333,0.965926,0.258819,0.0,5.801333,179.965111,5.0,2,2
