mean_x,mean_y,mean_z,std_x,std_y,std_z,R,log_rmsW,rX_ratio,rY_ratio,rZ_ratio,psi,elev_normalized,elev_sin,elev_cos,is_synthetic,time_s,azimuth_deg,az_sector,elev_class,psi_cls
-0.072849,-0.067814,-0.005792,0.595997,0.596901,0.527683,0.099696,0.055809,0.499234,0.715349,0.259756,0.900304,0.444444,0.642788,0.766044,0.0,0.211333,-5.936412,11.0,1,2
-0.073644,-0.089127,-0.035882,0.596933,0.597677,0.521225,0.121056,0.039413,0.628696,1.002018,0.330176,0.878944,0.444444,0.642788,0.766044,0.0,0.931333,14.270168,0.0,0,2
-0.032112,-0.054026,-0.077479,0.573694,0.615675,0.530815,0.099765,0.02867,0.622011,1.089961,0.395414,0.900235,0.444444,0.642788,0.766044,0.0,1.621333,-80.953328,9.0,0,2
0.009787,-0.021443,-0.062263,0.59182,0.621594,0.50875,0.066575,0.027553,0.947575,0.783421,0.403904,0.933425,0.444444,0.642788,0.766044,0.0,2.341333,-73.166854,9.0,0,2
-0.015333,-0.0848,-0.072977,0.588233,0.565541,0.537522,0.112924,0.045194,0.835456,0.545249,0.468308,0.887076,0.444444,0.642788,0.766044,0.0,3.821333,-8.835232,11.0,0,2
-0.00053,-0.064135,-0.046365,0.4589,0.446199,0.460024,0.079142,0.035792,0.684296,0.510613,0.434925,0.920859,0.444444,0.642788,0.766044,0.0,4.501333,-91.111884,8.0,0,2
-0.004163,-0.019079,-0.031114,0.304907,0.291467,0.313594,0.036734,0.021239,0.340715,0.349338,0.349081,0.963266,0.444444,0.642788,0.766044,0.0,5.201333,173.098846,5.0,0,2
