mean_x,mean_y,mean_z,std_x,std_y,std_z,R,log_rmsW,rX_ratio,rY_ratio,rZ_ratio,psi,elev_normalized,elev_sin,elev_cos,is_synthetic,time_s,azimuth_deg,az_sector,elev_class,psi_cls
0.002782,-0.093624,0.017251,0.631069,0.560412,0.527705,0.095241,0.018125,1.085642,0.526089,0.378352,0.904759,0.0,0.0,1.0,0.0,0.391333,-16.374612,11.0,1,2
-0.033464,-0.085386,0.007577,0.599752,0.57839,0.545154,0.092022,0.022944,1.070865,1.05936,0.906812,0.907978,0.0,0.0,1.0,0.0,1.111333,-32.335199,10.0,1,2
0.013736,-0.077154,0.007024,0.581812,0.590689,0.5534,0.078681,0.020274,0.877341,1.190291,0.99796,0.921319,0.0,0.0,1.0,0.0,1.901333,-81.782967,9.0,1,2
0.064526,-0.066069,-0.024353,0.584911,0.586434,0.552007,0.095508,0.019424,0.876008,1.178542,0.994964,0.904492,0.0,0.0,1.0,0.0,2.501333,-80.796015,9.0,0,2
0.040626,-0.051401,-0.021162,0.606802,0.573113,0.546276,0.06885,0.013349,1.071522,0.928527,0.754726,0.93115,0.0,0.0,1.0,0.0,3.241333,-82.127181,9.0,0,2
-0.00227,-0.043271,-0.090909,0.615071,0.549882,0.555904,0.100707,0.024811,0.943631,0.63171,0.525289,0.899293,0.0,0.0,1.0,0.0,3.951333,-97.842043,8.0,0,2
-0.033543,-0.034842,-0.069777,0.58441,0.56521,0.509819,0.0849,0.024907,0.926649,0.640462,0.490926,0.9151,0.0,0.0,1.0,0.0,4.651333,-66.095677,9.0,0,2
-0.00479,-0.014572,-0.059425,0.447732,0.458437,0.392162,0.061372,0.01994,0.850704,0.639449,0.388585,0.938628,0.0,0.0,1.0,0.0,5.371333,-18.052753,11.0,0,2
-0.002593,0.018947,0.000762,0.269912,0.317991,0.197154,0.019139,0.005404,0.777558,1.179144,0.341481,0.980861,0.0,0.0,1.0,0.0,6.081333,-84.717946,9.0,1,2
