mean_x,mean_y,mean_z,std_x,std_y,std_z,R,log_rmsW,rX_ratio,rY_ratio,rZ_ratio,psi,elev_normalized,elev_sin,elev_cos,is_synthetic,time_s,azimuth_deg,az_sector,elev_class,psi_cls
0.240427,-0.259485,0.0,0.27373,0.304015,0.0,0.353748,0.073529,0.642035,0.766675,0.0,0.646252,0.0,0.0,1.0,1.0,0.271333,-22.500003,11.0,0,0
0.129211,-0.278053,0.0,0.195012,0.356292,0.0,0.306608,0.062454,0.473543,0.880771,0.0,0.693392,0.0,0.0,1.0,1.0,0.981333,-45.000003,10.0,0,0
0.025573,-0.261611,0.0,0.15961,0.383468,0.0,0.262857,0.051454,0.369117,0.929383,0.0,0.737143,0.0,0.0,1.0,1.0,1.681333,-67.500002,9.0,0,0
-0.108066,-0.19013,0.0,0.210988,0.321229,0.0,0.218696,0.039839,0.670457,0.741949,0.0,0.781304,0.0,0.0,1.0,1.0,2.431333,-90.0,9.0,0,1
-0.263718,-0.193145,0.0,0.343875,0.261462,0.0,0.326883,0.055992,0.829147,0.559031,0.0,0.673117,0.0,0.0,1.0,1.0,3.131333,-112.500002,8.0,0,0
-0.328777,-0.138056,0.0,0.373385,0.206507,0.0,0.356586,0.056473,0.879732,0.47547,0.0,0.643414,0.0,0.0,1.0,1.0,3.831333,-135.000003,7.0,0,0
-0.250549,-0.064711,0.0,0.372168,0.132939,0.0,0.258771,0.043664,0.946258,0.323414,0.0,0.741229,0.0,0.0,1.0,1.0,4.521333,-157.500002,6.0,0,0
-0.071633,0.0,0.0,0.214981,0.0,0.0,0.071633,0.017363,1.0,0.0,0.0,0.928367,0.0,0.0,1.0,1.0,5.271333,180.0,6.0,0,2
