mean_x,mean_y,mean_z,std_x,std_y,std_z,R,log_rmsW,rX_ratio,rY_ratio,rZ_ratio,psi,elev_normalized,elev_sin,elev_cos,is_synthetic,time_s,azimuth_deg,az_sector,elev_class,psi_cls
-0.028307,0.022736,-0.027665,0.588597,0.621646,0.514714,0.045646,0.031201,0.642935,0.682518,0.28946,0.954354,0.833333,0.965926,0.258819,0.0,0.421333,-167.566872,6.0,0,2
-0.015501,-0.04806,-0.013656,0.591662,0.635658,0.49301,0.052312,0.036957,0.420304,0.649414,0.253793,0.947688,0.833333,0.965926,0.258819,0.0,1.091333,137.683016,4.0,0,2
0.041627,-0.071834,-0.006873,0.583617,0.615533,0.522986,0.083307,0.039686,0.46077,0.507117,0.358866,0.916692,0.833333,0.965926,0.258819,0.0,1.791333,132.112369,4.0,0,2
0.041857,0.030623,0.014001,0.616629,0.586519,0.522295,0.053719,0.049172,0.416566,0.438912,0.328646,0.946281,0.833333,0.965926,0.258819,0.0,2.511333,130.87604,4.0,1,2
0.037336,0.057481,-0.035237,0.60087,0.504312,0.501833,0.077069,0.055224,0.353017,0.295189,0.269207,0.922931,0.833333,0.965926,0.258819,0.0,3.261333,37.134573,1.0,0,2
0.023408,0.056199,-0.044331,0.497964,0.368776,0.385432,0.075309,0.048515,0.345802,0.219699,0.254572,0.924691,0.833333,0.965926,0.258819,0.0,3.931333,80.110772,2.0,0,2
-0.018913,-0.005332,-0.045834,0.280143,0.196933,0.22019,0.049868,0.027665,0.353731,0.144586,0.251648,0.950132,0.833333,0.965926,0.258819,0.0,4.671333,2.916443,0.0,0,2
