mean_x,mean_y,mean_z,std_x,std_y,std_z,R,log_rmsW,rX_ratio,rY_ratio,rZ_ratio,psi,elev_normalized,elev_sin,elev_cos,is_synthetic,time_s,azimuth_deg,az_sector,elev_class,psi_cls
-0.053444,0.04445,-0.027448,0.601651,0.605431,0.515444,0.074736,0.015809,0.65817,0.864796,0.444018,0.925264,0.0,0.0,1.0,0.0,0.281333,47.30263,1.0,0,2
-0.063997,-0.009678,-0.010208,0.581489,0.61222,0.531588,0.065524,0.018504,0.545397,0.953662,0.423308,0.934475,0.0,0.0,1.0,0.0,0.901333,148.656634,4.0,0,2
-0.113822,0.01991,-0.02297,0.594413,0.607463,0.513441,0.117811,0.020867,0.495497,0.885184,0.379243,0.882189,0.0,0.0,1.0,0.0,1.601333,101.983933,3.0,0,2
-0.090804,0.039855,-0.025409,0.600684,0.600211,0.517983,0.102369,0.021955,0.532035,0.823916,0.324788,0.897631,0.0,0.0,1.0,0.0,2.311333,94.274327,3.0,0,2
-0.061088,0.06864,-0.029923,0.58767,0.52255,0.463695,0.096636,0.020016,0.844009,0.749291,0.354248,0.903364,0.0,0.0,1.0,0.0,3.071333,108.444946,3.0,0,2
-0.025631,0.034609,-0.013325,0.451676,0.413816,0.361278,0.045081,0.015044,0.977157,0.835908,0.359813,0.954919,0.0,0.0,1.0,0.0,3.741333,63.189408,2.0,0,2
-0.0173,0.020605,-0.007415,0.269147,0.217748,0.179476,0.027908,0.009249,1.359033,0.89651,0.463701,0.972092,0.0,0.0,1.0,0.0,4.451333,21.605774,0.0,0,2
