mean_x,mean_y,mean_z,std_x,std_y,std_z,R,log_rmsW,rX_ratio,rY_ratio,rZ_ratio,psi,elev_normalized,elev_sin,elev_cos,is_synthetic,time_s,azimuth_deg,az_sector,elev_class,psi_cls
-0.089384,0.248656,0.0,0.183961,0.358415,0.0,0.264233,0.03152,0.542581,0.840003,0.0,0.735767,0.0,0.0,1.0,1.0,0.211333,134.999998,4.0,0,0
0.024778,0.307431,0.0,0.159417,0.392428,0.0,0.308428,0.031562,0.382595,0.923916,0.0,0.691572,0.0,0.0,1.0,1.0,0.871333,112.499998,3.0,0,0
0.14278,0.325602,0.0,0.240893,0.380334,0.0,0.355532,0.030523,0.521651,0.853159,0.0,0.644468,0.0,0.0,1.0,1.0,1.571333,90.0,3.0,0,0
0.130492,0.188681,0.0,0.238117,0.312856,0.0,0.229409,0.026401,0.561361,0.827572,0.0,0.770591,0.0,0.0,1.0,1.0,2.331333,67.499997,2.0,0,0
0.082818,0.082768,0.0,0.221389,0.221268,0.0,0.117087,0.013828,0.707107,0.707107,0.0,0.882913,0.0,0.0,1.0,1.0,3.001333,44.999996,1.0,0,2
