mean_x,mean_y,mean_z,std_x,std_y,std_z,R,log_rmsW,rX_ratio,rY_ratio,rZ_ratio,psi,elev_normalized,elev_sin,elev_cos,is_synthetic,time_s,azimuth_deg,az_sector,elev_class,psi_cls
0.045717,-0.088601,-0.073813,0.603491,0.566071,0.547629,0.124051,0.056494,0.656307,0.722,0.384569,0.875949,0.833333,0.965926,0.258819,0.0,0.141333,-14.192344,11.0,0,2
0.021818,-0.118987,-0.06347,0.580873,0.565207,0.569555,0.13661,0.05064,0.441267,0.723776,0.364268,0.86339,0.833333,0.965926,0.258819,0.0,0.891333,-69.881049,9.0,0,2
-0.017232,-0.097473,-0.062214,0.571655,0.575682,0.572771,0.116912,0.035099,0.396051,0.699422,0.433892,0.883088,0.833333,0.965926,0.258819,0.0,1.591333,-61.255369,9.0,0,2
-0.078079,-0.089578,0.064339,0.588793,0.621559,0.498625,0.13513,0.02503,0.692591,1.095323,0.61786,0.86487,0.833333,0.965926,0.258819,0.0,2.291333,-75.414539,9.0,2,2
-0.102273,-0.059363,0.015275,0.599464,0.546746,0.486404,0.119236,0.052255,1.104027,0.744362,0.658227,0.880764,0.833333,0.965926,0.258819,0.0,3.691333,-129.240051,7.0,1,2
-0.059805,-0.013082,-0.020772,0.48158,0.378548,0.380448,0.064647,0.040796,0.918373,0.335657,0.338241,0.935353,0.833333,0.965926,0.258819,0.0,4.461333,171.726109,5.0,0,2
0.002639,-0.004493,-0.02529,0.31374,0.210618,0.213749,0.025822,0.029405,0.644153,0.20155,0.14819,0.974178,0.833333,0.965926,0.258819,0.0,5.131333,-165.205021,6.0,0,2
