mean_x,mean_y,mean_z,std_x,std_y,std_z,R,log_rmsW,rX_ratio,rY_ratio,rZ_ratio,psi,elev_normalized,elev_sin,elev_cos,is_synthetic,time_s,azimuth_deg,az_sector,elev_class,psi_cls
0.179618,-0.088152,0.0,0.323712,0.195233,0.0,0.200084,0.059929,0.851005,0.525157,0.0,0.799916,0.0,0.0,1.0,1.0,0.221333,0.0,0.0,0,1
0.16277,-0.209424,0.0,0.25504,0.310545,0.0,0.26524,0.073007,0.636774,0.771051,0.0,0.73476,0.0,0.0,1.0,1.0,0.941333,-22.500002,11.0,0,0
0.104458,-0.281965,0.0,0.189192,0.349879,0.0,0.300693,0.061833,0.472534,0.881312,0.0,0.699307,0.0,0.0,1.0,1.0,1.631333,-45.000004,10.0,0,0
-0.01767,-0.352323,0.0,0.174977,0.35976,0.0,0.352765,0.043251,0.363664,0.93153,0.0,0.647235,0.0,0.0,1.0,1.0,2.371333,-67.500002,9.0,0,0
-0.160507,-0.32492,0.0,0.229807,0.332786,0.0,0.362402,0.042515,0.673773,0.738938,0.0,0.637598,0.0,0.0,1.0,1.0,3.071333,-90.0,9.0,0,0
-0.303479,-0.297261,0.0,0.319567,0.295728,0.0,0.42481,0.058294,0.821289,0.570512,0.0,0.57519,0.0,0.0,1.0,1.0,3.761333,-112.500001,8.0,0,0
-0.307109,-0.147669,0.0,0.371021,0.222767,0.0,0.340766,0.058864,0.881127,0.47288,0.0,0.659234,0.0,0.0,1.0,1.0,4.481333,-135.000003,7.0,0,0
-0.21033,-0.056909,0.0,0.35624,0.123525,0.0,0.217893,0.046095,0.949385,0.314114,0.0,0.782107,0.0,0.0,1.0,1.0,5.181333,-157.500002,6.0,0,1
-0.048347,0.0,0.0,0.191486,0.0,0.0,0.048347,0.020399,1.0,0.0,0.0,0.951653,0.0,0.0,1.0,1.0,5.921333,180.0,6.0,0,2
