mean_x,mean_y,mean_z,std_x,std_y,std_z,R,log_rmsW,rX_ratio,rY_ratio,rZ_ratio,psi,elev_normalized,elev_sin,elev_cos,is_synthetic,time_s,azimuth_deg,az_sector,elev_class,psi_cls
-0.048188,-0.048432,-0.042389,0.573213,0.613222,0.537417,0.080402,0.036487,0.686548,0.696183,0.331006,0.919598,0.0,0.0,1.0,0.0,0.261333,-97.409054,8.0,0,2
-0.051488,-0.065318,-0.02356,0.568118,0.614316,0.540616,0.086444,0.026147,0.803412,0.915272,0.404979,0.913556,0.0,0.0,1.0,0.0,0.971333,-115.042328,8.0,0,2
-0.006724,-0.095812,-0.014569,0.57923,0.594655,0.54893,0.097146,0.020662,0.981029,1.05474,0.472109,0.902854,0.0,0.0,1.0,0.0,1.621333,-71.752747,9.0,0,2
-0.023285,-0.101018,-0.026874,0.588121,0.568354,0.565178,0.107094,0.021576,0.905565,0.849823,0.373507,0.892906,0.0,0.0,1.0,0.0,2.381333,-94.243136,8.0,0,2
-0.018077,-0.096651,-0.015322,0.602072,0.56487,0.555285,0.099513,0.026388,0.80212,0.715704,0.377003,0.900487,0.0,0.0,1.0,0.0,3.071333,-92.771879,8.0,0,2
-0.089625,-0.08585,-0.033926,0.588255,0.572771,0.536639,0.128661,0.025205,0.856464,0.64501,0.407517,0.871339,0.0,0.0,1.0,0.0,3.801333,-56.267291,10.0,0,2
-0.036365,-0.056719,-0.003111,0.469861,0.478806,0.411297,0.067447,0.014054,0.91755,0.616461,0.494292,0.932553,0.0,0.0,1.0,0.0,4.511333,-129.101326,7.0,1,2
-0.022629,-0.031845,-0.005887,0.299903,0.309614,0.276461,0.039507,0.007138,1.282283,0.659449,0.631023,0.960493,0.0,0.0,1.0,0.0,5.231333,-151.994308,6.0,1,2
