mean_x,mean_y,mean_z,std_x,std_y,std_z,R,log_rmsW,rX_ratio,rY_ratio,rZ_ratio,psi,elev_normalized,elev_sin,elev_cos,is_synthetic,time_s,azimuth_deg,az_sector,elev_class,psi_cls
-0.076905,0.014515,-0.011529,0.591847,0.598391,0.534105,0.079107,0.016656,0.61225,0.862075,0.463354,0.920893,0.0,0.0,1.0,0.0,0.121333,160.907463,5.0,0,2
-0.077325,0.032992,0.031632,0.579551,0.617563,0.523982,0.089823,0.014885,0.542994,0.960358,0.451573,0.910177,0.0,0.0,1.0,0.0,0.821333,110.52209,3.0,2,2
-0.052799,0.042962,0.041018,0.578097,0.625689,0.51758,0.079473,0.018753,0.413025,0.810455,0.319023,0.920527,0.0,0.0,1.0,0.0,1.511333,90.836729,3.0,2,2
-0.014489,0.049248,0.029873,0.604204,0.600604,0.520133,0.059394,0.018406,0.381535,0.635939,0.245659,0.940606,0.0,0.0,1.0,0.0,2.271333,101.744289,3.0,2,2
-0.023646,0.067588,0.000834,0.615932,0.592818,0.513715,0.07161,0.01471,0.44459,0.593545,0.254823,0.92839,0.0,0.0,1.0,0.0,2.951333,71.550893,2.0,1,2
-0.035976,0.036135,-0.002874,0.510965,0.488839,0.413601,0.051071,0.007366,0.421246,0.326685,0.207343,0.948929,0.0,0.0,1.0,0.0,3.661333,40.810287,1.0,1,2
