mean_x,mean_y,mean_z,std_x,std_y,std_z,R,log_rmsW,rX_ratio,rY_ratio,rZ_ratio,psi,elev_normalized,elev_sin,elev_cos,is_synthetic,time_s,azimuth_deg,az_sector,elev_class,psi_cls
-0.059876,-0.058022,-0.019572,0.606741,0.57706,0.539811,0.085643,0.030998,0.663421,0.347673,0.308503,0.914357,0.0,0.0,1.0,0.0,0.211333,5.327734,0.0,0,2
-0.013534,-0.126456,-0.025401,0.580281,0.595032,0.5406,0.12969,0.037318,0.485121,0.680564,0.258535,0.87031,0.0,0.0,1.0,0.0,0.941333,-139.397695,7.0,0,2
-0.008522,-0.090923,0.00852,0.585287,0.594108,0.54393,0.091718,0.030155,0.452256,0.805795,0.267987,0.908282,0.0,0.0,1.0,0.0,1.621333,-60.972865,9.0,1,2
0.026612,-0.094933,0.002823,0.578531,0.590475,0.55382,0.098633,0.022729,0.316047,0.825096,0.258971,0.901367,0.0,0.0,1.0,0.0,2.351333,-69.575162,9.0,1,2
-0.022712,-0.057751,0.02824,0.546725,0.552038,0.514832,0.06818,0.018304,0.619315,0.77596,0.514681,0.93182,0.0,0.0,1.0,0.0,4.511333,141.890375,4.0,2,2
-0.021442,-0.009673,0.011935,0.429111,0.448576,0.396668,0.026377,0.014663,0.66279,0.882311,0.528816,0.973623,0.0,0.0,1.0,0.0,5.171333,-112.553083,8.0,1,2
0.002392,-0.006206,-0.003314,0.245631,0.261202,0.234149,0.007431,0.00905,0.605268,0.752099,0.442814,0.992569,0.0,0.0,1.0,0.0,5.891333,-112.455848,8.0,1,2
