mean_x,mean_y,mean_z,std_x,std_y,std_z,R,log_rmsW,rX_ratio,rY_ratio,rZ_ratio,psi,elev_normalized,elev_sin,elev_cos,is_synthetic,time_s,azimuth_deg,az_sector,elev_class,psi_cls
-0.06086,-0.006627,-0.018723,0.591877,0.594007,0.54088,0.064018,0.015515,0.588778,0.993953,0.464075,0.935982,0.0,0.0,1.0,0.0,0.341333,161.264821,5.0,0,2
-0.050931,0.020727,0.00532,0.577731,0.612129,0.536901,0.055244,0.012646,0.62328,1.182106,0.515162,0.944756,0.0,0.0,1.0,0.0,0.991333,88.056633,2.0,1,2
-0.025916,0.056352,-0.005485,0.573631,0.614162,0.538197,0.062268,0.016742,0.502431,0.869492,0.355372,0.937732,0.0,0.0,1.0,0.0,1.711333,107.974717,3.0,1,2
0.016525,0.035217,-0.008215,0.387765,0.397565,0.352849,0.039759,0.012895,0.506697,0.76603,0.327169,0.960241,0.0,0.0,1.0,0.0,3.141333,73.275528,2.0,0,2
-0.007604,0.010079,-0.003003,0.207792,0.189498,0.142438,0.012978,0.005639,0.697031,0.856292,0.329473,0.987022,0.0,0.0,1.0,0.0,3.811333,57.761453,1.0,1,2
