mean_x,mean_y,mean_z,std_x,std_y,std_z,R,log_rmsW,rX_ratio,rY_ratio,rZ_ratio,psi,elev_normalized,elev_sin,elev_cos,is_synthetic,time_s,azimuth_deg,az_sector,elev_class,psi_cls
-0.057877,-0.044376,-0.007714,0.618504,0.588033,0.515904,0.073338,0.025313,0.544548,0.678686,0.352746,0.926662,0.0,0.0,1.0,0.0,0.321333,161.152004,5.0,0,2
-0.053056,-0.044393,-0.015132,0.609038,0.597244,0.516922,0.070814,0.025132,0.458522,0.807391,0.311334,0.929186,0.0,0.0,1.0,0.0,1.011333,121.817901,4.0,0,2
-0.058681,-0.039382,0.025198,0.606806,0.593425,0.523278,0.075029,0.019005,0.639263,0.906835,0.30017,0.924971,0.0,0.0,1.0,0.0,1.761333,114.225749,3.0,2,2
0.011448,-0.05725,0.009717,0.615361,0.528498,0.49713,0.059187,0.024469,0.856094,0.660562,0.262392,0.940813,0.0,0.0,1.0,0.0,2.441333,84.814706,2.0,1,2
0.031992,-0.0346,-0.003405,0.506628,0.400548,0.386471,0.047247,0.021205,0.966109,0.511361,0.265019,0.952753,0.0,0.0,1.0,0.0,3.121333,51.318174,1.0,1,2
0.02399,-0.023077,-0.000193,0.302342,0.194489,0.220066,0.033288,0.014725,0.913355,0.35632,0.221324,0.966712,0.0,0.0,1.0,0.0,3.901333,20.883287,0.0,1,2
