mean_x,mean_y,mean_z,std_x,std_y,std_z,R,log_rmsW,rX_ratio,rY_ratio,rZ_ratio,psi,elev_normalized,elev_sin,elev_cos,is_synthetic,time_s,azimuth_deg,az_sector,elev_class,psi_cls
-0.012248,-0.091487,-0.009499,0.633251,0.565605,0.519921,0.092791,0.025171,0.752645,0.39438,0.41263,0.907209,0.0,0.0,1.0,0.0,0.191333,-11.757382,11.0,0,2
-0.030591,-0.080607,-0.000869,0.597518,0.584433,0.54207,0.086222,0.025605,0.910391,0.872338,0.908221,0.913778,0.0,0.0,1.0,0.0,0.931333,-144.104601,7.0,1,2
-0.025709,-0.078874,0.010899,0.567839,0.589328,0.568413,0.083671,0.021939,0.903172,1.02567,1.053128,0.916329,0.0,0.0,1.0,0.0,1.641333,-136.276746,7.0,1,2
0.01096,-0.102106,0.007678,0.56867,0.579333,0.574639,0.102979,0.016936,1.008816,1.132946,1.188587,0.897021,0.0,0.0,1.0,0.0,2.291333,-81.41472,9.0,1,2
0.015652,-0.070703,0.008932,0.57947,0.593358,0.55378,0.072963,0.012272,1.099102,1.065657,0.881948,0.927037,0.0,0.0,1.0,0.0,3.071333,-77.574989,9.0,1,2
-0.009179,-0.083172,0.006075,0.578751,0.597173,0.548868,0.083897,0.026951,0.850185,0.674178,0.62411,0.916103,0.0,0.0,1.0,0.0,3.731333,-99.016251,8.0,1,2
-0.046433,-0.076046,0.00115,0.548214,0.596472,0.484234,0.089109,0.027105,0.853099,0.654409,0.597559,0.910891,0.0,0.0,1.0,0.0,4.461333,-69.146365,9.0,1,2
-0.024601,-0.060203,0.006033,0.414699,0.480323,0.369919,0.065314,0.018346,0.805687,0.738864,0.700339,0.934686,0.0,0.0,1.0,0.0,5.171333,-152.277976,6.0,1,2
-0.017246,-0.002726,0.005478,0.274725,0.288919,0.198919,0.018299,0.005574,1.232665,0.913432,0.406808,0.981701,0.0,0.0,1.0,0.0,5.861333,-42.919344,10.0,1,2
