mean_x,mean_y,mean_z,std_x,std_y,std_z,R,log_rmsW,rX_ratio,rY_ratio,rZ_ratio,psi,elev_normalized,elev_sin,elev_cos,is_synthetic,time_s,azimuth_deg,az_sector,elev_class,psi_cls
0.048416,-0.048277,0.019992,0.63436,0.59801,0.48458,0.071235,0.048489,0.548053,0.488819,0.251894,0.928765,0.833333,0.965926,0.258819,0.0,0.341333,-2.639679,11.0,1,2
-0.004804,-0.105894,0.059047,0.633105,0.602789,0.470114,0.12134,0.080147,0.407156,0.479977,0.182817,0.87866,0.833333,0.965926,0.258819,0.0,1.091333,-16.283349,11.0,2,2
-0.03598,-0.154787,-0.030269,0.617276,0.566566,0.52127,0.16177,0.074355,0.370899,0.502228,0.181231,0.83823,0.833333,0.965926,0.258819,0.0,1.801333,-62.8363,9.0,0,1
-0.052926,-0.155499,-0.037713,0.597954,0.575742,0.531486,0.168533,0.051876,0.412705,0.545622,0.197908,0.831467,0.833333,0.965926,0.258819,0.0,2.501333,-54.453585,10.0,0,1
-0.031349,-0.109156,-0.096203,0.598287,0.565023,0.548218,0.148838,0.022296,1.370434,0.833479,0.457501,0.851162,0.833333,0.965926,0.258819,0.0,3.231333,-89.07164,9.0,0,2
-0.202369,-0.050682,-0.00477,0.618106,0.537841,0.533831,0.208673,0.051475,1.369336,0.404364,0.344844,0.791327,0.833333,0.965926,0.258819,0.0,4.591333,-137.133615,7.0,1,1
-0.176012,-0.026204,0.019434,0.563723,0.501327,0.503664,0.179009,0.045858,1.35382,0.338098,0.344357,0.820991,0.833333,0.965926,0.258819,0.0,5.301333,-174.087756,6.0,1,1
-0.05497,-0.016036,0.00341,0.415523,0.385935,0.393691,0.057363,0.024393,0.631856,0.336745,0.302069,0.942637,0.833333,0.965926,0.258819,0.0,6.051333,-165.508547,6.0,1,2
