mean_x,mean_y,mean_z,std_x,std_y,std_z,R,log_rmsW,rX_ratio,rY_ratio,rZ_ratio,psi,elev_normalized,elev_sin,elev_cos,is_synthetic,time_s,azimuth_deg,az_sector,elev_class,psi_cls
-0.108575,0.031245,0.002715,0.599678,0.601137,0.515881,0.113014,0.015899,0.792983,0.831034,0.558237,0.886986,0.0,0.0,1.0,0.0,0.321333,129.31395,4.0,1,2
-0.115961,0.061156,-0.002117,0.60638,0.598427,0.506808,0.131117,0.014116,0.852723,0.915912,0.619007,0.868883,0.0,0.0,1.0,0.0,0.951333,144.663835,4.0,1,2
-0.100209,0.106218,-0.016036,0.602383,0.600532,0.504766,0.146906,0.017618,0.581595,0.782343,0.410816,0.853094,0.0,0.0,1.0,0.0,1.651333,118.662462,3.0,0,2
-0.039592,0.08873,0.001154,0.422723,0.37657,0.323456,0.097169,0.016957,0.576456,0.733857,0.348707,0.902831,0.0,0.0,1.0,0.0,3.141333,112.055806,3.0,1,2
-8.7e-05,0.042978,0.018433,0.204473,0.211406,0.161046,0.046765,0.012585,0.416624,0.847812,0.297599,0.953235,0.0,0.0,1.0,0.0,3.781333,58.619088,1.0,1,2
