mean_x,mean_y,mean_z,std_x,std_y,std_z,R,log_rmsW,rX_ratio,rY_ratio,rZ_ratio,psi,elev_normalized,elev_sin,elev_cos,is_synthetic,time_s,azimuth_deg,az_sector,elev_class,psi_cls
-0.043195,0.008369,-0.070427,0.617678,0.597255,0.504744,0.083041,0.020854,0.914028,0.59704,0.35178,0.916959,0.0,0.0,1.0,0.0,0.241333,25.500246,0.0,0,2
-0.048169,-0.053735,-0.050449,0.591858,0.607059,0.522817,0.08805,0.027281,0.612859,0.960779,0.436163,0.91195,0.0,0.0,1.0,0.0,0.971333,147.803488,4.0,0,2
-0.021235,-0.051453,-0.053071,0.577609,0.620454,0.524787,0.076908,0.024457,0.616392,1.019343,0.447853,0.923092,0.0,0.0,1.0,0.0,1.681333,-177.138253,6.0,0,2
-0.000251,-0.079374,-0.021771,0.569228,0.622482,0.530625,0.082306,0.016372,0.552255,0.929467,0.464318,0.917694,0.0,0.0,1.0,0.0,2.401333,-97.825716,8.0,0,2
-0.019723,-0.090948,-0.003353,0.565795,0.607655,0.549359,0.093123,0.011554,0.780696,1.12889,0.683957,0.906877,0.0,0.0,1.0,0.0,3.081333,-66.032015,9.0,1,2
-0.021681,-0.093112,0.028255,0.580266,0.601573,0.539733,0.09969,0.016314,0.661063,0.959322,0.602837,0.90031,0.0,0.0,1.0,0.0,3.791333,-84.097432,9.0,2,2
-0.016392,-0.043022,0.024334,0.593446,0.586514,0.548569,0.052074,0.01725,0.705904,0.787702,0.591549,0.947926,0.0,0.0,1.0,0.0,4.561333,-43.706069,10.0,2,2
-0.00867,0.006629,-0.005907,0.52709,0.528118,0.476523,0.01241,0.014778,0.74343,0.848949,0.619792,0.98759,0.0,0.0,1.0,0.0,5.191333,-106.202543,8.0,1,2
-0.003295,0.015232,-0.003646,0.383316,0.380016,0.356968,0.016005,0.007194,0.963261,0.787851,0.805545,0.983994,0.0,0.0,1.0,0.0,5.921333,-91.7379,8.0,1,2
