mean_x,mean_y,mean_z,std_x,std_y,std_z,R,log_rmsW,rX_ratio,rY_ratio,rZ_ratio,psi,elev_normalized,elev_sin,elev_cos,is_synthetic,time_s,azimuth_deg,az_sector,elev_class,psi_cls
0.028748,-0.087897,-0.038122,0.61084,0.576085,0.533736,0.100028,0.033258,1.218116,0.797308,0.346317,0.899972,0.833333,0.965926,0.258819,0.0,0.211333,-35.263707,10.0,0,2
0.002867,-0.120126,-0.026609,0.597906,0.575699,0.543912,0.123071,0.050588,0.78633,0.654023,0.321964,0.876929,0.833333,0.965926,0.258819,0.0,0.881333,-16.323805,11.0,0,2
-0.033316,-0.074728,-0.013536,0.589414,0.58495,0.550792,0.082931,0.043488,0.506108,0.628532,0.309203,0.917069,0.833333,0.965926,0.258819,0.0,1.601333,-33.252384,10.0,0,2
-0.033785,-0.096325,0.023729,0.575651,0.590346,0.555807,0.1048,0.032076,0.199016,0.544863,0.356869,0.8952,0.833333,0.965926,0.258819,0.0,2.341333,-82.995666,9.0,2,2
-0.103626,-0.079933,0.042885,0.655746,0.550971,0.497308,0.13772,0.047152,1.482727,0.474161,0.336039,0.86228,0.833333,0.965926,0.258819,0.0,3.741333,-93.972,8.0,2,2
-0.12039,-0.036036,0.040397,0.627956,0.488058,0.467834,0.132001,0.052398,1.310529,0.314042,0.292258,0.867999,0.833333,0.965926,0.258819,0.0,4.521333,-33.167233,10.0,2,2
-0.125132,-0.023669,0.035581,0.50113,0.379485,0.37582,0.132228,0.048404,1.361871,0.32083,0.303556,0.867772,0.833333,0.965926,0.258819,0.0,5.151333,-172.509185,6.0,2,2
-0.01308,-0.019065,0.007869,0.286643,0.233745,0.215681,0.024423,0.026158,0.599562,0.246474,0.177962,0.975577,0.833333,0.965926,0.258819,0.0,5.891333,-161.698099,6.0,1,2
