mean_x,mean_y,mean_z,std_x,std_y,std_z,R,log_rmsW,rX_ratio,rY_ratio,rZ_ratio,psi,elev_normalized,elev_sin,elev_cos,is_synthetic,time_s,azimuth_deg,az_sector,elev_class,psi_cls
-0.194025,0.230248,0.0,0.25886,0.314196,0.0,0.301097,0.034769,0.650145,0.75981,0.0,0.698903,0.0,0.0,1.0,1.0,0.411333,157.499998,5.0,0,0
-0.125038,0.314865,0.0,0.212247,0.367762,0.0,0.338784,0.037382,0.45181,0.892114,0.0,0.661216,0.0,0.0,1.0,1.0,1.081333,134.999998,4.0,0,0
0.026164,0.397464,0.0,0.189531,0.3893,0.0,0.398324,0.035629,0.294332,0.955703,0.0,0.601676,0.0,0.0,1.0,1.0,1.781333,112.499998,3.0,0,0
0.154506,0.358865,0.0,0.21636,0.362186,0.0,0.390712,0.038613,0.517861,0.855465,0.0,0.609288,0.0,0.0,1.0,1.0,2.501333,90.0,3.0,0,0
0.224185,0.2622,0.0,0.280497,0.31143,0.0,0.344976,0.039195,0.773507,0.633788,0.0,0.655024,0.0,0.0,1.0,1.0,3.231333,67.499998,2.0,0,0
0.157055,0.110097,0.0,0.284311,0.204521,0.0,0.191801,0.033754,0.838875,0.544323,0.0,0.808199,0.0,0.0,1.0,1.0,3.911333,44.999998,1.0,0,1
0.049818,0.020654,0.0,0.178161,0.074002,0.0,0.05393,0.01835,0.92388,0.382683,0.0,0.94607,0.0,0.0,1.0,1.0,4.661333,22.499999,0.0,0,2
