mean_x,mean_y,mean_z,std_x,std_y,std_z,R,log_rmsW,rX_ratio,rY_ratio,rZ_ratio,psi,elev_normalized,elev_sin,elev_cos,is_synthetic,time_s,azimuth_deg,az_sector,elev_class,psi_cls
-0.005502,-0.04893,-0.051714,0.633358,0.59287,0.492087,0.071405,0.035542,1.012761,0.693781,0.300385,0.928595,0.833333,0.965926,0.258819,0.0,0.341333,-14.160027,11.0,0,2
-0.026972,-0.09128,-0.037044,0.623911,0.593566,0.497885,0.102136,0.05201,0.734713,0.66611,0.367803,0.897864,0.833333,0.965926,0.258819,0.0,1.051333,-14.370957,11.0,0,2
-0.067148,-0.089922,-0.015271,0.61377,0.588811,0.513431,0.11326,0.048672,0.671359,0.715876,0.378285,0.88674,0.833333,0.965926,0.258819,0.0,1.721333,-34.576344,10.0,0,2
-0.084912,-0.080324,-0.008969,0.604175,0.584098,0.529081,0.117228,0.036529,0.603585,0.682917,0.430097,0.882772,0.833333,0.965926,0.258819,0.0,2.461333,-63.19638,9.0,0,2
-0.102087,-0.024073,-0.037378,0.61018,0.572651,0.535936,0.111348,0.03543,0.893088,0.591669,0.394169,0.888652,0.833333,0.965926,0.258819,0.0,3.211333,-85.155627,9.0,0,2
-0.073457,-0.003187,-0.070364,0.600451,0.556341,0.565246,0.10177,0.06639,0.814437,0.370849,0.308112,0.89823,0.833333,0.965926,0.258819,0.0,3.871333,-108.580953,8.0,0,2
-0.10005,0.027331,-0.034541,0.571503,0.475845,0.523646,0.109317,0.068212,0.885691,0.333253,0.303149,0.890683,0.833333,0.965926,0.258819,0.0,4.581333,-121.099879,7.0,0,2
-0.069571,0.031857,-0.008541,0.439015,0.344361,0.408616,0.076993,0.05493,0.835661,0.292037,0.262337,0.923007,0.833333,0.965926,0.258819,0.0,5.291333,-160.845806,6.0,0,2
-0.042275,-0.000296,0.024556,0.255304,0.152645,0.168445,0.04889,0.020256,1.162907,0.395988,0.341175,0.95111,0.833333,0.965926,0.258819,0.0,6.021333,179.30968,5.0,2,2
