mean_x,mean_y,mean_z,std_x,std_y,std_z,R,log_rmsW,rX_ratio,rY_ratio,rZ_ratio,psi,elev_normalized,elev_sin,elev_cos,is_synthetic,time_s,azimuth_deg,az_sector,elev_class,psi_cls
-0.016392,0.010345,-0.00704,0.596389,0.599328,0.533344,0.020623,0.013049,0.644971,0.648367,0.343128,0.979377,0.0,0.0,1.0,0.0,0.561333,-132.723703,7.0,0,2
-0.017897,0.009317,-0.060098,0.582937,0.600129,0.543904,0.063395,0.018135,0.49061,0.916583,0.281625,0.936605,0.0,0.0,1.0,0.0,1.171333,138.480679,4.0,0,2
0.001242,0.043926,-0.059544,0.570078,0.609098,0.546245,0.074004,0.022593,0.4454,0.859843,0.278668,0.925996,0.0,0.0,1.0,0.0,1.871333,120.068275,4.0,0,2
-0.017623,0.059728,-0.070383,0.573125,0.59465,0.555804,0.093977,0.020347,0.514719,0.910218,0.307404,0.906023,0.0,0.0,1.0,0.0,2.611333,105.31589,3.0,0,2
0.050896,0.033157,-0.00571,0.592841,0.505591,0.477092,0.061011,0.019587,0.83546,0.583156,0.302033,0.938989,0.0,0.0,1.0,0.0,3.331333,71.604279,2.0,1,2
0.038179,0.01369,-0.000521,0.490746,0.370466,0.344662,0.040563,0.016411,0.943322,0.50825,0.29173,0.959437,0.0,0.0,1.0,0.0,4.011333,54.816328,1.0,1,2
0.049159,-0.001467,0.017414,0.29428,0.179328,0.13075,0.052173,0.012187,0.987044,0.3366,0.209051,0.947827,0.0,0.0,1.0,0.0,4.731333,9.531772,0.0,1,2
