mean_x,mean_y,mean_z,std_x,std_y,std_z,R,log_rmsW,rX_ratio,rY_ratio,rZ_ratio,psi,elev_normalized,elev_sin,elev_cos,is_synthetic,time_s,azimuth_deg,az_sector,elev_class,psi_cls
0.184116,-0.18909,0.0,0.272242,0.287117,0.0,0.26392,0.071501,0.663852,0.747864,0.0,0.73608,0.0,0.0,1.0,1.0,0.201333,-22.500002,11.0,0,0
0.092427,-0.231852,0.0,0.187001,0.34633,0.0,0.249596,0.060232,0.487895,0.872902,0.0,0.750404,0.0,0.0,1.0,1.0,0.911333,-45.000004,10.0,0,0
0.002765,-0.241909,0.0,0.143373,0.361875,0.0,0.241925,0.044003,0.361357,0.932428,0.0,0.758075,0.0,0.0,1.0,1.0,1.621333,-67.500002,9.0,0,0
-0.108498,-0.203255,0.0,0.20519,0.310641,0.0,0.2304,0.044397,0.673973,0.738756,0.0,0.7696,0.0,0.0,1.0,1.0,2.381333,-90.0,9.0,0,0
-0.21838,-0.180841,0.0,0.304005,0.255936,0.0,0.283537,0.061688,0.824477,0.565895,0.0,0.716463,0.0,0.0,1.0,1.0,3.061333,-112.500004,8.0,0,0
-0.312433,-0.112168,0.0,0.365855,0.192551,0.0,0.331958,0.060008,0.878032,0.478601,0.0,0.668042,0.0,0.0,1.0,1.0,3.781333,-135.000004,7.0,0,0
-0.235139,-0.042849,0.0,0.359585,0.106569,0.0,0.239012,0.045368,0.944303,0.329078,0.0,0.760988,0.0,0.0,1.0,1.0,4.471333,-157.500002,6.0,0,0
-0.111181,0.0,0.0,0.275782,0.0,0.0,0.111181,0.018773,1.0,0.0,0.0,0.888819,0.0,0.0,1.0,1.0,5.211333,180.0,6.0,0,2
