mean_x,mean_y,mean_z,std_x,std_y,std_z,R,log_rmsW,rX_ratio,rY_ratio,rZ_ratio,psi,elev_normalized,elev_sin,elev_cos,is_synthetic,time_s,azimuth_deg,az_sector,elev_class,psi_cls
-0.108323,0.005214,-0.017766,0.608182,0.619509,0.483886,0.109894,0.026061,0.824043,1.152051,0.367293,0.890106,0.833333,0.965926,0.258819,0.0,0.331333,-170.548843,6.0,0,2
-0.088381,0.047822,0.002585,0.597265,0.624559,0.492819,0.100523,0.021223,0.756732,1.382114,0.432246,0.899477,0.833333,0.965926,0.258819,0.0,0.981333,118.509838,3.0,1,2
-0.122443,0.000566,-0.004633,0.578563,0.632087,0.500507,0.122532,0.027747,0.581176,1.02291,0.36674,0.877468,0.833333,0.965926,0.258819,0.0,1.711333,84.740761,2.0,1,2
-0.066739,-0.018034,0.00054,0.374086,0.440796,0.314844,0.069135,0.025416,0.529966,0.813249,0.318054,0.930865,0.833333,0.965926,0.258819,0.0,3.131333,114.112353,3.0,1,2
0.002464,0.009326,-0.008712,0.157247,0.215002,0.148538,0.012998,0.012893,0.219339,0.368424,0.200313,0.987002,0.833333,0.965926,0.258819,0.0,3.821333,58.87396,1.0,0,2
