mean_x,mean_y,mean_z,std_x,std_y,std_z,R,log_rmsW,rX_ratio,rY_ratio,rZ_ratio,psi,elev_normalized,elev_sin,elev_cos,is_synthetic,time_s,azimuth_deg,az_sector,elev_class,psi_cls
-0.051844,-0.003257,-0.041439,0.5572,0.633581,0.532541,0.06645,0.019225,0.524017,0.674286,0.386346,0.93355,0.0,0.0,1.0,0.0,0.401333,136.106792,4.0,0,2
-0.050614,-0.030148,-0.008069,0.559477,0.621918,0.544575,0.059463,0.018997,0.470962,0.822952,0.356357,0.940537,0.0,0.0,1.0,0.0,1.091333,126.962021,4.0,0,2
-0.05631,-0.019121,-0.00044,0.553496,0.631595,0.539492,0.05947,0.022114,0.39006,0.837172,0.360215,0.94053,0.0,0.0,1.0,0.0,1.781333,128.13529,4.0,1,2
-0.061077,0.027031,-0.009922,0.550166,0.632705,0.540641,0.067524,0.024421,0.411482,0.874438,0.292285,0.932476,0.0,0.0,1.0,0.0,2.501333,97.636678,3.0,0,2
-0.058061,0.05066,-0.035079,0.580184,0.544617,0.493885,0.084664,0.025757,0.472633,0.65641,0.263285,0.915336,0.0,0.0,1.0,0.0,3.241333,93.016169,3.0,0,2
-0.040506,0.036104,-0.04534,0.473656,0.406157,0.380919,0.070711,0.021515,0.476015,0.573445,0.216047,0.929289,0.0,0.0,1.0,0.0,3.931333,69.02632,2.0,0,2
-0.028671,0.016051,-0.023577,0.288178,0.179318,0.218203,0.040442,0.011996,0.402268,0.192386,0.319123,0.959558,0.0,0.0,1.0,0.0,4.681333,26.634997,0.0,0,2
