mean_x,mean_y,mean_z,std_x,std_y,std_z,R,log_rmsW,rX_ratio,rY_ratio,rZ_ratio,psi,elev_normalized,elev_sin,elev_cos,is_synthetic,time_s,azimuth_deg,az_sector,elev_class,psi_cls
0.291013,-0.124008,0.0,0.375972,0.200478,0.0,0.316333,0.063964,0.870641,0.491919,0.0,0.683667,0.0,0.0,1.0,1.0,0.151333,0.0,0.0,0,0
0.241352,-0.22928,0.0,0.310536,0.294752,0.0,0.332897,0.072995,0.669154,0.743124,0.0,0.667103,0.0,0.0,1.0,1.0,0.881333,-22.500002,11.0,0,0
0.09906,-0.238692,0.0,0.183111,0.351799,0.0,0.258432,0.059465,0.461941,0.88691,0.0,0.741568,0.0,0.0,1.0,1.0,1.571333,-45.000003,10.0,0,0
0.007559,-0.237248,0.0,0.144883,0.361724,0.0,0.237368,0.038769,0.349977,0.936758,0.0,0.762632,0.0,0.0,1.0,1.0,2.301333,-67.500002,9.0,0,0
-0.127858,-0.20775,0.0,0.226443,0.316286,0.0,0.243942,0.039771,0.673182,0.739477,0.0,0.756058,0.0,0.0,1.0,1.0,3.041333,-90.0,9.0,0,0
-0.26237,-0.212175,0.0,0.327024,0.26776,0.0,0.337426,0.065276,0.855606,0.517627,0.0,0.662574,0.0,0.0,1.0,1.0,3.711333,-112.5,8.0,0,0
-0.468484,-0.141857,0.0,0.400815,0.215984,0.0,0.48949,0.063793,0.896319,0.443411,0.0,0.51051,0.0,0.0,1.0,1.0,4.431333,-135.000003,7.0,0,0
-0.369496,-0.051876,0.0,0.424294,0.116943,0.0,0.37312,0.047869,0.939784,0.341769,0.0,0.62688,0.0,0.0,1.0,1.0,5.131333,-157.500002,6.0,0,0
-0.228497,0.0,0.0,0.391419,0.0,0.0,0.228497,0.01848,1.0,0.0,0.0,0.771503,0.0,0.0,1.0,1.0,5.841333,180.0,6.0,0,0
