mean_x,mean_y,mean_z,std_x,std_y,std_z,R,log_rmsW,rX_ratio,rY_ratio,rZ_ratio,psi,elev_normalized,elev_sin,elev_cos,is_synthetic,time_s,azimuth_deg,az_sector,elev_class,psi_cls
-0.076209,-0.045821,-0.005068,0.590175,0.595617,0.537481,0.089068,0.02911,0.772227,0.899383,0.372133,0.910932,0.833333,0.965926,0.258819,0.0,0.111333,-169.472313,6.0,1,2
-0.098469,-0.031709,0.002163,0.583808,0.612102,0.523117,0.103471,0.026994,0.625637,0.963837,0.357037,0.896529,0.833333,0.965926,0.258819,0.0,0.791333,127.102207,4.0,1,2
-0.127333,-0.009792,-0.013798,0.586221,0.614735,0.51163,0.128452,0.029222,0.621636,0.918219,0.369448,0.871548,0.833333,0.965926,0.258819,0.0,1.511333,71.22245,2.0,0,2
-0.081189,0.018268,-0.051313,0.585649,0.591634,0.545177,0.097767,0.029309,0.594423,0.721132,0.359033,0.902233,0.833333,0.965926,0.258819,0.0,2.271333,141.205631,4.0,0,2
-0.065468,0.009195,-0.055698,0.594376,0.583351,0.546547,0.086446,0.024679,0.603667,0.721603,0.370928,0.913554,0.833333,0.965926,0.258819,0.0,2.941333,109.674123,3.0,0,2
-0.009616,0.002591,-0.051149,0.48239,0.473493,0.462005,0.05211,0.013409,0.291176,0.259499,0.32071,0.94789,0.833333,0.965926,0.258819,0.0,3.661333,58.899699,1.0,0,2
