mean_x,mean_y,mean_z,std_x,std_y,std_z,R,log_rmsW,rX_ratio,rY_ratio,rZ_ratio,psi,elev_normalized,elev_sin,elev_cos,is_synthetic,time_s,azimuth_deg,az_sector,elev_class,psi_cls
0.254294,-0.110136,0.0,0.348363,0.203174,0.0,0.277119,0.064649,0.857465,0.514542,0.0,0.722881,0.0,0.0,1.0,1.0,0.091333,0.0,0.0,0,0
0.259537,-0.333016,0.0,0.283932,0.370991,0.0,0.422208,0.069899,0.697237,0.716841,0.0,0.577792,0.0,0.0,1.0,1.0,0.811333,-22.500003,11.0,0,0
0.147025,-0.523489,0.0,0.208897,0.42593,0.0,0.543743,0.055451,0.51252,0.858675,0.0,0.456257,0.0,0.0,1.0,1.0,1.511333,-45.000003,10.0,0,0
0.065878,-0.535585,0.0,0.193,0.429855,0.0,0.539621,0.040874,0.365419,0.930843,0.0,0.460379,0.0,0.0,1.0,1.0,2.211333,-67.500002,9.0,0,0
-0.123219,-0.375338,0.0,0.240237,0.41036,0.0,0.395046,0.036539,0.668395,0.743806,0.0,0.604954,0.0,0.0,1.0,1.0,2.981333,-90.0,9.0,0,0
-0.258333,-0.19916,0.0,0.343493,0.281356,0.0,0.326191,0.063734,0.861196,0.508273,0.0,0.673809,0.0,0.0,1.0,1.0,3.661333,-112.500002,8.0,0,0
-0.363563,-0.14446,0.0,0.390801,0.231174,0.0,0.391212,0.063952,0.907193,0.420715,0.0,0.608788,0.0,0.0,1.0,1.0,4.361333,-135.000003,7.0,0,0
-0.264035,-0.053434,0.0,0.383681,0.120758,0.0,0.269388,0.052499,0.941768,0.336263,0.0,0.730612,0.0,0.0,1.0,1.0,5.071333,-157.500002,6.0,0,0
-0.110727,0.0,0.0,0.281708,0.0,0.0,0.110727,0.019771,1.0,0.0,0.0,0.889273,0.0,0.0,1.0,1.0,5.791333,180.0,6.0,0,2
