mean_x,mean_y,mean_z,std_x,std_y,std_z,R,log_rmsW,rX_ratio,rY_ratio,rZ_ratio,psi,elev_normalized,elev_sin,elev_cos,is_synthetic,time_s,azimuth_deg,az_sector,elev_class,psi_cls
-0.103143,0.063254,0.000891,0.618232,0.573329,0.52377,0.120997,0.034699,0.822582,0.844105,0.455064,0.879003,0.444444,0.642788,0.766044,0.0,0.271333,-1.460503,11.0,1,2
-0.136033,0.0288,-0.020939,0.609724,0.579349,0.522214,0.140616,0.049634,0.683293,0.880798,0.403863,0.859384,0.444444,0.642788,0.766044,0.0,1.001333,85.175629,2.0,0,2
-0.056627,-0.027138,-0.039619,0.592548,0.587383,0.546112,0.074248,0.044731,0.613655,0.811298,0.404958,0.925752,0.444444,0.642788,0.766044,0.0,1.751333,-164.603428,6.0,0,2
-0.005061,-0.007186,-0.034179,0.570656,0.611287,0.547097,0.035291,0.037327,0.633297,0.756554,0.467729,0.964709,0.444444,0.642788,0.766044,0.0,2.411333,-66.871855,9.0,0,2
-0.077262,-0.028405,-0.067758,0.589406,0.556695,0.53854,0.106618,0.059263,0.459343,0.332493,0.331067,0.893382,0.444444,0.642788,0.766044,0.0,4.591333,30.423738,1.0,0,2
-0.076693,-0.023102,-0.049581,0.477229,0.458719,0.414354,0.094201,0.045989,0.438832,0.335575,0.337779,0.905799,0.444444,0.642788,0.766044,0.0,5.271333,-149.373195,7.0,0,2
-0.016282,-0.028921,-0.021037,0.312921,0.306104,0.256127,0.039295,0.022544,0.44879,0.42843,0.443752,0.960705,0.444444,0.642788,0.766044,0.0,5.991333,-137.754868,7.0,0,2
