mean_x,mean_y,mean_z,std_x,std_y,std_z,R,log_rmsW,rX_ratio,rY_ratio,rZ_ratio,psi,elev_normalized,elev_sin,elev_cos,is_synthetic,time_s,azimuth_deg,az_sector,elev_class,psi_cls
-0.138949,0.148304,0.0,0.260378,0.283774,0.0,0.203227,0.039375,0.639505,0.768787,0.0,0.796773,0.0,0.0,1.0,1.0,0.471333,157.499997,5.0,0,1
-0.063802,0.190064,0.0,0.164987,0.348762,0.0,0.200486,0.039557,0.449543,0.893259,0.0,0.799514,0.0,0.0,1.0,1.0,1.151333,134.999998,4.0,0,1
0.026945,0.255743,0.0,0.14278,0.361462,0.0,0.257158,0.037103,0.30474,0.952435,0.0,0.742842,0.0,0.0,1.0,1.0,1.871333,112.499998,3.0,0,0
0.128173,0.26352,0.0,0.204781,0.333976,0.0,0.293038,0.034819,0.478645,0.878008,0.0,0.706962,0.0,0.0,1.0,1.0,2.571333,90.0,3.0,0,0
0.228361,0.221196,0.0,0.296229,0.262146,0.0,0.317925,0.037438,0.786145,0.618042,0.0,0.682075,0.0,0.0,1.0,1.0,3.291333,67.499997,2.0,0,0
0.183134,0.119051,0.0,0.304676,0.204351,0.0,0.218429,0.032275,0.86519,0.501444,0.0,0.781571,0.0,0.0,1.0,1.0,3.971333,44.999997,1.0,0,1
0.086634,0.035923,0.0,0.237632,0.098691,0.0,0.093786,0.020357,0.923879,0.382684,0.0,0.906214,0.0,0.0,1.0,1.0,4.711333,22.499998,0.0,0,2
