mean_x,mean_y,mean_z,std_x,std_y,std_z,R,log_rmsW,rX_ratio,rY_ratio,rZ_ratio,psi,elev_normalized,elev_sin,elev_cos,is_synthetic,time_s,azimuth_deg,az_sector,elev_class,psi_cls
0.017836,0.055042,-0.045188,0.57441,0.570277,0.582525,0.073415,0.036736,0.534091,0.628253,0.293505,0.926585,0.444444,0.642788,0.766044,0.0,0.281333,146.839378,4.0,0,2
0.052754,0.082541,-0.028491,0.583492,0.583633,0.55526,0.102018,0.032579,0.473946,0.643226,0.286893,0.897982,0.444444,0.642788,0.766044,0.0,0.951333,140.311459,4.0,0,2
0.013446,0.041035,-0.012034,0.582383,0.604065,0.542001,0.044827,0.029661,0.477601,0.793359,0.435047,0.955173,0.444444,0.642788,0.766044,0.0,1.641333,118.193384,3.0,0,2
-0.012075,-0.015637,-0.00998,0.400862,0.41284,0.341997,0.022134,0.028001,0.568544,0.713298,0.438521,0.977866,0.444444,0.642788,0.766044,0.0,3.111333,80.932876,2.0,0,2
-0.009639,-0.008326,-0.0044,0.18188,0.233709,0.144038,0.013476,0.016329,0.426677,0.662419,0.337286,0.986524,0.444444,0.642788,0.766044,0.0,3.791333,33.05218,1.0,1,2
