mean_x,mean_y,mean_z,std_x,std_y,std_z,R,log_rmsW,rX_ratio,rY_ratio,rZ_ratio,psi,elev_normalized,elev_sin,elev_cos,is_synthetic,time_s,azimuth_deg,az_sector,elev_class,psi_cls
0.020695,0.010206,-0.013611,0.586041,0.589396,0.555311,0.02679,0.037829,0.744747,0.629485,0.465653,0.97321,0.444444,0.642788,0.766044,0.0,0.341333,163.833893,5.0,0,2
0.067405,0.03135,-0.040565,0.560311,0.607425,0.556629,0.084687,0.039856,0.566475,0.732632,0.469481,0.915313,0.444444,0.642788,0.766044,0.0,1.031333,144.412228,4.0,0,2
0.023695,0.058535,-0.022152,0.559458,0.611118,0.55585,0.066922,0.044796,0.496903,0.698305,0.437222,0.933078,0.444444,0.642788,0.766044,0.0,1.711333,118.385397,3.0,0,2
0.036334,0.066872,0.002668,0.590127,0.609294,0.524019,0.076152,0.044121,0.572571,0.664254,0.325223,0.923848,0.444444,0.642788,0.766044,0.0,2.431333,113.140341,3.0,1,2
0.036894,0.023024,0.019378,0.545966,0.5276,0.463131,0.047611,0.033562,0.684825,0.563227,0.288423,0.952389,0.444444,0.642788,0.766044,0.0,3.171333,65.662464,2.0,1,2
0.057246,0.005079,0.012088,0.413138,0.403659,0.348074,0.058729,0.024427,0.789986,0.550791,0.255238,0.941271,0.444444,0.642788,0.766044,0.0,3.841333,35.583512,1.0,1,2
0.009186,-0.008677,-0.011404,0.147023,0.154807,0.16559,0.017021,0.008009,0.806996,0.281457,0.460549,0.982979,0.444444,0.642788,0.766044,0.0,4.611333,4.819954,0.0,0,2
