mean_x,mean_y,mean_z,std_x,std_y,std_z,R,log_rmsW,rX_ratio,rY_ratio,rZ_ratio,psi,elev_normalized,elev_sin,elev_cos,is_synthetic,time_s,azimuth_deg,az_sector,elev_class,psi_cls
-0.0419,-0.007178,-0.046776,0.601425,0.596653,0.527375,0.063207,0.030945,0.473985,0.497391,0.301459,0.936793,0.444444,0.642788,0.766044,0.0,0.511333,155.105704,5.0,0,2
-0.043954,0.034964,-0.043574,0.578917,0.60229,0.544852,0.071085,0.035591,0.429896,0.748278,0.29324,0.928915,0.444444,0.642788,0.766044,0.0,1.151333,136.459538,4.0,0,2
0.003497,0.010099,-0.001388,0.555596,0.640297,0.530147,0.010777,0.04261,0.288122,0.86071,0.256472,0.989223,0.444444,0.642788,0.766044,0.0,1.911333,131.141392,4.0,1,2
0.024341,0.010652,-0.02298,0.563538,0.64183,0.518756,0.035129,0.044956,0.367797,0.85023,0.288249,0.964871,0.444444,0.642788,0.766044,0.0,2.591333,87.99542,2.0,0,2
0.080251,-0.016694,-0.004434,0.546906,0.56275,0.471095,0.082089,0.046851,0.750734,0.556716,0.331598,0.917911,0.444444,0.642788,0.766044,0.0,3.321333,95.097164,3.0,1,2
0.045578,0.01249,-0.029171,0.453967,0.401711,0.366051,0.055536,0.038677,0.891467,0.385682,0.363812,0.944464,0.444444,0.642788,0.766044,0.0,4.001333,44.798738,1.0,0,2
0.009912,0.00467,0.002702,0.25416,0.180361,0.193224,0.011285,0.022273,1.087138,0.200942,0.439784,0.988715,0.444444,0.642788,0.766044,0.0,4.741333,5.034708,0.0,1,2
