mean_x,mean_y,mean_z,std_x,std_y,std_z,R,log_rmsW,rX_ratio,rY_ratio,rZ_ratio,psi,elev_normalized,elev_sin,elev_cos,is_synthetic,time_s,azimuth_deg,az_sector,elev_class,psi_cls
-0.082958,0.017433,0.030691,0.630501,0.563224,0.526314,0.090155,0.035811,0.760523,0.616299,0.358261,0.909845,0.444444,0.642788,0.766044,0.0,0.151333,-3.161223,11.0,2,2
-0.104859,0.012006,0.023515,0.610745,0.573113,0.535486,0.108132,0.043319,0.834266,0.902921,0.638626,0.891868,0.444444,0.642788,0.766044,0.0,0.881333,59.813197,1.0,2,2
-0.048961,-0.045688,0.008013,0.603563,0.581978,0.540697,0.067445,0.037887,0.817588,0.956456,0.720414,0.932555,0.444444,0.642788,0.766044,0.0,1.591333,13.781921,0.0,1,2
0.022765,-0.054067,-0.039537,0.575744,0.587452,0.564156,0.070743,0.029956,0.893899,1.042694,0.838827,0.929257,0.444444,0.642788,0.766044,0.0,2.271333,-67.617238,9.0,0,2
0.012731,-0.04827,-0.054937,0.575426,0.584981,0.566569,0.07423,0.023194,0.911697,0.944492,0.831227,0.92577,0.444444,0.642788,0.766044,0.0,3.041333,-82.675371,9.0,0,2
-0.061876,-0.116265,-0.051912,0.559941,0.542194,0.520594,0.141567,0.057572,0.454734,0.410319,0.376353,0.858433,0.444444,0.642788,0.766044,0.0,4.461333,-78.595168,9.0,0,2
-0.042122,-0.088316,-0.041285,0.438985,0.421987,0.389307,0.1062,0.044652,0.40797,0.308643,0.332537,0.8938,0.444444,0.642788,0.766044,0.0,5.191333,-105.031407,8.0,0,2
-0.04768,-0.016848,-0.011025,0.264775,0.256921,0.23421,0.051757,0.016429,0.487764,0.529682,0.592749,0.948243,0.444444,0.642788,0.766044,0.0,5.871333,-161.937935,6.0,0,2
