mean_x,mean_y,mean_z,std_x,std_y,std_z,R,log_rmsW,rX_ratio,rY_ratio,rZ_ratio,psi,elev_normalized,elev_sin,elev_cos,is_synthetic,time_s,azimuth_deg,az_sector,elev_class,psi_cls
0.274964,-0.144676,0.0,0.339093,0.232852,0.0,0.310703,0.060596,0.861872,0.507126,0.0,0.689297,0.0,0.0,1.0,1.0,0.221333,0.0,0.0,0,0
0.231222,-0.262265,0.0,0.279517,0.317024,0.0,0.349638,0.066907,0.674118,0.738623,0.0,0.650362,0.0,0.0,1.0,1.0,0.941333,-22.500003,11.0,0,0
0.14604,-0.30494,0.0,0.224139,0.359376,0.0,0.338107,0.052909,0.471157,0.88205,0.0,0.661893,0.0,0.0,1.0,1.0,1.641333,-45.000003,10.0,0,0
0.019493,-0.257095,0.0,0.151886,0.375256,0.0,0.257833,0.041112,0.363291,0.931676,0.0,0.742167,0.0,0.0,1.0,1.0,2.351333,-67.500002,9.0,0,0
-0.095725,-0.189809,0.0,0.202336,0.318317,0.0,0.212581,0.043272,0.677264,0.73574,0.0,0.787419,0.0,0.0,1.0,1.0,3.091333,-90.0,9.0,0,1
-0.24009,-0.176094,0.0,0.333226,0.258722,0.0,0.297745,0.067776,0.847624,0.530597,0.0,0.702255,0.0,0.0,1.0,1.0,3.781333,-112.500002,8.0,0,0
-0.467339,-0.120729,0.0,0.416819,0.196274,0.0,0.482681,0.066097,0.883205,0.468987,0.0,0.517319,0.0,0.0,1.0,1.0,4.491333,-135.000004,7.0,0,0
-0.397023,-0.057113,0.0,0.434992,0.123834,0.0,0.401109,0.050073,0.936584,0.350442,0.0,0.598891,0.0,0.0,1.0,1.0,5.191333,-157.500002,6.0,0,0
-0.245642,0.0,0.0,0.406438,0.0,0.0,0.245642,0.017454,1.0,0.0,0.0,0.754358,0.0,0.0,1.0,1.0,5.901333,180.0,6.0,0,0
