mean_x,mean_y,mean_z,std_x,std_y,std_z,R,log_rmsW,rX_ratio,rY_ratio,rZ_ratio,psi,elev_normalized,elev_sin,elev_cos,is_synthetic,time_s,azimuth_deg,az_sector,elev_class,psi_cls
-0.037676,0.038359,-0.041915,0.617202,0.596115,0.508864,0.068174,0.02638,0.635758,0.947816,0.314046,0.931826,0.833333,0.965926,0.258819,0.0,0.341333,-97.659762,8.0,0,2
-0.017375,0.079239,-0.066432,0.605255,0.606584,0.504604,0.104852,0.028413,0.636617,1.045295,0.402436,0.895148,0.833333,0.965926,0.258819,0.0,1.001333,112.305555,3.0,0,2
0.026352,0.026085,-0.058818,0.601244,0.613096,0.507614,0.06953,0.041492,0.397333,0.583415,0.258426,0.93047,0.833333,0.965926,0.258819,0.0,1.761333,133.408723,4.0,0,2
0.03532,0.008031,-0.057384,0.567936,0.589896,0.483309,0.06786,0.047359,0.460429,0.501528,0.287207,0.93214,0.833333,0.965926,0.258819,0.0,2.441333,67.908537,2.0,0,2
0.013972,-0.008744,-0.030715,0.453186,0.451931,0.378057,0.034859,0.039261,0.463777,0.371073,0.275802,0.965141,0.833333,0.965926,0.258819,0.0,3.151333,78.959877,2.0,0,2
-0.005957,-0.007946,-0.013646,0.252137,0.266713,0.209323,0.016877,0.017908,0.574921,0.321544,0.392999,0.983123,0.833333,0.965926,0.258819,0.0,3.901333,30.38831,1.0,0,2
