mean_x,mean_y,mean_z,std_x,std_y,std_z,R,log_rmsW,rX_ratio,rY_ratio,rZ_ratio,psi,elev_normalized,elev_sin,elev_cos,is_synthetic,time_s,azimuth_deg,az_sector,elev_class,psi_cls
0.023399,0.034724,-0.072925,0.606552,0.568907,0.548867,0.084091,0.028355,0.577618,0.67044,0.294856,0.915909,0.444444,0.642788,0.766044,0.0,0.291333,135.076667,4.0,0,2
0.009216,0.032729,-0.024437,0.602502,0.585802,0.54035,0.041872,0.032981,0.579469,0.803218,0.37746,0.958127,0.444444,0.642788,0.766044,0.0,1.011333,128.529755,4.0,0,2
-0.006695,0.004295,-0.011514,0.60453,0.587547,0.537571,0.013995,0.028073,0.602078,0.831638,0.415314,0.986005,0.444444,0.642788,0.766044,0.0,1.681333,122.437985,4.0,0,2
-0.032282,0.003876,0.00724,0.598494,0.58322,0.548069,0.03331,0.02156,0.655972,0.756944,0.516877,0.96669,0.444444,0.642788,0.766044,0.0,2.391333,97.419295,3.0,1,2
-0.00614,-0.00063,-0.01581,0.591528,0.575544,0.53579,0.016972,0.045853,0.563698,0.344873,0.360883,0.983028,0.444444,0.642788,0.766044,0.0,3.071333,80.335218,2.0,0,2
0.006429,0.005663,-0.012387,0.479274,0.458675,0.428149,0.015061,0.045374,0.563836,0.332209,0.35887,0.984939,0.444444,0.642788,0.766044,0.0,3.761333,50.364775,1.0,0,2
0.002899,0.005048,-0.015265,0.294443,0.299748,0.25859,0.016337,0.03485,0.501214,0.319015,0.338596,0.983663,0.444444,0.642788,0.766044,0.0,4.521333,2.406391,0.0,0,2
