mean_x,mean_y,mean_z,std_x,std_y,std_z,R,log_rmsW,rX_ratio,rY_ratio,rZ_ratio,psi,elev_normalized,elev_sin,elev_cos,is_synthetic,time_s,azimuth_deg,az_sector,elev_class,psi_cls
-0.065681,0.00948,-0.0748,0.628463,0.570267,0.519354,0.099994,0.024363,0.672145,0.626108,0.279124,0.900006,0.833333,0.965926,0.258819,0.0,0.311333,-176.548473,6.0,0,2
-0.059446,0.039915,-0.078911,0.619587,0.565791,0.533303,0.106555,0.018831,0.618028,0.668988,0.251097,0.893445,0.833333,0.965926,0.258819,0.0,1.021333,-62.085441,9.0,0,2
-0.042481,0.0491,-0.075065,0.62161,0.573982,0.523535,0.099248,0.029071,0.535921,0.621873,0.26897,0.900752,0.833333,0.965926,0.258819,0.0,1.651333,122.689903,4.0,0,2
0.035721,0.031646,-0.034062,0.41589,0.396348,0.32467,0.058632,0.033149,0.40662,0.508083,0.260228,0.941368,0.833333,0.965926,0.258819,0.0,3.131333,103.718728,3.0,0,2
0.020975,0.01816,-0.003287,0.199998,0.211341,0.135974,0.027938,0.019945,0.307907,0.449584,0.24856,0.972062,0.833333,0.965926,0.258819,0.0,3.801333,69.843933,2.0,1,2
