mean_x,mean_y,mean_z,std_x,std_y,std_z,R,log_rmsW,rX_ratio,rY_ratio,rZ_ratio,psi,elev_normalized,elev_sin,elev_cos,is_synthetic,time_s,azimuth_deg,az_sector,elev_class,psi_cls
-0.064022,-0.039288,-0.046863,0.609073,0.614183,0.493884,0.088535,0.057384,0.508888,0.720834,0.268211,0.911465,0.444444,0.642788,0.766044,0.0,0.271333,-6.087415,11.0,0,2
-0.055738,-0.069336,-0.049732,0.593853,0.626718,0.494059,0.101919,0.040923,0.609272,0.989272,0.310985,0.898081,0.444444,0.642788,0.766044,0.0,0.991333,34.178549,1.0,0,2
0.02534,-0.050082,-0.108892,0.57275,0.626269,0.514454,0.122506,0.03473,0.614606,0.997473,0.318338,0.877494,0.444444,0.642788,0.766044,0.0,1.681333,-82.145632,9.0,0,2
0.068027,-0.051454,-0.083925,0.575119,0.627482,0.510929,0.11966,0.027,0.759224,0.774929,0.428149,0.88034,0.444444,0.642788,0.766044,0.0,2.441333,-81.514754,9.0,0,2
0.032862,-0.094581,-0.060584,0.559121,0.589066,0.520332,0.117029,0.038238,0.874584,0.599681,0.532087,0.882971,0.444444,0.642788,0.766044,0.0,3.871333,-29.508571,11.0,0,2
0.01341,-0.06011,-0.042111,0.427059,0.467212,0.439185,0.074608,0.026262,0.67049,0.59732,0.518914,0.925392,0.444444,0.642788,0.766044,0.0,4.561333,-122.273888,7.0,0,2
0.009722,-0.018243,-0.021718,0.281442,0.312984,0.284757,0.029984,0.017612,0.409693,0.554826,0.397297,0.970016,0.444444,0.642788,0.766044,0.0,5.241333,160.850119,5.0,0,2
