mean_x,mean_y,mean_z,std_x,std_y,std_z,R,log_rmsW,rX_ratio,rY_ratio,rZ_ratio,psi,elev_normalized,elev_sin,elev_cos,is_synthetic,time_s,azimuth_deg,az_sector,elev_class,psi_cls
-0.050989,-0.056871,-0.04978,0.562482,0.63415,0.522527,0.091171,0.048787,0.803018,0.91867,0.401748,0.908829,0.0,0.0,1.0,0.0,0.201333,-53.612003,10.0,0,2
-0.060396,-0.063631,-0.020804,0.558522,0.62854,0.533634,0.090163,0.03806,0.955795,1.157967,0.485979,0.909837,0.0,0.0,1.0,0.0,0.911333,-96.6999,8.0,0,2
-0.031638,-0.094321,-0.006893,0.549642,0.610131,0.561767,0.099724,0.029925,1.198219,1.357873,0.601887,0.900276,0.0,0.0,1.0,0.0,1.571333,-71.182114,9.0,0,2
-0.049812,-0.101407,-0.002702,0.571096,0.58391,0.565693,0.113012,0.033978,0.880342,0.848136,0.321797,0.886988,0.0,0.0,1.0,0.0,2.351333,-91.775507,8.0,1,2
-0.050326,-0.076434,0.002137,0.576667,0.569502,0.578493,0.091539,0.051276,0.902953,0.803299,0.59447,0.908461,0.0,0.0,1.0,0.0,3.011333,-98.732701,8.0,1,2
-0.081406,-0.034122,-0.012399,0.55913,0.553449,0.517479,0.089135,0.050887,0.904448,0.768045,0.606102,0.910865,0.0,0.0,1.0,0.0,3.721333,-60.991928,9.0,0,2
-0.018909,-0.023427,0.007386,0.431156,0.442917,0.39581,0.030999,0.034894,0.733903,0.668978,0.62332,0.969001,0.0,0.0,1.0,0.0,4.431333,-125.626273,7.0,1,2
0.003893,-0.000821,-0.013567,0.267089,0.27216,0.210052,0.014138,0.013514,0.83838,0.6661,0.457639,0.985862,0.0,0.0,1.0,0.0,5.131333,176.091095,5.0,0,2
