mean_x,mean_y,mean_z,std_x,std_y,std_z,R,log_rmsW,rX_ratio,rY_ratio,rZ_ratio,psi,elev_normalized,elev_sin,elev_cos,is_synthetic,time_s,azimuth_deg,az_sector,elev_class,psi_cls
-0.167889,0.187535,0.0,0.26901,0.300812,0.0,0.251706,0.034938,0.610947,0.791672,0.0,0.748294,0.0,0.0,1.0,1.0,0.301333,157.499997,5.0,0,0
-0.113427,0.261804,0.0,0.217358,0.369473,0.0,0.285319,0.030335,0.554334,0.832294,0.0,0.714681,0.0,0.0,1.0,1.0,0.961333,134.999997,4.0,0,0
0.006376,0.248619,0.0,0.142739,0.389381,0.0,0.248701,0.02992,0.382681,0.923881,0.0,0.751299,0.0,0.0,1.0,1.0,1.651333,112.499997,3.0,0,0
0.105523,0.232893,0.0,0.218083,0.360805,0.0,0.255684,0.032947,0.565996,0.824408,0.0,0.744316,0.0,0.0,1.0,1.0,2.391333,90.0,3.0,0,0
0.09273,0.122041,0.0,0.212634,0.267559,0.0,0.153274,0.029438,0.604188,0.796841,0.0,0.846726,0.0,0.0,1.0,1.0,3.121333,67.499998,2.0,0,2
0.068617,0.068595,0.0,0.198469,0.198417,0.0,0.097023,0.021438,0.707107,0.707107,0.0,0.902977,0.0,0.0,1.0,1.0,3.771333,44.999998,1.0,0,2
