mean_x,mean_y,mean_z,std_x,std_y,std_z,R,log_rmsW,rX_ratio,rY_ratio,rZ_ratio,psi,elev_normalized,elev_sin,elev_cos,is_synthetic,time_s,azimuth_deg,az_sector,elev_class,psi_cls
-0.040797,-0.082535,-0.027097,0.621433,0.587514,0.509218,0.095972,0.024996,0.609589,0.845194,0.292715,0.904028,0.833333,0.965926,0.258819,0.0,0.201333,-156.783657,6.0,0,2
-0.067638,-0.004836,-0.046601,0.628157,0.589593,0.500924,0.08228,0.027601,0.637853,0.908075,0.294193,0.91772,0.833333,0.965926,0.258819,0.0,0.901333,-104.29505,8.0,0,2
-0.040008,0.041597,-0.060727,0.610579,0.609938,0.498081,0.083778,0.030166,0.615764,0.986787,0.374164,0.916222,0.833333,0.965926,0.258819,0.0,1.561333,111.85835,3.0,0,2
-0.016967,0.020208,-0.058399,0.604865,0.613168,0.503938,0.064083,0.040041,0.455575,0.653143,0.269695,0.935917,0.833333,0.965926,0.258819,0.0,2.271333,122.89976,4.0,0,2
0.01856,0.004433,-0.069112,0.587008,0.620878,0.513397,0.071698,0.043854,0.47052,0.504869,0.300293,0.928302,0.833333,0.965926,0.258819,0.0,3.011333,71.210325,2.0,0,2
0.009914,-0.00992,-0.039408,0.481108,0.494069,0.420183,0.041829,0.038173,0.469231,0.360786,0.280784,0.958171,0.833333,0.965926,0.258819,0.0,3.701333,61.526792,2.0,0,2
-0.005945,0.005055,-0.02153,0.307693,0.335902,0.275491,0.0229,0.019466,0.574171,0.349404,0.384896,0.9771,0.833333,0.965926,0.258819,0.0,4.441333,32.487829,1.0,0,2
