mean_x,mean_y,mean_z,std_x,std_y,std_z,R,log_rmsW,rX_ratio,rY_ratio,rZ_ratio,psi,elev_normalized,elev_sin,elev_cos,is_synthetic,time_s,azimuth_deg,az_sector,elev_class,psi_cls
-0.031412,-0.06128,-0.049539,0.635258,0.567695,0.516533,0.084829,0.031573,1.056289,0.432452,0.652573,0.915171,0.0,0.0,1.0,0.0,0.331333,-31.206567,10.0,0,2
-0.07358,-0.087551,-0.035276,0.614259,0.573501,0.528541,0.119681,0.042378,0.93133,0.837389,0.614252,0.880319,0.0,0.0,1.0,0.0,1.011333,-11.05729,11.0,0,2
-0.064115,-0.072546,-0.016539,0.58853,0.585808,0.548393,0.09822,0.036839,0.857959,0.96832,0.60919,0.90178,0.0,0.0,1.0,0.0,1.761333,150.525029,5.0,0,2
-0.015594,-0.137014,0.006933,0.56698,0.579852,0.568441,0.138072,0.032552,0.816819,0.95595,0.652096,0.861928,0.0,0.0,1.0,0.0,2.411333,-76.343849,9.0,1,2
0.003308,-0.099356,-0.014028,0.568998,0.597069,0.556357,0.100395,0.022357,0.642565,0.742857,0.568519,0.899605,0.0,0.0,1.0,0.0,3.171333,-76.827494,9.0,0,2
-0.034085,-0.091849,-0.027259,0.564782,0.584693,0.573274,0.101691,0.029588,0.783934,0.677741,0.641503,0.898309,0.0,0.0,1.0,0.0,3.861333,-94.650458,8.0,0,2
-0.059351,-0.057422,-0.002096,0.580614,0.605817,0.512678,0.082609,0.028321,0.834944,0.776854,0.658858,0.917391,0.0,0.0,1.0,0.0,4.561333,170.683845,5.0,1,2
-0.043532,-0.027839,0.013094,0.470461,0.482369,0.402519,0.053306,0.019297,1.01431,0.911713,0.778855,0.946694,0.0,0.0,1.0,0.0,5.271333,-144.566787,7.0,1,2
-0.004444,0.001676,0.023408,0.335592,0.329184,0.217623,0.023885,0.009378,0.997564,1.135356,0.247098,0.976115,0.0,0.0,1.0,0.0,5.971333,-82.850025,9.0,2,2
