mean_x,mean_y,mean_z,std_x,std_y,std_z,R,log_rmsW,rX_ratio,rY_ratio,rZ_ratio,psi,elev_normalized,elev_sin,elev_cos,is_synthetic,time_s,azimuth_deg,az_sector,elev_class,psi_cls
-0.08208,-0.003035,-0.051645,0.611257,0.585215,0.523781,0.097024,0.025791,0.612456,0.829596,0.305314,0.902976,0.833333,0.965926,0.258819,0.0,0.161333,-167.726192,6.0,0,2
-0.02838,0.037263,-0.050293,0.610525,0.592788,0.520567,0.068726,0.02935,0.523513,0.80246,0.287094,0.931274,0.833333,0.965926,0.258819,0.0,0.881333,-130.546745,7.0,0,2
-0.055563,0.026037,-0.024374,0.617616,0.623368,0.474833,0.066025,0.035316,0.576466,0.811285,0.296724,0.933975,0.833333,0.965926,0.258819,0.0,1.561333,140.118174,4.0,0,2
-0.051557,0.021664,-0.00787,0.60457,0.622215,0.493972,0.056474,0.048915,0.431739,0.598417,0.220627,0.943526,0.833333,0.965926,0.258819,0.0,2.301333,95.432434,3.0,0,2
-0.044693,0.000836,-0.031446,0.581383,0.557852,0.474956,0.054653,0.057729,0.455339,0.439109,0.269684,0.945346,0.833333,0.965926,0.258819,0.0,3.001333,113.964617,3.0,0,2
0.019609,0.009582,-0.035266,0.457218,0.398545,0.384967,0.041474,0.048842,0.424074,0.262311,0.269183,0.958526,0.833333,0.965926,0.258819,0.0,3.721333,70.077994,2.0,0,2
-0.000716,0.019156,-0.017387,0.266016,0.183762,0.206598,0.025879,0.025216,0.453929,0.161328,0.367697,0.974121,0.833333,0.965926,0.258819,0.0,4.461333,-8.024529,11.0,0,2
