mean_x,mean_y,mean_z,std_x,std_y,std_z,R,log_rmsW,rX_ratio,rY_ratio,rZ_ratio,psi,elev_normalized,elev_sin,elev_cos,is_synthetic,time_s,azimuth_deg,az_sector,elev_class,psi_cls
-0.066537,0.00354,-0.062823,0.588318,0.616975,0.514484,0.091578,0.02417,0.604148,0.570695,0.375289,0.908422,0.0,0.0,1.0,0.0,0.171333,140.483105,4.0,0,2
-0.059214,-0.003776,-0.061217,0.588182,0.606749,0.527752,0.085253,0.026526,0.529392,0.833615,0.337727,0.914747,0.0,0.0,1.0,0.0,0.881333,132.37773,4.0,0,2
-0.007951,0.027769,-0.030318,0.582899,0.616719,0.527291,0.041875,0.030099,0.474604,0.835186,0.289372,0.958125,0.0,0.0,1.0,0.0,1.591333,134.093793,4.0,0,2
-0.003333,0.012442,-0.005814,0.575793,0.617635,0.535448,0.014133,0.031502,0.671561,0.894013,0.303915,0.985867,0.0,0.0,1.0,0.0,2.291333,100.429266,3.0,1,2
0.07513,-0.001328,0.028047,0.597798,0.532192,0.476994,0.080206,0.032403,0.852143,0.655971,0.284007,0.919794,0.0,0.0,1.0,0.0,3.011333,69.447532,2.0,2,2
0.05479,-0.015177,0.017504,0.503778,0.388844,0.355053,0.059487,0.026686,0.968568,0.6294,0.285853,0.940513,0.0,0.0,1.0,0.0,3.691333,43.506332,1.0,1,2
0.052475,0.001895,0.016046,0.306466,0.171049,0.182849,0.054906,0.016017,1.00702,0.394628,0.203889,0.945094,0.0,0.0,1.0,0.0,4.441333,14.458848,0.0,1,2
