mean_x,mean_y,mean_z,std_x,std_y,std_z,R,log_rmsW,rX_ratio,rY_ratio,rZ_ratio,psi,elev_normalized,elev_sin,elev_cos,is_synthetic,time_s,azimuth_deg,az_sector,elev_class,psi_cls
0.009362,-0.02643,-0.060596,0.593009,0.605194,0.526819,0.066769,0.03969,0.683677,0.561586,0.255988,0.933231,0.0,0.0,1.0,0.0,0.361333,27.819706,0.0,0,2
-0.020216,-0.091216,0.003271,0.570806,0.618487,0.531836,0.093487,0.05553,0.470098,0.937254,0.338774,0.906513,0.0,0.0,1.0,0.0,1.091333,-3.053588,11.0,1,2
-0.028459,-0.088721,-0.047642,0.553958,0.630287,0.533693,0.104648,0.050322,0.413845,1.017017,0.348638,0.895352,0.0,0.0,1.0,0.0,1.811333,-110.886041,8.0,0,2
-0.025574,-0.099277,-0.040277,0.558825,0.617705,0.542116,0.110146,0.033348,0.404199,0.951683,0.403509,0.889854,0.0,0.0,1.0,0.0,2.511333,-93.441134,8.0,0,2
-0.008098,-0.106703,-0.028171,0.55482,0.593601,0.572238,0.110656,0.020957,0.845064,1.089038,0.465757,0.889344,0.0,0.0,1.0,0.0,3.201333,-66.962509,9.0,0,2
-0.008299,-0.133447,0.055051,0.583485,0.583007,0.546491,0.144594,0.027288,0.70759,0.927922,0.506186,0.855406,0.0,0.0,1.0,0.0,3.891333,-76.35754,9.0,2,2
-0.017069,-0.108535,0.040068,0.599008,0.589714,0.528864,0.116947,0.032523,0.635279,0.729939,0.447044,0.883053,0.0,0.0,1.0,0.0,4.631333,-76.477612,9.0,2,2
-0.040442,-0.03295,0.023418,0.562851,0.585552,0.433784,0.057181,0.027297,0.575808,0.725666,0.447445,0.942819,0.0,0.0,1.0,0.0,5.311333,-101.44897,8.0,2,2
-0.021225,0.003261,-0.002762,0.420447,0.441553,0.314491,0.021651,0.015223,0.597778,0.544115,0.346217,0.978349,0.0,0.0,1.0,0.0,6.071333,-114.513752,8.0,1,2
