mean_x,mean_y,mean_z,std_x,std_y,std_z,R,log_rmsW,rX_ratio,rY_ratio,rZ_ratio,psi,elev_normalized,elev_sin,elev_cos,is_synthetic,time_s,azimuth_deg,az_sector,elev_class,psi_cls
0.069112,-0.002778,-0.013719,0.657057,0.518092,0.542887,0.070515,0.0316,1.028679,0.344409,0.289156,0.929485,0.444444,0.642788,0.766044,0.0,0.351333,-15.216107,11.0,0,2
0.000907,-0.032304,0.001335,0.641135,0.546834,0.537327,0.032344,0.050899,0.771541,0.704355,0.346506,0.967656,0.444444,0.642788,0.766044,0.0,1.061333,-12.85218,11.0,1,2
-0.021829,-0.03208,-0.00288,0.610087,0.572901,0.545783,0.038909,0.049609,0.686,0.760436,0.359564,0.961091,0.444444,0.642788,0.766044,0.0,1.781333,10.793213,0.0,1,2
-0.016037,-0.031033,0.006529,0.580083,0.583869,0.566698,0.035536,0.039984,0.748855,0.763651,0.436316,0.964464,0.444444,0.642788,0.766044,0.0,2.451333,-54.400845,10.0,1,2
0.004693,-0.006089,-0.03622,0.590709,0.57545,0.564202,0.037027,0.030971,0.67458,0.723875,0.447203,0.962973,0.444444,0.642788,0.766044,0.0,3.201333,-84.542509,9.0,0,2
-0.069492,-0.041433,-0.049376,0.599191,0.578754,0.544819,0.094783,0.03781,1.344497,0.649654,0.40225,0.905217,0.444444,0.642788,0.766044,0.0,3.901333,-101.620819,8.0,0,2
-0.107271,-0.0526,-0.051287,0.556699,0.52398,0.472087,0.130016,0.043765,1.163636,0.513061,0.418194,0.869984,0.444444,0.642788,0.766044,0.0,4.611333,-103.318631,8.0,0,2
-0.094713,-0.038026,-0.030011,0.438104,0.406979,0.361134,0.106382,0.037976,1.287486,0.490103,0.418795,0.893618,0.444444,0.642788,0.766044,0.0,5.261333,-163.155123,6.0,0,2
-0.003194,-0.007757,-0.001452,0.218085,0.183616,0.181642,0.008513,0.021659,0.478456,0.430001,0.453193,0.991487,0.444444,0.642788,0.766044,0.0,6.031333,-137.066262,7.0,1,2
