mean_x,mean_y,mean_z,std_x,std_y,std_z,R,log_rmsW,rX_ratio,rY_ratio,rZ_ratio,psi,elev_normalized,elev_sin,elev_cos,is_synthetic,time_s,azimuth_deg,az_sector,elev_class,psi_cls
0.080084,-0.053684,-0.048563,0.619093,0.574775,0.523991,0.107953,0.049378,0.522971,0.444582,0.280586,0.892047,0.833333,0.965926,0.258819,0.0,0.161333,1.245557,0.0,0,2
0.061253,-0.097666,0.003025,0.610225,0.583004,0.523752,0.115325,0.077248,0.395603,0.456564,0.204294,0.884675,0.833333,0.965926,0.258819,0.0,0.881333,-11.188902,11.0,1,2
0.021832,-0.173916,-0.08436,0.578933,0.56703,0.552592,0.194525,0.069766,0.363587,0.48952,0.184117,0.805475,0.833333,0.965926,0.258819,0.0,1.601333,-61.315205,9.0,0,1
-0.004958,-0.14244,-0.059498,0.578054,0.582207,0.550363,0.154447,0.052235,0.383527,0.519838,0.193828,0.845553,0.833333,0.965926,0.258819,0.0,2.311333,-55.069372,10.0,0,1
-0.007578,-0.107046,-0.093307,0.589021,0.574101,0.550588,0.142206,0.02329,1.289833,0.793858,0.402498,0.857794,0.833333,0.965926,0.258819,0.0,3.041333,-84.452013,9.0,0,2
-0.166493,-0.054034,0.013871,0.627052,0.5388,0.534384,0.17559,0.048977,1.453351,0.442509,0.370812,0.82441,0.833333,0.965926,0.258819,0.0,4.411333,-118.903915,8.0,1,1
-0.15082,-0.012509,0.021458,0.520535,0.434492,0.464061,0.152852,0.043778,1.465825,0.401578,0.381516,0.847148,0.833333,0.965926,0.258819,0.0,5.111333,-171.282958,6.0,1,2
-0.036521,-0.005756,-0.013051,0.336237,0.298555,0.338808,0.039208,0.018618,0.648498,0.437959,0.404764,0.960792,0.833333,0.965926,0.258819,0.0,5.871333,-156.136793,6.0,0,2
