mean_x,mean_y,mean_z,std_x,std_y,std_z,R,log_rmsW,rX_ratio,rY_ratio,rZ_ratio,psi,elev_normalized,elev_sin,elev_cos,is_synthetic,time_s,azimuth_deg,az_sector,elev_class,psi_cls
0.010788,0.022071,-0.032665,0.575834,0.562189,0.592104,0.040872,0.034305,0.569018,0.624342,0.32959,0.959128,0.444444,0.642788,0.766044,0.0,0.361333,145.420232,4.0,0,2
0.029986,0.063242,-0.034887,0.573211,0.581004,0.572337,0.078204,0.030767,0.507407,0.626329,0.328142,0.921796,0.444444,0.642788,0.766044,0.0,1.011333,141.833832,4.0,0,2
0.029304,0.045859,-0.038913,0.583674,0.597737,0.54535,0.066903,0.033144,0.529726,0.768143,0.407955,0.933097,0.444444,0.642788,0.766044,0.0,1.701333,122.603547,4.0,0,2
-0.032998,0.008583,-0.016746,0.510812,0.479281,0.419131,0.037986,0.030143,0.569308,0.66738,0.407962,0.962014,0.444444,0.642788,0.766044,0.0,3.171333,80.091187,2.0,0,2
-0.047742,0.013593,0.00911,0.355534,0.336136,0.293003,0.050468,0.019044,0.385845,0.614221,0.348961,0.949532,0.444444,0.642788,0.766044,0.0,3.851333,29.790997,0.0,1,2
