mean_x,mean_y,mean_z,std_x,std_y,std_z,R,log_rmsW,rX_ratio,rY_ratio,rZ_ratio,psi,elev_normalized,elev_sin,elev_cos,is_synthetic,time_s,azimuth_deg,az_sector,elev_class,psi_cls
0.035712,-0.005196,-0.018853,0.631264,0.554262,0.540816,0.040715,0.049331,0.771448,0.27917,0.213758,0.959285,0.444444,0.642788,0.766044,0.0,0.201333,4.06703,0.0,0,2
0.045022,-0.048734,-0.048284,0.632443,0.566054,0.52224,0.082057,0.047781,0.736262,0.566704,0.269396,0.917943,0.444444,0.642788,0.766044,0.0,0.891333,-2.399388,11.0,0,2
0.019522,-0.026305,-0.022781,0.617148,0.57165,0.53902,0.039901,0.026021,0.770595,0.951554,0.401439,0.960099,0.444444,0.642788,0.766044,0.0,1.641333,13.85651,0.0,0,2
0.057911,-0.051186,-0.023698,0.59951,0.600704,0.52249,0.080841,0.022274,0.771799,1.019613,0.418153,0.919159,0.444444,0.642788,0.766044,0.0,2.311333,-92.845507,8.0,0,2
0.080652,-0.095887,-0.05404,0.580778,0.611962,0.519063,0.136453,0.065805,0.479523,0.564226,0.45983,0.863547,0.444444,0.642788,0.766044,0.0,3.761333,-71.103362,9.0,0,2
-0.007636,-0.05957,-0.054873,0.557173,0.569966,0.507011,0.081351,0.07019,0.483501,0.512489,0.434198,0.918649,0.444444,0.642788,0.766044,0.0,4.461333,-56.61069,10.0,0,2
-0.032066,-0.016006,-0.03347,0.42499,0.433014,0.398132,0.049038,0.049569,0.517533,0.507163,0.391519,0.950962,0.444444,0.642788,0.766044,0.0,5.201333,-73.33957,9.0,0,2
-0.029205,0.013728,-0.020395,0.261319,0.237307,0.240827,0.038175,0.021217,0.430494,0.295427,0.290388,0.961825,0.444444,0.642788,0.766044,0.0,5.891333,169.416418,5.0,0,2
