mean_x,mean_y,mean_z,std_x,std_y,std_z,R,log_rmsW,rX_ratio,rY_ratio,rZ_ratio,psi,elev_normalized,elev_sin,elev_cos,is_synthetic,time_s,azimuth_deg,az_sector,elev_class,psi_cls
-0.006,-0.050505,-0.051802,0.588984,0.601219,0.53495,0.072596,0.034496,0.539558,0.582146,0.421883,0.927404,0.0,0.0,1.0,0.0,0.361333,132.996815,4.0,0,2
-0.028941,-0.031976,-0.001045,0.570358,0.631412,0.52349,0.043141,0.036591,0.482358,0.746196,0.387612,0.956859,0.0,0.0,1.0,0.0,1.021333,141.149526,4.0,1,2
-0.037805,0.010185,0.063446,0.540418,0.654705,0.523141,0.074554,0.036343,0.350716,0.84843,0.361709,0.925446,0.0,0.0,1.0,0.0,1.741333,134.664827,4.0,2,2
-0.015988,0.118572,0.025281,0.559869,0.623409,0.531856,0.122287,0.041775,0.440896,0.868627,0.270542,0.877713,0.0,0.0,1.0,0.0,2.441333,89.560633,2.0,2,2
0.022305,0.104496,-0.000255,0.536993,0.522435,0.471097,0.10685,0.035687,0.503724,0.786441,0.244385,0.89315,0.0,0.0,1.0,0.0,3.171333,89.070391,2.0,1,2
0.052774,0.054423,-0.019578,0.415695,0.371989,0.356907,0.078296,0.025968,0.543578,0.795723,0.129739,0.921704,0.0,0.0,1.0,0.0,3.871333,62.35489,2.0,0,2
-0.001499,0.000499,-0.006201,0.1526,0.133183,0.136618,0.006399,0.005708,0.441628,0.289035,0.257261,0.993601,0.0,0.0,1.0,0.0,4.641333,26.780123,0.0,0,2
