mean_x,mean_y,mean_z,std_x,std_y,std_z,R,log_rmsW,rX_ratio,rY_ratio,rZ_ratio,psi,elev_normalized,elev_sin,elev_cos,is_synthetic,time_s,azimuth_deg,az_sector,elev_class,psi_cls
0.034642,0.053824,0.013428,0.608405,0.557286,0.561109,0.065402,0.032393,0.774201,0.639922,0.368895,0.934598,0.444444,0.642788,0.766044,0.0,0.191333,160.32621,5.0,1,2
0.022148,0.049326,-0.009003,0.605276,0.562293,0.560638,0.054815,0.03739,0.680414,0.661399,0.354538,0.945185,0.444444,0.642788,0.766044,0.0,0.861333,141.911374,4.0,0,2
-0.009096,0.03397,0.003363,0.599898,0.572714,0.557425,0.035327,0.041321,0.531003,0.715924,0.399353,0.964673,0.444444,0.642788,0.766044,0.0,1.581333,131.04563,4.0,1,2
-0.012014,0.022541,-0.022354,0.60389,0.583539,0.541778,0.033943,0.040988,0.462458,0.71476,0.430021,0.966057,0.444444,0.642788,0.766044,0.0,2.291333,95.126764,3.0,0,2
0.037512,0.052979,-0.003711,0.643194,0.560939,0.515351,0.065021,0.040749,0.575612,0.609673,0.376059,0.934979,0.444444,0.642788,0.766044,0.0,3.011333,74.22682,2.0,1,2
0.051994,0.02765,-0.014697,0.538811,0.455728,0.401888,0.060695,0.03233,0.64226,0.552102,0.318686,0.939305,0.444444,0.642788,0.766044,0.0,3.681333,47.220448,1.0,0,2
0.038988,0.011428,0.005998,0.376228,0.276169,0.262167,0.041069,0.018137,0.70482,0.363998,0.335433,0.958931,0.444444,0.642788,0.766044,0.0,4.431333,21.257771,0.0,1,2
