mean_x,mean_y,mean_z,std_x,std_y,std_z,R,log_rmsW,rX_ratio,rY_ratio,rZ_ratio,psi,elev_normalized,elev_sin,elev_cos,is_synthetic,time_s,azimuth_deg,az_sector,elev_class,psi_cls
0.132486,-0.031443,-0.034545,0.661552,0.531834,0.509599,0.14048,0.041198,0.976432,0.326334,0.257756,0.85952,0.444444,0.642788,0.766044,0.0,0.211333,-2.485302,11.0,0,2
0.041037,-0.075293,-0.068777,0.621334,0.561155,0.53564,0.109924,0.059777,0.699586,0.664437,0.375745,0.890076,0.444444,0.642788,0.766044,0.0,0.931333,-2.71714,11.0,0,2
0.021882,-0.115098,-0.043969,0.603884,0.585591,0.525992,0.125138,0.05367,0.524383,0.746795,0.386902,0.874862,0.444444,0.642788,0.766044,0.0,1.681333,8.344284,0.0,0,2
0.02419,-0.093771,-0.031895,0.578332,0.605258,0.537315,0.101958,0.039473,0.558104,0.725568,0.431898,0.898042,0.444444,0.642788,0.766044,0.0,2.381333,-83.657868,9.0,0,2
0.036896,-0.083597,-0.030987,0.609369,0.604987,0.503242,0.096488,0.041055,0.457357,0.559567,0.292776,0.903512,0.444444,0.642788,0.766044,0.0,3.091333,-62.620528,9.0,0,2
0.027431,-0.061056,-0.050253,0.627793,0.574492,0.518411,0.0837,0.054031,0.524896,0.418838,0.302278,0.9163,0.444444,0.642788,0.766044,0.0,3.791333,-88.360392,9.0,0,2
-0.014223,-0.092047,-0.03458,0.609126,0.523983,0.473977,0.099351,0.05786,0.514933,0.325709,0.329165,0.900649,0.444444,0.642788,0.766044,0.0,4.501333,-99.839329,8.0,0,2
-0.018356,-0.052177,-0.002747,0.48754,0.397546,0.375963,0.05538,0.047033,0.53413,0.29273,0.365823,0.94462,0.444444,0.642788,0.766044,0.0,5.181333,-165.953271,6.0,1,2
-0.013499,-0.037237,0.010284,0.251635,0.24228,0.19098,0.040922,0.022356,0.401322,0.311614,0.38883,0.959078,0.444444,0.642788,0.766044,0.0,5.941333,-139.410686,7.0,1,2
