mean_x,mean_y,mean_z,std_x,std_y,std_z,R,log_rmsW,rX_ratio,rY_ratio,rZ_ratio,psi,elev_normalized,elev_sin,elev_cos,is_synthetic,time_s,azimuth_deg,az_sector,elev_class,psi_cls
-0.041433,0.009662,-0.000131,0.623581,0.605765,0.49229,0.042545,0.045261,0.578617,0.579977,0.251156,0.957455,0.444444,0.642788,0.766044,0.0,0.321333,175.987839,5.0,1,2
0.061734,0.008019,-0.014279,0.585949,0.630171,0.505403,0.063869,0.035934,0.554911,0.634203,0.262683,0.936131,0.444444,0.642788,0.766044,0.0,1.001333,142.269597,4.0,0,2
0.09876,0.054937,0.020799,0.538749,0.654721,0.517547,0.11491,0.041338,0.375598,0.823656,0.230043,0.88509,0.444444,0.642788,0.766044,0.0,1.681333,123.975684,4.0,1,2
0.059833,0.040149,0.017958,0.348562,0.451432,0.323069,0.074259,0.028084,0.259896,0.797366,0.25215,0.925741,0.444444,0.642788,0.766044,0.0,3.141333,92.52765,3.0,1,2
0.006728,0.023607,-0.000632,0.185722,0.216383,0.152546,0.024556,0.012632,0.392464,0.426103,0.359661,0.975444,0.444444,0.642788,0.766044,0.0,3.801333,45.833213,1.0,1,2
