mean_x,mean_y,mean_z,std_x,std_y,std_z,R,log_rmsW,rX_ratio,rY_ratio,rZ_ratio,psi,elev_normalized,elev_sin,elev_cos,is_synthetic,time_s,azimuth_deg,az_sector,elev_class,psi_cls
0.068347,-0.043322,-0.045423,0.61435,0.585967,0.520121,0.092798,0.047314,0.734375,0.443028,0.249741,0.907202,0.444444,0.642788,0.766044,0.0,0.211333,-8.671478,11.0,0,2
-0.000288,-0.074662,-0.037877,0.604813,0.600023,0.5168,0.083721,0.057258,0.623108,0.673262,0.282131,0.916279,0.444444,0.642788,0.766044,0.0,0.931333,-19.714571,11.0,0,2
-0.015626,-0.117936,-0.009998,0.598459,0.600443,0.516676,0.119386,0.04652,0.583122,0.803626,0.298027,0.880614,0.444444,0.642788,0.766044,0.0,1.671333,-64.85446,9.0,0,2
-0.007949,-0.133142,-0.003944,0.595965,0.601266,0.515119,0.133437,0.031635,0.683461,0.780612,0.323747,0.866563,0.444444,0.642788,0.766044,0.0,2.381333,-57.780535,10.0,1,2
0.063449,-0.14903,-0.036073,0.579426,0.621087,0.50084,0.165942,0.033751,0.536427,0.729971,0.434313,0.834058,0.444444,0.642788,0.766044,0.0,3.091333,-75.479552,9.0,0,1
0.065111,-0.129656,-0.058971,0.575327,0.623212,0.505939,0.156614,0.055845,0.470373,0.590315,0.588247,0.843386,0.444444,0.642788,0.766044,0.0,3.811333,-75.079157,9.0,0,1
0.018274,-0.122873,-0.045292,0.575735,0.613035,0.524572,0.132224,0.055401,0.517765,0.566666,0.616214,0.867776,0.444444,0.642788,0.766044,0.0,4.511333,-58.143246,10.0,0,2
-0.005897,-0.072018,-0.028276,0.499273,0.535852,0.476526,0.077594,0.037927,0.503218,0.641699,0.675066,0.922406,0.444444,0.642788,0.766044,0.0,5.221333,-98.612289,8.0,0,2
-0.006911,-0.020048,-0.014635,0.377858,0.381,0.354866,0.025766,0.013125,0.589301,0.586055,0.685312,0.974234,0.444444,0.642788,0.766044,0.0,5.931333,-154.47269,6.0,0,2
