mean_x,mean_y,mean_z,std_x,std_y,std_z,R,log_rmsW,rX_ratio,rY_ratio,rZ_ratio,psi,elev_normalized,elev_sin,elev_cos,is_synthetic,time_s,azimuth_deg,az_sector,elev_class,psi_cls
0.283738,-0.142874,0.0,0.375486,0.220186,0.0,0.31768,0.053546,0.819757,0.572712,0.0,0.68232,0.0,0.0,1.0,1.0,0.311333,0.0,0.0,0,0
0.290434,-0.326813,0.0,0.307769,0.351055,0.0,0.437217,0.063226,0.610243,0.792215,0.0,0.562783,0.0,0.0,1.0,1.0,1.051333,-22.500002,11.0,0,0
0.143152,-0.349101,0.0,0.210429,0.39661,0.0,0.377311,0.055477,0.48963,0.87193,0.0,0.622689,0.0,0.0,1.0,1.0,1.741333,-45.000004,10.0,0,0
0.002364,-0.457377,0.0,0.23055,0.422037,0.0,0.457383,0.043133,0.361969,0.93219,0.0,0.542617,0.0,0.0,1.0,1.0,2.431333,-67.500002,9.0,0,0
-0.181588,-0.355561,0.0,0.238862,0.379099,0.0,0.399246,0.037988,0.663039,0.748585,0.0,0.600754,0.0,0.0,1.0,1.0,3.171333,-90.0,9.0,0,0
-0.280356,-0.31312,0.0,0.295978,0.339942,0.0,0.42029,0.059438,0.849737,0.527207,0.0,0.57971,0.0,0.0,1.0,1.0,3.871333,-112.500001,8.0,0,0
-0.313021,-0.14045,0.0,0.363966,0.224515,0.0,0.343087,0.061547,0.892233,0.451574,0.0,0.656913,0.0,0.0,1.0,1.0,4.571333,-135.000003,7.0,0,0
-0.201876,-0.037515,0.0,0.346628,0.099515,0.0,0.205332,0.046697,0.947332,0.320246,0.0,0.794668,0.0,0.0,1.0,1.0,5.281333,-157.500002,6.0,0,1
-0.08197,0.0,0.0,0.245843,0.0,0.0,0.08197,0.018097,1.0,0.0,0.0,0.918029,0.0,0.0,1.0,1.0,6.021333,180.0,6.0,0,2
