mean_x,mean_y,mean_z,std_x,std_y,std_z,R,log_rmsW,rX_ratio,rY_ratio,rZ_ratio,psi,elev_normalized,elev_sin,elev_cos,is_synthetic,time_s,azimuth_deg,az_sector,elev_class,psi_cls
0.270799,-0.327268,0.0,0.272274,0.329418,0.0,0.424778,0.072875,0.634035,0.773305,0.0,0.575222,0.0,0.0,1.0,1.0,0.151333,-22.500002,11.0,0,0
0.163366,-0.375973,0.0,0.209153,0.366045,0.0,0.409932,0.062022,0.467555,0.883964,0.0,0.590068,0.0,0.0,1.0,1.0,0.851333,-45.000003,10.0,0,0
0.037195,-0.36753,0.0,0.183377,0.383902,0.0,0.369408,0.045605,0.36576,0.930709,0.0,0.630592,0.0,0.0,1.0,1.0,1.571333,-67.500002,9.0,0,0
-0.118441,-0.245532,0.0,0.215377,0.335993,0.0,0.272607,0.047087,0.671519,0.740987,0.0,0.727393,0.0,0.0,1.0,1.0,2.291333,-90.0,8.0,0,0
-0.192958,-0.187995,0.0,0.279954,0.274439,0.0,0.269397,0.063786,0.81902,0.573765,0.0,0.730603,0.0,0.0,1.0,1.0,2.991333,-112.500001,8.0,0,0
-0.218575,-0.102321,0.0,0.336301,0.198148,0.0,0.241339,0.062566,0.868247,0.496132,0.0,0.758661,0.0,0.0,1.0,1.0,3.701333,-135.000003,7.0,0,0
-0.115661,-0.019619,0.0,0.275497,0.064468,0.0,0.117313,0.033099,0.9628,0.270215,0.0,0.882687,0.0,0.0,1.0,1.0,4.451333,-157.500002,6.0,0,2
-0.054504,0.0,0.0,0.216275,0.0,0.0,0.054504,0.020622,1.0,0.0,0.0,0.945496,0.0,0.0,1.0,1.0,5.111333,180.0,6.0,0,2
