mean_x,mean_y,mean_z,std_x,std_y,std_z,R,log_rmsW,rX_ratio,rY_ratio,rZ_ratio,psi,elev_normalized,elev_sin,elev_cos,is_synthetic,time_s,azimuth_deg,az_sector,elev_class,psi_cls
0.006433,0.0546,-0.023477,0.625731,0.555792,0.543893,0.05978,0.036651,0.707171,0.677974,0.294282,0.94022,0.444444,0.642788,0.766044,0.0,0.221333,152.456454,5.0,0,2
-0.018157,0.039594,-0.003798,0.609549,0.581795,0.536576,0.043724,0.036718,0.646896,0.778739,0.355434,0.956276,0.444444,0.642788,0.766044,0.0,0.891333,142.114009,4.0,1,2
-0.015605,0.021861,-0.018693,0.599149,0.605237,0.52295,0.032724,0.034233,0.627014,0.865595,0.443182,0.967276,0.444444,0.642788,0.766044,0.0,1.601333,122.087485,4.0,0,2
0.006558,0.032029,0.009884,0.597926,0.593403,0.537624,0.034154,0.032088,0.664744,0.795246,0.504455,0.965846,0.444444,0.642788,0.766044,0.0,2.301333,103.792075,3.0,1,2
0.063733,0.01872,0.019757,0.564663,0.546794,0.480302,0.069302,0.046203,0.633706,0.427855,0.374423,0.930698,0.444444,0.642788,0.766044,0.0,3.051333,83.61242,2.0,1,2
0.06137,0.028983,0.02491,0.441538,0.429824,0.36528,0.072297,0.042606,0.629253,0.327777,0.337823,0.927703,0.444444,0.642788,0.766044,0.0,3.721333,34.347959,1.0,2,2
0.020813,0.022984,0.006818,0.231258,0.257907,0.165554,0.031748,0.031372,0.534223,0.281105,0.302586,0.968252,0.444444,0.642788,0.766044,0.0,4.461333,1.061164,0.0,1,2
