mean_x,mean_y,mean_z,std_x,std_y,std_z,R,log_rmsW,rX_ratio,rY_ratio,rZ_ratio,psi,elev_normalized,elev_sin,elev_cos,is_synthetic,time_s,azimuth_deg,az_sector,elev_class,psi_cls
-0.0804,-0.052319,-0.056675,0.624083,0.57457,0.51752,0.111416,0.023474,0.943217,0.445131,0.502066,0.888584,0.0,0.0,1.0,0.0,0.141333,-7.785008,11.0,0,2
-0.113235,-0.060358,-0.047698,0.594655,0.585726,0.533348,0.136896,0.026226,0.958593,0.782471,0.718962,0.863104,0.0,0.0,1.0,0.0,0.831333,-14.492113,11.0,0,2
-0.05237,-0.052585,-0.020743,0.563704,0.601488,0.560735,0.077059,0.0208,0.850377,0.953277,0.827629,0.922941,0.0,0.0,1.0,0.0,1.611333,-127.916729,7.0,0,2
-0.007869,-0.097787,-0.00195,0.574914,0.584455,0.564048,0.098122,0.019442,0.882034,0.979593,0.862684,0.901878,0.0,0.0,1.0,0.0,2.211333,-75.148302,9.0,1,2
0.00905,-0.078557,0.020298,0.592386,0.585018,0.547716,0.08164,0.012416,0.748793,0.845234,0.594808,0.91836,0.0,0.0,1.0,0.0,2.991333,-71.368501,9.0,1,2
-0.037554,-0.112559,-0.01374,0.591795,0.570283,0.55686,0.119452,0.027343,0.933046,0.607702,0.59596,0.880548,0.0,0.0,1.0,0.0,3.671333,-93.205695,8.0,0,2
-0.077302,-0.070791,-0.007916,0.569568,0.594698,0.504936,0.105117,0.027347,0.934669,0.635386,0.59254,0.894883,0.0,0.0,1.0,0.0,4.371333,71.217566,2.0,0,2
-0.057559,-0.047319,-0.026502,0.429525,0.487362,0.388455,0.079085,0.019719,1.009519,0.71666,0.731993,0.920915,0.0,0.0,1.0,0.0,5.101333,-154.177386,6.0,0,2
-0.011768,0.021204,0.00629,0.289486,0.330554,0.201336,0.025053,0.005927,0.748987,1.093514,0.31475,0.974947,0.0,0.0,1.0,0.0,5.791333,-86.320507,9.0,1,2
