mean_x,mean_y,mean_z,std_x,std_y,std_z,R,log_rmsW,rX_ratio,rY_ratio,rZ_ratio,psi,elev_normalized,elev_sin,elev_cos,is_synthetic,time_s,azimuth_deg,az_sector,elev_class,psi_cls
-0.007102,-0.070573,-0.017369,0.605899,0.597048,0.520534,0.073025,0.040468,0.623294,0.564738,0.318713,0.926975,0.444444,0.642788,0.766044,0.0,0.101333,173.335074,5.0,0,2
0.059236,-0.02478,-0.044942,0.600188,0.603942,0.518412,0.078376,0.036883,0.563479,0.642173,0.321428,0.921624,0.444444,0.642788,0.766044,0.0,0.801333,140.734237,4.0,0,2
0.064305,0.046547,-0.005896,0.59725,0.611066,0.513241,0.079602,0.037843,0.40911,0.849038,0.263252,0.920398,0.444444,0.642788,0.766044,0.0,1.521333,124.22895,4.0,1,2
0.059316,0.039475,-0.001418,0.600434,0.603704,0.519423,0.071265,0.036205,0.370596,0.829459,0.254245,0.928735,0.444444,0.642788,0.766044,0.0,2.261333,110.286571,3.0,1,2
0.04097,0.009418,0.017418,0.607111,0.604255,0.513878,0.045504,0.026995,0.425846,0.756221,0.245544,0.954496,0.444444,0.642788,0.766044,0.0,2.951333,95.463324,3.0,1,2
0.009654,-0.006294,0.007695,0.509833,0.49502,0.429347,0.013858,0.012774,0.611926,0.395866,0.247777,0.986142,0.444444,0.642788,0.766044,0.0,3.631333,36.62882,1.0,1,2
