mean_x,mean_y,mean_z,std_x,std_y,std_z,R,log_rmsW,rX_ratio,rY_ratio,rZ_ratio,psi,elev_normalized,elev_sin,elev_cos,is_synthetic,time_s,azimuth_deg,az_sector,elev_class,psi_cls
0.236186,-0.105319,0.0,0.3651,0.197238,0.0,0.258604,0.055539,0.841906,0.539624,0.0,0.741396,0.0,0.0,1.0,1.0,0.371333,0.0,0.0,0,0
0.271809,-0.350056,0.0,0.293576,0.376376,0.0,0.443192,0.06244,0.684459,0.729051,0.0,0.556808,0.0,0.0,1.0,1.0,1.101333,-22.500003,11.0,0,0
0.144709,-0.376592,0.0,0.202721,0.409886,0.0,0.403438,0.050424,0.500353,0.865822,0.0,0.596562,0.0,0.0,1.0,1.0,1.791333,-45.000004,10.0,0,0
0.019515,-0.525251,0.0,0.248992,0.393641,0.0,0.525613,0.036066,0.350168,0.936687,0.0,0.474387,0.0,0.0,1.0,1.0,2.501333,-67.500002,9.0,0,0
-0.237058,-0.407182,0.0,0.252684,0.349759,0.0,0.471162,0.034673,0.656738,0.754119,0.0,0.528838,0.0,0.0,1.0,1.0,3.241333,-90.0,9.0,0,0
-0.332838,-0.377512,0.0,0.289532,0.319199,0.0,0.503286,0.058253,0.86093,0.508723,0.0,0.496714,0.0,0.0,1.0,1.0,3.941333,-112.500003,8.0,0,0
-0.345832,-0.189603,0.0,0.35362,0.254806,0.0,0.394397,0.060617,0.897387,0.441244,0.0,0.605603,0.0,0.0,1.0,1.0,4.631333,-135.000003,7.0,0,0
-0.183503,-0.036308,0.0,0.33043,0.097882,0.0,0.187061,0.045353,0.94624,0.323465,0.0,0.812939,0.0,0.0,1.0,1.0,5.351333,-157.500002,6.0,0,1
-0.07113,0.0,0.0,0.22387,0.0,0.0,0.07113,0.018588,1.0,0.0,0.0,0.92887,0.0,0.0,1.0,1.0,6.081333,180.0,6.0,0,2
