mean_x,mean_y,mean_z,std_x,std_y,std_z,R,log_rmsW,rX_ratio,rY_ratio,rZ_ratio,psi,elev_normalized,elev_sin,elev_cos,is_synthetic,time_s,azimuth_deg,az_sector,elev_class,psi_cls
-0.160107,0.189777,0.0,0.253674,0.289009,0.0,0.248293,0.026368,0.588473,0.808517,0.0,0.751707,0.0,0.0,1.0,1.0,0.291333,157.499999,5.0,0,0
-0.081285,0.35393,0.0,0.164721,0.382989,0.0,0.363144,0.030342,0.293778,0.955874,0.0,0.636856,0.0,0.0,1.0,1.0,1.021333,134.999997,4.0,0,0
0.018187,0.439667,0.0,0.168676,0.396257,0.0,0.440043,0.028984,0.266194,0.96392,0.0,0.559957,0.0,0.0,1.0,1.0,1.661333,112.499999,3.0,0,0
0.183541,0.470353,0.0,0.249171,0.369038,0.0,0.504896,0.026295,0.474291,0.880368,0.0,0.495104,0.0,0.0,1.0,1.0,2.361333,90.0,3.0,0,0
0.2689,0.2903,0.0,0.310368,0.320732,0.0,0.395703,0.033217,0.864345,0.502899,0.0,0.604297,0.0,0.0,1.0,1.0,3.081333,67.499998,2.0,0,0
0.215107,0.163343,0.0,0.321537,0.247423,0.0,0.270096,0.032207,0.876699,0.48104,0.0,0.729904,0.0,0.0,1.0,1.0,3.771333,44.999996,1.0,0,0
0.062996,0.026023,0.0,0.217163,0.089697,0.0,0.06816,0.02052,0.923879,0.382683,0.0,0.93184,0.0,0.0,1.0,1.0,4.531333,22.499998,0.0,0,2
