mean_x,mean_y,mean_z,std_x,std_y,std_z,R,log_rmsW,rX_ratio,rY_ratio,rZ_ratio,psi,elev_normalized,elev_sin,elev_cos,is_synthetic,time_s,azimuth_deg,az_sector,elev_class,psi_cls
0.348287,-0.130821,0.0,0.387646,0.216338,0.0,0.372046,0.060519,0.843215,0.537576,0.0,0.627954,0.0,0.0,1.0,1.0,0.391333,0.0,0.0,0,0
0.250047,-0.285424,0.0,0.283951,0.334118,0.0,0.379461,0.074349,0.661858,0.749629,0.0,0.620539,0.0,0.0,1.0,1.0,1.091333,-22.500003,11.0,0,0
0.136876,-0.339888,0.0,0.208782,0.377707,0.0,0.366414,0.059045,0.491124,0.87109,0.0,0.633587,0.0,0.0,1.0,1.0,1.801333,-45.000004,10.0,0,0
0.034091,-0.316489,0.0,0.167687,0.396248,0.0,0.31832,0.040756,0.382683,0.92388,0.0,0.68168,0.0,0.0,1.0,1.0,2.511333,-67.500002,9.0,0,0
-0.213786,-0.167767,0.0,0.322516,0.268106,0.0,0.271754,0.063964,0.860076,0.510166,0.0,0.728246,0.0,0.0,1.0,1.0,3.921333,-112.500003,8.0,0,0
-0.317024,-0.105422,0.0,0.380584,0.194267,0.0,0.334093,0.064336,0.897401,0.441216,0.0,0.665907,0.0,0.0,1.0,1.0,4.631333,-135.000004,7.0,0,0
-0.250026,-0.047818,0.0,0.370061,0.113876,0.0,0.254557,0.049734,0.940486,0.339833,0.0,0.745443,0.0,0.0,1.0,1.0,5.361333,-157.500002,6.0,0,0
-0.119348,0.0,0.0,0.284324,0.0,0.0,0.119348,0.020066,1.0,0.0,0.0,0.880652,0.0,0.0,1.0,1.0,6.051333,180.0,6.0,0,2
