mean_x,mean_y,mean_z,std_x,std_y,std_z,R,log_rmsW,rX_ratio,rY_ratio,rZ_ratio,psi,elev_normalized,elev_sin,elev_cos,is_synthetic,time_s,azimuth_deg,az_sector,elev_class,psi_cls
-0.062586,-0.0342,-0.006762,0.607433,0.591009,0.525859,0.07164,0.03239,0.644399,0.346816,0.297522,0.92836,0.0,0.0,1.0,0.0,0.401333,-1.372059,11.0,0,2
-0.012854,-0.10765,-0.040826,0.591047,0.599775,0.526754,0.115847,0.041581,0.492109,0.703043,0.253982,0.884153,0.0,0.0,1.0,0.0,1.141333,-130.103975,7.0,0,2
-0.019442,-0.053138,-0.020688,0.590528,0.607137,0.528095,0.060247,0.034292,0.459577,0.822456,0.257475,0.939753,0.0,0.0,1.0,0.0,1.811333,-160.765788,6.0,0,2
0.003684,-0.048916,-0.01603,0.58138,0.605804,0.540508,0.051607,0.024044,0.317231,0.845172,0.249306,0.948393,0.0,0.0,1.0,0.0,2.541333,-65.769718,9.0,0,2
-0.018636,-0.037083,0.02054,0.582299,0.610314,0.534915,0.046307,0.018069,0.576909,0.803008,0.53282,0.953693,0.0,0.0,1.0,0.0,3.921333,-81.91984,9.0,1,2
-0.000222,-0.014522,0.01065,0.564181,0.588164,0.514933,0.018011,0.018687,0.634463,0.780271,0.547822,0.981989,0.0,0.0,1.0,0.0,4.651333,-86.725433,9.0,1,2
-0.003545,0.002861,0.019832,0.442623,0.468551,0.398643,0.020348,0.014821,0.695883,0.83315,0.528319,0.979652,0.0,0.0,1.0,0.0,5.361333,-107.695066,8.0,1,2
0.014515,-0.006153,0.006953,0.269872,0.284698,0.256237,0.01723,0.007991,0.784436,0.757351,0.553733,0.98277,0.0,0.0,1.0,0.0,6.071333,-165.822346,6.0,1,2
