mean_x,mean_y,mean_z,std_x,std_y,std_z,R,log_rmsW,rX_ratio,rY_ratio,rZ_ratio,psi,elev_normalized,elev_sin,elev_cos,is_synthetic,time_s,azimuth_deg,az_sector,elev_class,psi_cls
0.116351,-0.117615,-0.059265,0.614227,0.575559,0.510369,0.175736,0.041498,0.757466,0.636181,0.234098,0.824264,0.833333,0.965926,0.258819,0.0,0.271333,-5.862778,11.0,0,1
0.080923,-0.1606,-0.092511,0.599715,0.563207,0.53119,0.202236,0.051209,0.671455,0.781206,0.319121,0.797764,0.833333,0.965926,0.258819,0.0,1.001333,-42.565839,10.0,0,1
0.036516,-0.116417,-0.086295,0.591677,0.558246,0.562019,0.149443,0.042884,0.73689,0.88183,0.413328,0.850557,0.833333,0.965926,0.258819,0.0,1.691333,-44.240281,10.0,0,2
-0.018742,-0.071764,-0.023596,0.589124,0.580721,0.556355,0.077834,0.034157,0.806307,0.960705,0.491705,0.922166,0.833333,0.965926,0.258819,0.0,2.401333,-61.372899,9.0,0,2
-0.032548,-0.059182,0.016141,0.598649,0.598854,0.52733,0.069444,0.031552,0.878819,0.911139,0.2942,0.930556,0.833333,0.965926,0.258819,0.0,3.181333,-96.177862,8.0,1,2
-0.127962,-0.046769,0.05217,0.656865,0.528847,0.496111,0.145888,0.069991,0.738452,0.389297,0.171604,0.854112,0.833333,0.965926,0.258819,0.0,4.551333,-114.181154,8.0,2,2
-0.115972,-0.014553,0.050421,0.533688,0.400798,0.396175,0.127293,0.052363,0.743421,0.266328,0.179073,0.872707,0.833333,0.965926,0.258819,0.0,5.271333,-156.34774,6.0,2,2
-0.087123,-0.006784,0.0385,0.340515,0.257794,0.268576,0.095492,0.021337,1.148818,0.385677,0.335237,0.904508,0.833333,0.965926,0.258819,0.0,5.981333,178.887011,5.0,2,2
