mean_x,mean_y,mean_z,std_x,std_y,std_z,R,log_rmsW,rX_ratio,rY_ratio,rZ_ratio,psi,elev_normalized,elev_sin,elev_cos,is_synthetic,time_s,azimuth_deg,az_sector,elev_class,psi_cls
-0.180585,0.170775,0.0,0.28346,0.286395,0.0,0.248546,0.024576,0.558205,0.829703,0.0,0.751454,0.0,0.0,1.0,1.0,0.511333,157.499997,5.0,0,0
-0.086734,0.210957,0.0,0.195794,0.348199,0.0,0.228091,0.031719,0.276818,0.960922,0.0,0.771909,0.0,0.0,1.0,1.0,1.161333,134.999997,4.0,0,0
0.010061,0.2306,0.0,0.145325,0.373798,0.0,0.23082,0.039233,0.309138,0.951017,0.0,0.76918,0.0,0.0,1.0,1.0,1.871333,112.499997,3.0,0,0
0.113206,0.222441,0.0,0.217186,0.340667,0.0,0.249591,0.037453,0.466254,0.884651,0.0,0.750409,0.0,0.0,1.0,1.0,2.611333,90.0,3.0,0,0
0.204008,0.177842,0.0,0.306387,0.27402,0.0,0.270642,0.037812,0.79241,0.609988,0.0,0.729358,0.0,0.0,1.0,1.0,3.331333,67.499998,2.0,0,0
0.174083,0.114174,0.0,0.305179,0.210239,0.0,0.208184,0.032478,0.871474,0.490445,0.0,0.791816,0.0,0.0,1.0,1.0,4.011333,44.999998,1.0,0,1
0.07807,0.032633,0.0,0.226183,0.094371,0.0,0.084616,0.020982,0.923878,0.382683,0.0,0.915384,0.0,0.0,1.0,1.0,4.741333,22.499999,0.0,0,2
