mean_x,mean_y,mean_z,std_x,std_y,std_z,R,log_rmsW,rX_ratio,rY_ratio,rZ_ratio,psi,elev_normalized,elev_sin,elev_cos,is_synthetic,time_s,azimuth_deg,az_sector,elev_class,psi_cls
0.040281,-0.05901,-0.029835,0.627281,0.596901,0.494138,0.077426,0.03707,0.904017,0.643966,0.286801,0.922574,0.833333,0.965926,0.258819,0.0,0.151333,-6.129398,11.0,0,2
0.00442,-0.080581,-0.008406,0.617296,0.594844,0.508374,0.081138,0.044463,1.028525,0.847264,0.635888,0.918862,0.833333,0.965926,0.258819,0.0,0.861333,-26.050286,11.0,0,2
-0.016941,-0.092917,0.008082,0.606563,0.585397,0.529439,0.094794,0.036773,1.056058,0.930804,0.766726,0.905206,0.833333,0.965926,0.258819,0.0,1.581333,-30.700063,10.0,1,2
-0.082712,-0.062788,-0.006388,0.573704,0.592408,0.555851,0.10404,0.025945,1.199305,1.085354,0.970173,0.895959,0.833333,0.965926,0.258819,0.0,2.281333,-58.860977,10.0,0,2
-0.07961,-0.022066,-0.003383,0.571425,0.602883,0.550535,0.082681,0.021158,1.269009,1.148499,0.933845,0.917319,0.833333,0.965926,0.258819,0.0,3.051333,-126.094475,7.0,1,2
-0.119789,-0.002621,-0.017629,0.586189,0.582904,0.549444,0.121108,0.081679,0.701903,0.331876,0.269218,0.878892,0.833333,0.965926,0.258819,0.0,3.721333,-132.184856,7.0,0,2
-0.171613,-0.032577,0.037238,0.586391,0.534452,0.502768,0.178603,0.085573,0.721347,0.320893,0.259357,0.821397,0.833333,0.965926,0.258819,0.0,4.431333,-123.501932,7.0,2,1
-0.154191,-0.030824,0.045529,0.45525,0.400426,0.387016,0.1637,0.059371,0.696887,0.26319,0.186029,0.8363,0.833333,0.965926,0.258819,0.0,5.171333,-179.493822,6.0,2,1
-0.078842,-0.017936,0.046185,0.283882,0.245017,0.223378,0.093117,0.021796,0.879637,0.43513,0.243407,0.906883,0.833333,0.965926,0.258819,0.0,5.861333,178.778611,5.0,2,2
