mean_x,mean_y,mean_z,std_x,std_y,std_z,R,log_rmsW,rX_ratio,rY_ratio,rZ_ratio,psi,elev_normalized,elev_sin,elev_cos,is_synthetic,time_s,azimuth_deg,az_sector,elev_class,psi_cls
0.098449,0.006863,-0.016359,0.639008,0.541912,0.536508,0.100035,0.03784,0.963946,0.322612,0.271601,0.899965,0.444444,0.642788,0.766044,0.0,0.401333,-16.708029,11.0,0,2
0.044262,-0.004927,8.1e-05,0.623636,0.56347,0.53986,0.044535,0.042598,0.883072,0.860043,0.587186,0.955465,0.444444,0.642788,0.766044,0.0,1.131333,-14.373323,11.0,1,2
0.001089,-0.013746,0.005957,0.604458,0.581445,0.544201,0.015021,0.039999,0.775944,0.964283,0.616824,0.984979,0.444444,0.642788,0.766044,0.0,1.831333,8.384613,0.0,1,2
-0.012109,0.001977,-0.010863,0.575524,0.597054,0.558478,0.016387,0.034726,0.806682,0.970509,0.664973,0.983613,0.444444,0.642788,0.766044,0.0,2.501333,-71.753095,9.0,0,2
-0.033001,0.030504,-0.019448,0.577372,0.596075,0.555726,0.048968,0.027408,0.755837,0.785283,0.63447,0.951032,0.444444,0.642788,0.766044,0.0,3.251333,-55.933462,10.0,0,2
-0.007506,0.061651,-0.033667,0.601588,0.583363,0.541026,0.070644,0.034522,1.407497,0.660969,0.549982,0.929356,0.444444,0.642788,0.766044,0.0,3.951333,-81.343123,9.0,0,2
-0.063409,0.006989,-0.041491,0.584979,0.565981,0.510998,0.076098,0.041349,1.185895,0.522321,0.49628,0.923902,0.444444,0.642788,0.766044,0.0,4.651333,-117.686168,8.0,0,2
-0.035425,0.005355,-0.029074,0.477241,0.445614,0.401265,0.04614,0.034903,1.296478,0.492102,0.467772,0.95386,0.444444,0.642788,0.766044,0.0,5.331333,-173.632425,6.0,0,2
-0.036427,-0.026423,-0.008465,0.253651,0.285867,0.247669,0.045791,0.019241,0.372265,0.471946,0.560134,0.954209,0.444444,0.642788,0.766044,0.0,6.091333,-158.485341,6.0,0,2
