mean_x,mean_y,mean_z,std_x,std_y,std_z,R,log_rmsW,rX_ratio,rY_ratio,rZ_ratio,psi,elev_normalized,elev_sin,elev_cos,is_synthetic,time_s,azimuth_deg,az_sector,elev_class,psi_cls
-0.081478,0.01053,0.013132,0.592626,0.645067,0.475032,0.083199,0.020674,0.795328,1.533578,0.428297,0.916801,0.833333,0.965926,0.258819,0.0,0.191333,130.282621,4.0,1,2
-0.100186,0.034232,-0.012047,0.585199,0.638204,0.488613,0.106556,0.025609,0.590506,0.979488,0.369057,0.893444,0.833333,0.965926,0.258819,0.0,0.901333,83.58785,2.0,0,2
-0.081121,0.012441,-0.026155,0.39031,0.447455,0.321915,0.086137,0.031569,0.430126,0.629246,0.278308,0.913863,0.833333,0.965926,0.258819,0.0,2.331333,109.604612,3.0,0,2
-0.016679,-0.004563,-0.021976,0.184491,0.25346,0.156854,0.027963,0.019066,0.182818,0.469636,0.183374,0.972037,0.833333,0.965926,0.258819,0.0,3.011333,61.636643,2.0,0,2
