mean_x,mean_y,mean_z,std_x,std_y,std_z,R,log_rmsW,rX_ratio,rY_ratio,rZ_ratio,psi,elev_normalized,elev_sin,elev_cos,is_synthetic,time_s,azimuth_deg,az_sector,elev_class,psi_cls
-0.086073,0.215278,0.0,0.178563,0.345597,0.0,0.231847,0.041673,0.433496,0.901156,0.0,0.768153,0.0,0.0,1.0,1.0,0.291333,134.999997,4.0,0,0
0.007406,0.261165,0.0,0.151651,0.36305,0.0,0.26127,0.039943,0.303411,0.95286,0.0,0.73873,0.0,0.0,1.0,1.0,1.011333,112.499998,3.0,0,0
0.090835,0.207179,0.0,0.188219,0.334792,0.0,0.226217,0.038471,0.47143,0.881903,0.0,0.773783,0.0,0.0,1.0,1.0,1.711333,90.0,3.0,0,0
0.176338,0.171752,0.0,0.285811,0.264778,0.0,0.246158,0.039444,0.765061,0.643958,0.0,0.753842,0.0,0.0,1.0,1.0,2.441333,67.499998,2.0,0,0
0.138359,0.083476,0.0,0.286202,0.185129,0.0,0.16159,0.034424,0.84579,0.533516,0.0,0.83841,0.0,0.0,1.0,1.0,3.111333,44.999998,1.0,0,1
0.069072,0.028665,0.0,0.211347,0.087886,0.0,0.074784,0.021049,0.92388,0.382684,0.0,0.925216,0.0,0.0,1.0,1.0,3.881333,22.499998,0.0,0,2
