mean_x,mean_y,mean_z,std_x,std_y,std_z,R,log_rmsW,rX_ratio,rY_ratio,rZ_ratio,psi,elev_normalized,elev_sin,elev_cos,is_synthetic,time_s,azimuth_deg,az_sector,elev_class,psi_cls
-0.06598,-0.04333,-0.039597,0.588082,0.627087,0.502973,0.088311,0.037865,0.545407,0.656768,0.31896,0.911689,0.0,0.0,1.0,0.0,0.321333,-139.032356,7.0,0,2
-0.075401,-0.032205,-0.038456,0.568218,0.642037,0.506529,0.090561,0.028024,0.581834,0.847768,0.339969,0.909439,0.0,0.0,1.0,0.0,1.041333,-133.942602,7.0,0,2
-0.037691,-0.0561,-0.03277,0.57781,0.611859,0.534774,0.075111,0.019579,0.732258,0.945902,0.391429,0.924889,0.0,0.0,1.0,0.0,1.721333,-113.154698,8.0,0,2
-0.033874,-0.091154,-0.006832,0.574829,0.595758,0.552274,0.097484,0.017134,0.816624,0.863439,0.420207,0.902516,0.0,0.0,1.0,0.0,2.411333,-78.795501,9.0,0,2
-0.020927,-0.099981,0.021783,0.58993,0.587923,0.543414,0.104444,0.020886,0.745426,0.723612,0.39691,0.895556,0.0,0.0,1.0,0.0,3.141333,-95.9041,8.0,1,2
-0.082937,-0.113614,0.00996,0.571209,0.58179,0.518983,0.141018,0.021214,0.81844,0.673144,0.452082,0.858982,0.0,0.0,1.0,0.0,3.851333,-56.43871,10.0,1,2
-0.044972,-0.073115,0.005691,0.451427,0.485145,0.403108,0.086027,0.014966,0.835594,0.65858,0.478758,0.913973,0.0,0.0,1.0,0.0,4.541333,-125.783529,7.0,1,2
-0.032229,-0.046912,0.000517,0.281997,0.292942,0.274807,0.056919,0.007456,1.273248,0.807815,0.754525,0.943081,0.0,0.0,1.0,0.0,5.271333,-167.792559,6.0,1,2
