mean_x,mean_y,mean_z,std_x,std_y,std_z,R,log_rmsW,rX_ratio,rY_ratio,rZ_ratio,psi,elev_normalized,elev_sin,elev_cos,is_synthetic,time_s,azimuth_deg,az_sector,elev_class,psi_cls
-0.070683,-0.003858,-0.06579,0.617471,0.581311,0.520805,0.09664,0.021057,0.626562,0.756106,0.302185,0.90336,0.833333,0.965926,0.258819,0.0,0.301333,177.738978,5.0,0,2
-0.039288,0.01191,-0.034265,0.602093,0.601574,0.522028,0.053474,0.023457,0.569527,0.901708,0.432951,0.946526,0.833333,0.965926,0.258819,0.0,1.021333,-173.785949,6.0,0,2
0.007025,0.002123,-0.03454,0.607685,0.604536,0.513611,0.035311,0.021281,0.601296,0.956676,0.468925,0.964689,0.833333,0.965926,0.258819,0.0,1.671333,99.352391,3.0,0,2
0.032966,0.000796,-0.012747,0.617231,0.593893,0.514689,0.035353,0.026659,0.502472,0.635567,0.405219,0.964647,0.833333,0.965926,0.258819,0.0,2.361333,110.574873,3.0,0,2
0.015169,-0.017199,-0.04295,0.613766,0.573445,0.505183,0.048689,0.040439,0.345777,0.413602,0.267321,0.951311,0.833333,0.965926,0.258819,0.0,3.081333,102.547432,3.0,0,2
-0.008407,-0.011264,-0.02496,0.487624,0.447934,0.398699,0.028645,0.037176,0.327453,0.393689,0.252535,0.971355,0.833333,0.965926,0.258819,0.0,3.811333,81.188993,2.0,0,2
-0.025536,-0.022729,-0.027134,0.293677,0.291954,0.254663,0.043646,0.026965,0.276506,0.478956,0.243371,0.956354,0.833333,0.965926,0.258819,0.0,4.531333,41.928891,1.0,0,2
