mean_x,mean_y,mean_z,std_x,std_y,std_z,R,log_rmsW,rX_ratio,rY_ratio,rZ_ratio,psi,elev_normalized,elev_sin,elev_cos,is_synthetic,time_s,azimuth_deg,az_sector,elev_class,psi_cls
-0.004313,-0.029802,-0.03147,0.576576,0.608097,0.543894,0.043556,0.036951,0.514274,0.556248,0.254448,0.956444,0.833333,0.965926,0.258819,0.0,0.361333,-166.527891,6.0,0,2
0.024688,-0.049867,-0.014542,0.576211,0.625356,0.523009,0.057513,0.04245,0.346675,0.490503,0.225285,0.942487,0.833333,0.965926,0.258819,0.0,1.051333,-153.072287,6.0,0,2
0.059443,-0.015026,-0.005441,0.572737,0.624534,0.527307,0.061554,0.04361,0.423873,0.45397,0.322997,0.938446,0.833333,0.965926,0.258819,0.0,1.731333,138.703669,4.0,1,2
0.041034,0.078387,0.014446,0.610884,0.590055,0.52011,0.089649,0.052316,0.401662,0.407682,0.31272,0.910351,0.833333,0.965926,0.258819,0.0,2.451333,113.787828,3.0,1,2
0.034163,0.078339,0.004905,0.546951,0.514452,0.455887,0.085605,0.044724,0.324887,0.363453,0.268114,0.914395,0.833333,0.965926,0.258819,0.0,3.201333,25.426521,0.0,1,2
0.02207,0.061775,-0.003938,0.431724,0.360204,0.329491,0.065717,0.026528,0.330795,0.236321,0.215895,0.934283,0.833333,0.965926,0.258819,0.0,3.901333,68.457334,2.0,1,2
0.011666,-0.000875,-0.013594,0.169793,0.150605,0.110645,0.017935,0.008745,0.368112,0.337946,0.274561,0.982065,0.833333,0.965926,0.258819,0.0,4.631333,14.231499,0.0,0,2
