mean_x,mean_y,mean_z,std_x,std_y,std_z,R,log_rmsW,rX_ratio,rY_ratio,rZ_ratio,psi,elev_normalized,elev_sin,elev_cos,is_synthetic,time_s,azimuth_deg,az_sector,elev_class,psi_cls
-0.100561,-0.080503,-0.014163,0.603147,0.592357,0.518086,0.129591,0.057357,0.491654,0.842673,0.260433,0.870409,0.444444,0.642788,0.766044,0.0,0.151333,-9.816664,11.0,0,2
-0.054042,-0.116605,-0.025059,0.58516,0.610637,0.517125,0.130939,0.048343,0.487942,0.993052,0.28426,0.869061,0.444444,0.642788,0.766044,0.0,0.861333,22.461916,0.0,0,2
-0.00014,-0.079777,-0.059537,0.559,0.624246,0.536426,0.099545,0.031908,0.420324,0.951823,0.323073,0.900455,0.444444,0.642788,0.766044,0.0,1.591333,-79.461255,9.0,0,2
0.010382,-0.057789,-0.053391,0.588029,0.618603,0.514847,0.07936,0.026896,1.012012,0.782788,0.441611,0.92064,0.444444,0.642788,0.766044,0.0,2.291333,-75.443859,9.0,0,2
-0.028415,-0.068136,-0.052915,0.567783,0.542761,0.50809,0.090829,0.047819,1.000161,0.875038,0.691075,0.909171,0.444444,0.642788,0.766044,0.0,3.741333,6.815918,0.0,0,2
-0.012815,-0.035183,-0.026268,0.434716,0.406487,0.414844,0.045739,0.038201,0.665504,0.574722,0.418031,0.954261,0.444444,0.642788,0.766044,0.0,4.451333,-116.187206,8.0,0,2
-0.012028,-0.000704,-0.014983,0.26264,0.23176,0.255664,0.019226,0.024605,0.381153,0.26549,0.284257,0.980774,0.444444,0.642788,0.766044,0.0,5.131333,171.769768,5.0,0,2
