mean_x,mean_y,mean_z,std_x,std_y,std_z,R,log_rmsW,rX_ratio,rY_ratio,rZ_ratio,psi,elev_normalized,elev_sin,elev_cos,is_synthetic,time_s,azimuth_deg,az_sector,elev_class,psi_cls
-0.063355,0.053167,-0.094395,0.55727,0.598803,0.561252,0.125503,0.021899,0.401434,0.784907,0.365393,0.874497,0.0,0.0,1.0,0.0,0.461333,140.183933,4.0,0,2
-0.068779,0.059392,-0.045218,0.561005,0.597487,0.563762,0.101502,0.021274,0.35568,0.871453,0.361131,0.898498,0.0,0.0,1.0,0.0,1.151333,85.170849,2.0,0,2
-0.05689,0.021473,-0.040803,0.569339,0.606415,0.550068,0.073229,0.021794,0.373386,0.886237,0.38192,0.926771,0.0,0.0,1.0,0.0,1.881333,120.187906,4.0,0,2
-0.019382,0.031502,-0.006822,0.575876,0.610664,0.542075,0.037611,0.022466,0.395609,0.820488,0.316975,0.962389,0.0,0.0,1.0,0.0,2.571333,98.150548,3.0,0,2
-0.028029,0.032818,-0.052063,0.563162,0.526518,0.500297,0.067625,0.026507,0.468072,0.526662,0.276091,0.932375,0.0,0.0,1.0,0.0,3.311333,96.554311,3.0,0,2
-0.01428,0.029041,-0.059673,0.445811,0.379043,0.39661,0.067883,0.02225,0.475479,0.376364,0.256939,0.932117,0.0,0.0,1.0,0.0,4.001333,71.932037,2.0,0,2
-0.020184,0.009701,-0.028087,0.250766,0.162189,0.2211,0.035922,0.015572,0.40107,0.14634,0.301076,0.964078,0.0,0.0,1.0,0.0,4.731333,19.099845,0.0,0,2
