mean_x,mean_y,mean_z,std_x,std_y,std_z,R,log_rmsW,rX_ratio,rY_ratio,rZ_ratio,psi,elev_normalized,elev_sin,elev_cos,is_synthetic,time_s,azimuth_deg,az_sector,elev_class,psi_cls
0.059513,-0.082857,-0.049507,0.613781,0.605661,0.49347,0.113394,0.052513,0.861203,0.757417,0.30102,0.886606,0.833333,0.965926,0.258819,0.0,0.261333,-6.543427,11.0,0,2
-0.008527,-0.151713,-0.116044,0.57849,0.590666,0.529003,0.191196,0.04495,0.558424,0.770712,0.274142,0.808804,0.833333,0.965926,0.258819,0.0,1.021333,-57.730165,10.0,0,1
-0.072933,-0.144655,-0.122406,0.550503,0.59052,0.554016,0.203046,0.038826,0.575412,0.804802,0.293908,0.796954,0.833333,0.965926,0.258819,0.0,1.681333,-59.804029,10.0,0,1
-0.094893,-0.086675,-0.069703,0.577003,0.590959,0.544376,0.146204,0.020545,0.995616,1.013944,0.569145,0.853796,0.833333,0.965926,0.258819,0.0,2.441333,-83.660927,9.0,0,2
-0.125887,-0.085808,0.0114,0.607547,0.557839,0.514722,0.152776,0.054815,0.909138,0.415378,0.294941,0.847224,0.833333,0.965926,0.258819,0.0,3.821333,-134.719302,7.0,1,2
-0.109111,-0.064542,0.024052,0.482355,0.431433,0.427981,0.129033,0.050267,0.877667,0.28486,0.239887,0.870968,0.833333,0.965926,0.258819,0.0,4.521333,-177.252805,6.0,2,2
-0.039962,-0.040239,0.01922,0.289036,0.255537,0.284981,0.059879,0.02469,0.634674,0.15461,0.213461,0.940121,0.833333,0.965926,0.258819,0.0,5.291333,-179.966412,6.0,1,2
