mean_x,mean_y,mean_z,std_x,std_y,std_z,R,log_rmsW,rX_ratio,rY_ratio,rZ_ratio,psi,elev_normalized,elev_sin,elev_cos,is_synthetic,time_s,azimuth_deg,az_sector,elev_class,psi_cls
-0.092916,0.025865,0.050699,0.574155,0.624448,0.518007,0.108962,0.022542,0.566104,0.986121,0.428675,0.891038,0.0,0.0,1.0,0.0,0.211333,76.85803,2.0,2,2
-0.049982,0.039226,0.033755,0.569246,0.613132,0.542812,0.071946,0.02696,0.477702,0.788643,0.341444,0.928054,0.0,0.0,1.0,0.0,0.891333,89.586204,2.0,2,2
-0.006212,0.017814,0.003559,0.402888,0.392619,0.376275,0.019199,0.022866,0.629121,0.777713,0.315768,0.980801,0.0,0.0,1.0,0.0,2.341333,70.599056,2.0,1,2
-0.023789,-2.9e-05,-0.008902,0.23556,0.195316,0.184864,0.0254,0.01334,0.918362,0.978829,0.352987,0.9746,0.0,0.0,1.0,0.0,3.001333,52.424251,1.0,0,2
