mean_x,mean_y,mean_z,std_x,std_y,std_z,R,log_rmsW,rX_ratio,rY_ratio,rZ_ratio,psi,elev_normalized,elev_sin,elev_cos,is_synthetic,time_s,azimuth_deg,az_sector,elev_class,psi_cls
0.043721,-0.075953,-0.008847,0.578484,0.625779,0.515687,0.088083,0.03796,0.649585,0.58881,0.370565,0.911916,0.444444,0.642788,0.766044,0.0,0.411333,163.41179,5.0,0,2
0.088514,-0.061581,-0.027928,0.558302,0.631898,0.525851,0.111386,0.040569,0.481817,0.698763,0.390844,0.888614,0.444444,0.642788,0.766044,0.0,1.091333,144.668523,4.0,0,2
0.025654,0.001889,-0.001531,0.575812,0.60989,0.543811,0.025769,0.042102,0.466699,0.732975,0.420999,0.974231,0.444444,0.642788,0.766044,0.0,1.771333,116.202235,3.0,1,2
0.046622,0.025388,0.008873,0.596275,0.606089,0.523549,0.053823,0.043486,0.554127,0.68534,0.342316,0.946177,0.444444,0.642788,0.766044,0.0,2.491333,110.253117,3.0,1,2
0.046348,0.025728,-0.038871,0.58255,0.537367,0.506827,0.065735,0.042757,0.708525,0.464722,0.343553,0.934265,0.444444,0.642788,0.766044,0.0,3.231333,63.073219,2.0,0,2
0.057788,0.020896,-0.053379,0.453292,0.4176,0.403592,0.081397,0.034984,0.779692,0.377781,0.347485,0.918603,0.444444,0.642788,0.766044,0.0,3.911333,30.223459,1.0,0,2
-0.007497,0.006338,-0.074266,0.227772,0.217527,0.26385,0.074912,0.020389,0.687232,0.230118,0.400478,0.925088,0.444444,0.642788,0.766044,0.0,4.661333,0.758802,0.0,0,2
