mean_x,mean_y,mean_z,std_x,std_y,std_z,R,log_rmsW,rX_ratio,rY_ratio,rZ_ratio,psi,elev_normalized,elev_sin,elev_cos,is_synthetic,time_s,azimuth_deg,az_sector,elev_class,psi_cls
-0.050963,-0.009713,0.00678,0.625215,0.557242,0.543791,0.052321,0.019873,0.746831,0.619978,0.441377,0.947679,0.0,0.0,1.0,0.0,0.211333,150.728971,5.0,1,2
-0.111977,-0.009994,-0.031332,0.618233,0.580593,0.516647,0.116707,0.024008,0.613526,0.677207,0.386507,0.883293,0.0,0.0,1.0,0.0,0.861333,147.513216,4.0,0,2
-0.072866,-0.029479,-0.017988,0.60695,0.595771,0.519614,0.080636,0.024509,0.475794,0.785074,0.321072,0.919364,0.0,0.0,1.0,0.0,1.571333,123.161363,4.0,0,2
-0.068195,-0.030672,0.017947,0.610202,0.585756,0.52766,0.076899,0.019093,0.584181,0.863574,0.292684,0.923101,0.0,0.0,1.0,0.0,2.321333,126.033787,4.0,1,2
-0.003956,-0.030755,0.012516,0.640135,0.5622,0.522337,0.033439,0.025413,0.795109,0.629734,0.237139,0.966561,0.0,0.0,1.0,0.0,3.001333,83.048687,2.0,1,2
0.008664,-0.010588,-0.005122,0.541074,0.443063,0.41729,0.014608,0.021999,0.897589,0.468934,0.23473,0.985392,0.0,0.0,1.0,0.0,3.681333,50.354069,1.0,1,2
0.003634,-0.011963,-0.000707,0.365293,0.272711,0.265568,0.012523,0.014606,0.852341,0.358236,0.198785,0.987477,0.0,0.0,1.0,0.0,4.451333,23.091049,0.0,1,2
