mean_x,mean_y,mean_z,std_x,std_y,std_z,R,log_rmsW,rX_ratio,rY_ratio,rZ_ratio,psi,elev_normalized,elev_sin,elev_cos,is_synthetic,time_s,azimuth_deg,az_sector,elev_class,psi_cls
0.053582,-0.091781,-0.014891,0.620852,0.578708,0.51766,0.107315,0.047458,0.613119,0.412583,0.243247,0.892685,0.833333,0.965926,0.258819,0.0,0.221333,-2.527813,11.0,0,2
0.064601,-0.110772,-0.00913,0.622677,0.583863,0.504715,0.128558,0.062067,0.508816,0.516911,0.239148,0.871442,0.833333,0.965926,0.258819,0.0,0.941333,-15.570854,11.0,0,2
-0.041867,-0.149475,-0.107913,0.589189,0.569769,0.540728,0.189052,0.052774,0.497287,0.591968,0.252228,0.810948,0.833333,0.965926,0.258819,0.0,1.641333,-40.708969,10.0,0,1
-0.062532,-0.121838,-0.081843,0.579773,0.580096,0.54933,0.15954,0.028279,0.485072,0.657715,0.359914,0.84046,0.833333,0.965926,0.258819,0.0,2.401333,-51.188193,10.0,0,1
-0.047129,-0.109057,-0.079973,0.609579,0.574786,0.526672,0.143214,0.025077,1.150601,0.814493,0.441408,0.856786,0.833333,0.965926,0.258819,0.0,3.101333,-82.924513,9.0,0,2
-0.097093,-0.070673,0.030451,0.643121,0.577151,0.487667,0.123892,0.047166,1.327597,0.511984,0.342527,0.876108,0.833333,0.965926,0.258819,0.0,3.791333,-95.112769,8.0,2,2
-0.152934,-0.056496,0.052844,0.630738,0.568214,0.499839,0.171386,0.052004,1.249539,0.508178,0.363407,0.828614,0.833333,0.965926,0.258819,0.0,4.471333,-113.056446,8.0,2,1
-0.134614,-0.025509,0.05356,0.526351,0.503884,0.470923,0.147106,0.0364,1.287136,0.524043,0.422719,0.852894,0.833333,0.965926,0.258819,0.0,5.211333,170.631319,5.0,2,2
-0.058002,-0.015812,0.017517,0.378742,0.371084,0.366479,0.062618,0.018792,0.73966,0.554238,0.455039,0.937382,0.833333,0.965926,0.258819,0.0,5.921333,-173.472156,6.0,1,2
