mean_x,mean_y,mean_z,std_x,std_y,std_z,R,log_rmsW,rX_ratio,rY_ratio,rZ_ratio,psi,elev_normalized,elev_sin,elev_cos,is_synthetic,time_s,azimuth_deg,az_sector,elev_class,psi_cls
-0.05704,-0.075163,0.017429,0.617684,0.577531,0.524955,0.095953,0.0182,1.014766,0.560923,0.379645,0.904047,0.0,0.0,1.0,0.0,0.311333,-18.644955,11.0,1,2
-0.002214,-0.085451,-0.045104,0.597349,0.606574,0.51557,0.09665,0.024581,0.883459,0.899957,0.604763,0.90335,0.0,0.0,1.0,0.0,1.001333,-44.722726,10.0,0,2
-0.009038,-0.09684,-0.03024,0.585748,0.609601,0.524212,0.101853,0.021614,0.823107,1.029469,0.665127,0.898147,0.0,0.0,1.0,0.0,1.711333,-125.800058,7.0,0,2
0.053334,-0.069462,-0.054823,0.582206,0.602197,0.536243,0.10332,0.015954,0.736063,0.80002,0.538826,0.89668,0.0,0.0,1.0,0.0,2.491333,46.384104,1.0,0,2
-0.016112,-0.068081,-0.046522,0.594113,0.567288,0.563903,0.084017,0.019499,0.801619,0.533014,0.556508,0.915983,0.0,0.0,1.0,0.0,3.121333,-84.059216,9.0,0,2
-0.017616,-0.061655,-0.07241,0.602828,0.567245,0.552549,0.096721,0.030578,0.599318,0.70528,0.418064,0.903279,0.0,0.0,1.0,0.0,3.861333,-97.225426,8.0,0,2
-0.018822,-0.036628,-0.044659,0.601992,0.580882,0.544391,0.060747,0.029505,0.641715,0.750697,0.413235,0.939253,0.0,0.0,1.0,0.0,4.571333,-176.702931,6.0,0,2
0.006845,0.019747,-0.001492,0.519745,0.511992,0.458114,0.020953,0.023285,0.590999,0.904966,0.329835,0.979047,0.0,0.0,1.0,0.0,5.271333,-92.51956,8.0,1,2
0.009373,0.037455,0.009686,0.383524,0.363795,0.334067,0.039806,0.007785,1.362599,0.785398,0.37048,0.960194,0.0,0.0,1.0,0.0,5.971333,-130.323551,7.0,1,2
