mean_x,mean_y,mean_z,std_x,std_y,std_z,R,log_rmsW,rX_ratio,rY_ratio,rZ_ratio,psi,elev_normalized,elev_sin,elev_cos,is_synthetic,time_s,azimuth_deg,az_sector,elev_class,psi_cls
-0.029641,-0.049993,0.00918,0.616898,0.601542,0.503964,0.05884,0.020613,0.644525,0.680563,0.299195,0.94116,0.833333,0.965926,0.258819,0.0,0.511333,-168.655002,6.0,1,2
0.029765,-0.015325,0.004981,0.608272,0.618728,0.49586,0.033847,0.028052,0.50956,0.748426,0.248896,0.966153,0.833333,0.965926,0.258819,0.0,1.171333,167.851558,5.0,1,2
-0.038932,-0.002583,0.0142,0.605598,0.626954,0.488157,0.041521,0.035721,0.549572,0.791919,0.290353,0.958479,0.833333,0.965926,0.258819,0.0,1.881333,139.244512,4.0,1,2
-0.056239,-0.000656,1.7e-05,0.598536,0.621509,0.502166,0.056243,0.04208,0.463881,0.661586,0.256384,0.943757,0.833333,0.965926,0.258819,0.0,2.611333,88.773139,2.0,1,2
-0.030922,-0.015498,-0.048606,0.565121,0.541092,0.482025,0.059656,0.051948,0.474018,0.419,0.306458,0.940344,0.833333,0.965926,0.258819,0.0,3.311333,109.222569,3.0,0,2
0.040997,-0.012455,-0.051591,0.440371,0.377062,0.384049,0.067063,0.043538,0.456473,0.215295,0.312278,0.932937,0.833333,0.965926,0.258819,0.0,4.031333,60.742153,2.0,0,2
0.01793,0.006479,-0.015338,0.244859,0.146435,0.202884,0.024469,0.026517,0.443667,0.146816,0.374748,0.975531,0.833333,0.965926,0.258819,0.0,4.761333,-2.766842,11.0,0,2
