mean_x,mean_y,mean_z,std_x,std_y,std_z,R,log_rmsW,rX_ratio,rY_ratio,rZ_ratio,psi,elev_normalized,elev_sin,elev_cos,is_synthetic,time_s,azimuth_deg,az_sector,elev_class,psi_cls
-0.008815,-0.114223,-0.048073,0.603534,0.56503,0.548595,0.12424,0.056674,0.73495,0.582438,0.344688,0.87576,0.833333,0.965926,0.258819,0.0,1.081333,-20.493467,11.0,0,2
-0.052359,-0.05965,-0.021616,0.594176,0.579369,0.551626,0.08226,0.049718,0.47742,0.549985,0.33935,0.91774,0.833333,0.965926,0.258819,0.0,1.791333,-33.5735,10.0,0,2
-0.051816,-0.07623,0.007865,0.578896,0.584454,0.560762,0.092508,0.034412,0.192003,0.439442,0.409719,0.907492,0.833333,0.965926,0.258819,0.0,2.531333,-96.445536,8.0,1,2
-0.138773,-0.078776,0.029656,0.625088,0.574171,0.503101,0.162305,0.04805,1.415345,0.530169,0.325383,0.837695,0.833333,0.965926,0.258819,0.0,3.951333,-94.221156,8.0,2,1
-0.147057,-0.02698,0.037497,0.627483,0.531147,0.48299,0.154142,0.05612,1.261076,0.397938,0.283226,0.845858,0.833333,0.965926,0.258819,0.0,4.641333,-131.495278,7.0,2,1
-0.123181,-0.000932,0.045131,0.507036,0.391635,0.387599,0.131191,0.048548,1.345423,0.3351,0.300166,0.868809,0.833333,0.965926,0.258819,0.0,5.351333,-175.695294,6.0,2,2
-0.007659,0.003335,0.012895,0.307724,0.249291,0.225541,0.015365,0.025098,0.556763,0.237618,0.135258,0.984635,0.833333,0.965926,0.258819,0.0,6.091333,-160.984836,6.0,1,2
