mean_x,mean_y,mean_z,std_x,std_y,std_z,R,log_rmsW,rX_ratio,rY_ratio,rZ_ratio,psi,elev_normalized,elev_sin,elev_cos,is_synthetic,time_s,azimuth_deg,az_sector,elev_class,psi_cls
0.204274,-0.093519,0.0,0.326686,0.196005,0.0,0.224663,0.059194,0.848965,0.528449,0.0,0.775337,0.0,0.0,1.0,1.0,0.281333,0.0,0.0,0,0
0.189428,-0.230797,0.0,0.263519,0.331493,0.0,0.29858,0.075534,0.621111,0.783723,0.0,0.70142,0.0,0.0,1.0,1.0,0.991333,-22.500002,11.0,0,0
0.111491,-0.317301,0.0,0.199796,0.38411,0.0,0.336319,0.065939,0.474949,0.880013,0.0,0.663681,0.0,0.0,1.0,1.0,1.691333,-45.000004,10.0,0,0
-0.025234,-0.436434,0.0,0.212299,0.416828,0.0,0.437163,0.0481,0.368637,0.929574,0.0,0.562837,0.0,0.0,1.0,1.0,2.421333,-67.500002,9.0,0,0
-0.161424,-0.374409,0.0,0.224862,0.387549,0.0,0.407725,0.043648,0.676382,0.736551,0.0,0.592275,0.0,0.0,1.0,1.0,3.131333,-90.0,9.0,0,0
-0.23668,-0.295155,0.0,0.292123,0.356935,0.0,0.378331,0.062628,0.830917,0.556397,0.0,0.621669,0.0,0.0,1.0,1.0,3.831333,-112.5,8.0,0,0
-0.246115,-0.102046,0.0,0.348195,0.198056,0.0,0.266432,0.060766,0.886414,0.462894,0.0,0.733568,0.0,0.0,1.0,1.0,4.551333,-135.000004,7.0,0,0
-0.160209,-0.025888,0.0,0.320109,0.089747,0.0,0.162287,0.045542,0.945764,0.324856,0.0,0.837713,0.0,0.0,1.0,1.0,5.261333,-157.500002,6.0,0,1
-0.079322,0.0,0.0,0.229532,0.0,0.0,0.079322,0.020059,1.0,0.0,0.0,0.920678,0.0,0.0,1.0,1.0,5.971333,180.0,6.0,0,2
