mean_x,mean_y,mean_z,std_x,std_y,std_z,R,log_rmsW,rX_ratio,rY_ratio,rZ_ratio,psi,elev_normalized,elev_sin,elev_cos,is_synthetic,time_s,azimuth_deg,az_sector,elev_class,psi_cls
-0.08085,0.021637,-0.017709,0.609758,0.602057,0.508212,0.085548,0.023004,1.058271,1.280637,0.407038,0.914452,0.833333,0.965926,0.258819,0.0,0.491333,-170.470609,6.0,0,2
-0.12642,-0.029204,0.018954,0.600161,0.615614,0.493461,0.131127,0.028244,0.725132,1.089453,0.343271,0.868873,0.833333,0.965926,0.258819,0.0,1.161333,91.998173,3.0,1,2
-0.08067,-0.012755,-0.017755,0.594009,0.597059,0.5325,0.083579,0.033474,0.679777,0.829973,0.408536,0.916421,0.833333,0.965926,0.258819,0.0,1.861333,126.963984,4.0,0,2
-0.045562,-0.006221,-0.016938,0.602743,0.588345,0.536664,0.049005,0.038587,0.534493,0.525754,0.380478,0.950995,0.833333,0.965926,0.258819,0.0,2.581333,151.893008,5.0,0,2
-0.066423,0.008817,-0.055542,0.571048,0.512792,0.49639,0.087032,0.04929,0.378639,0.294248,0.289479,0.912968,0.833333,0.965926,0.258819,0.0,3.321333,47.435692,1.0,0,2
-0.053222,0.011191,-0.053518,0.462923,0.392863,0.365545,0.076302,0.043253,0.35141,0.207567,0.270116,0.923698,0.833333,0.965926,0.258819,0.0,3.991333,87.509399,2.0,0,2
-0.060601,-0.012952,-0.045967,0.25885,0.16957,0.190861,0.077157,0.026422,0.295259,0.104403,0.244685,0.922843,0.833333,0.965926,0.258819,0.0,4.731333,-1.461028,11.0,0,2
