mean_x,mean_y,mean_z,std_x,std_y,std_z,R,log_rmsW,rX_ratio,rY_ratio,rZ_ratio,psi,elev_normalized,elev_sin,elev_cos,is_synthetic,time_s,azimuth_deg,az_sector,elev_class,psi_cls
-0.048353,0.024787,0.056435,0.627597,0.555332,0.539879,0.078341,0.019439,0.808797,0.734621,0.694554,0.921659,0.833333,0.965926,0.258819,0.0,0.461333,146.137642,4.0,2,2
-0.055989,0.027819,0.057047,0.615943,0.558241,0.54926,0.084635,0.015701,0.915644,0.902764,0.865686,0.915365,0.833333,0.965926,0.258819,0.0,1.241333,141.901576,4.0,2,2
0.005837,0.054361,0.025546,0.631369,0.544837,0.548417,0.060347,0.014683,0.91834,0.926818,0.904872,0.939653,0.833333,0.965926,0.258819,0.0,2.041333,128.10883,4.0,2,2
0.102366,0.042979,0.018068,0.635383,0.537877,0.542431,0.112483,0.0198,0.783255,0.639086,0.689361,0.887517,0.833333,0.965926,0.258819,0.0,2.841333,102.966094,3.0,1,2
0.069284,0.016243,3.6e-05,0.642093,0.548971,0.530263,0.071162,0.021763,0.718693,0.657416,0.594309,0.928838,0.833333,0.965926,0.258819,0.0,3.791333,75.886703,2.0,1,2
0.025466,-0.013824,-0.016507,0.541674,0.466358,0.443245,0.033348,0.015938,0.700741,0.706673,0.567619,0.966652,0.833333,0.965926,0.258819,0.0,4.591333,19.749149,0.0,0,2
-0.006189,-0.014005,-0.01029,0.392536,0.337579,0.308435,0.018448,0.011033,0.723897,0.832798,0.593115,0.981552,0.833333,0.965926,0.258819,0.0,5.281333,13.028565,0.0,0,2
