mean_x,mean_y,mean_z,std_x,std_y,std_z,R,log_rmsW,rX_ratio,rY_ratio,rZ_ratio,psi,elev_normalized,elev_sin,elev_cos,is_synthetic,time_s,azimuth_deg,az_sector,elev_class,psi_cls
-0.020584,-0.079148,0.013511,0.623241,0.559937,0.539489,0.08289,0.019515,0.746643,0.644407,0.532455,0.91711,0.0,0.0,1.0,0.0,0.691333,-16.908286,11.0,1,2
-0.027673,-0.124501,-0.001122,0.596776,0.575836,0.543886,0.127544,0.016732,0.769792,0.834503,0.691563,0.872456,0.0,0.0,1.0,0.0,1.551333,-141.002545,7.0,1,2
0.045016,-0.116322,-0.021478,0.586609,0.584205,0.546275,0.126564,0.019515,0.865332,0.848114,0.846332,0.873436,0.0,0.0,1.0,0.0,2.311333,-78.694562,9.0,0,2
0.041741,-0.089107,-0.029835,0.575238,0.58701,0.560194,0.102823,0.019919,0.849239,0.850764,0.860343,0.897177,0.0,0.0,1.0,0.0,3.081333,-64.598614,9.0,0,2
-0.007853,-0.059192,-0.027113,0.58331,0.587332,0.55708,0.065578,0.017492,0.947688,0.870407,0.863948,0.934422,0.0,0.0,1.0,0.0,3.891333,-67.286942,9.0,0,2
-0.07828,-0.059043,-0.087065,0.568152,0.581733,0.566946,0.131126,0.01485,0.880628,0.926928,0.892591,0.868874,0.0,0.0,1.0,0.0,4.671333,-119.943854,8.0,0,2
-0.154968,-0.031879,-0.055204,0.589028,0.566157,0.55158,0.167567,0.018361,1.078377,0.723698,0.680225,0.832433,0.0,0.0,1.0,0.0,5.461333,-117.912204,8.0,0,1
-0.134354,-0.017955,-0.027257,0.556931,0.523363,0.514523,0.138262,0.017118,1.0503,0.65161,0.631231,0.861738,0.0,0.0,1.0,0.0,6.271333,-145.454731,7.0,0,2
-0.07319,-0.008523,0.033699,0.415466,0.368535,0.350745,0.081025,0.011346,1.096567,0.558332,0.482064,0.918975,0.0,0.0,1.0,0.0,7.131333,174.094586,5.0,2,2
