mean_x,mean_y,mean_z,std_x,std_y,std_z,R,log_rmsW,rX_ratio,rY_ratio,rZ_ratio,psi,elev_normalized,elev_sin,elev_cos,is_synthetic,time_s,azimuth_deg,az_sector,elev_class,psi_cls
0.085269,-0.096462,0.019745,0.617044,0.575484,0.520575,0.130252,0.020476,0.822465,0.560704,0.505412,0.869748,0.444444,0.642788,0.766044,0.0,0.511333,-14.719808,11.0,1,2
0.044892,-0.143039,0.031911,0.602635,0.583452,0.522299,0.153277,0.019851,0.88169,1.128819,0.766078,0.846723,0.444444,0.642788,0.766044,0.0,1.371333,-33.680392,10.0,2,2
0.015597,-0.142716,0.020957,0.58066,0.587023,0.545048,0.145087,0.02006,0.922809,1.207495,0.891501,0.854913,0.444444,0.642788,0.766044,0.0,2.041333,-121.238958,7.0,1,2
0.007155,-0.148224,0.004669,0.581531,0.584467,0.545951,0.14847,0.020063,0.801358,1.010733,0.72519,0.85153,0.444444,0.642788,0.766044,0.0,2.951333,-69.123615,9.0,1,2
-0.040845,-0.141895,-0.006455,0.586775,0.579673,0.545629,0.147798,0.021517,0.711815,0.790009,0.643709,0.852202,0.444444,0.642788,0.766044,0.0,3.631333,-82.279975,9.0,0,2
-0.117855,-0.149329,0.018387,0.604688,0.570077,0.522239,0.19112,0.020545,0.862496,0.806318,0.576682,0.80888,0.444444,0.642788,0.766044,0.0,4.441333,-86.540805,9.0,1,1
-0.132372,-0.115425,0.030569,0.60266,0.572869,0.526017,0.178269,0.014915,1.03887,0.876503,0.631561,0.821731,0.444444,0.642788,0.766044,0.0,5.281333,-124.515453,7.0,2,1
-0.087685,-0.069867,0.03416,0.594899,0.590386,0.5226,0.117205,0.010844,1.28401,1.021749,0.723845,0.882795,0.444444,0.642788,0.766044,0.0,6.031333,-151.263098,6.0,2,2
-0.016757,-0.02231,0.004032,0.435589,0.455175,0.402056,0.028191,0.005353,0.880549,0.661785,0.519036,0.971809,0.444444,0.642788,0.766044,0.0,6.891333,-145.06707,7.0,1,2
