mean_x,mean_y,mean_z,std_x,std_y,std_z,R,log_rmsW,rX_ratio,rY_ratio,rZ_ratio,psi,elev_normalized,elev_sin,elev_cos,is_synthetic,time_s,azimuth_deg,az_sector,elev_class,psi_cls
-0.100931,0.047987,-0.007928,0.595763,0.610831,0.509165,0.112039,0.019907,0.74261,0.984005,0.567754,0.887961,0.0,0.0,1.0,0.0,0.941333,155.369745,5.0,0,2
-0.070093,0.050747,-0.007166,0.581615,0.616043,0.524026,0.086832,0.017556,0.711047,1.140743,0.665668,0.913168,0.0,0.0,1.0,0.0,1.711333,137.084993,4.0,0,2
-0.047056,0.046598,0.005118,0.572828,0.622795,0.528706,0.066421,0.016922,0.752512,1.322184,0.799604,0.933579,0.0,0.0,1.0,0.0,2.501333,121.974862,4.0,1,2
0.016597,0.044316,0.015974,0.584627,0.595576,0.548573,0.049945,0.017637,0.734275,1.040678,0.816923,0.950055,0.0,0.0,1.0,0.0,3.291333,108.599644,3.0,1,2
0.049031,0.031195,-0.002858,0.604983,0.582312,0.539826,0.058183,0.017751,0.79204,0.845698,0.801353,0.941817,0.0,0.0,1.0,0.0,4.141333,80.87032,2.0,1,2
0.020445,0.04549,0.002993,0.544806,0.521228,0.477781,0.049963,0.014175,0.849361,0.741282,0.861583,0.950037,0.0,0.0,1.0,0.0,4.911333,36.46322,1.0,1,2
-0.0067,0.012541,-0.00995,0.368056,0.363824,0.31812,0.017354,0.006827,0.971645,0.720053,0.792765,0.982646,0.0,0.0,1.0,0.0,5.771333,18.37841,0.0,0,2
