mean_x,mean_y,mean_z,std_x,std_y,std_z,R,log_rmsW,rX_ratio,rY_ratio,rZ_ratio,psi,elev_normalized,elev_sin,elev_cos,is_synthetic,time_s,azimuth_deg,az_sector,elev_class,psi_cls
0.074767,-0.102188,-0.038912,0.613544,0.561865,0.538661,0.132464,0.019384,0.857173,0.718787,0.58989,0.867536,0.0,0.0,1.0,0.0,0.581333,-4.306562,11.0,0,2
0.074923,-0.131385,-0.033286,0.601637,0.559757,0.548214,0.154866,0.020993,0.849474,0.796155,0.709907,0.845134,0.0,0.0,1.0,0.0,1.301333,-35.299859,10.0,0,1
0.075603,-0.139633,-0.021794,0.57688,0.579926,0.552307,0.160275,0.022117,0.723762,0.869768,0.653907,0.839725,0.0,0.0,1.0,0.0,2.221333,-51.698064,10.0,0,1
0.031906,-0.146694,-0.01607,0.567745,0.587327,0.556608,0.150981,0.020069,0.798464,1.027619,0.732755,0.849019,0.0,0.0,1.0,0.0,2.931333,-71.280834,9.0,0,2
0.008377,-0.180039,-0.019245,0.558757,0.594414,0.549043,0.181258,0.020484,0.729095,1.079174,0.629949,0.818742,0.0,0.0,1.0,0.0,3.731333,-77.89272,9.0,0,1
-0.046623,-0.16561,-0.012635,0.577845,0.58737,0.539551,0.172511,0.017556,0.792546,1.098037,0.651923,0.827489,0.0,0.0,1.0,0.0,4.501333,-92.136732,8.0,0,1
-0.100571,-0.119931,0.031972,0.583596,0.586883,0.537803,0.15975,0.020478,0.655812,0.804451,0.513855,0.84025,0.0,0.0,1.0,0.0,5.311333,-111.100692,8.0,2,1
-0.072006,-0.053991,0.04851,0.492865,0.479342,0.447624,0.10224,0.016371,0.652508,0.503661,0.457581,0.89776,0.0,0.0,1.0,0.0,6.141333,-141.124792,7.0,2,2
-0.034282,-0.007491,0.039286,0.299027,0.302108,0.291809,0.052675,0.011428,0.473557,0.394943,0.424828,0.947325,0.0,0.0,1.0,0.0,6.971333,-152.737552,6.0,2,2
