mean_x,mean_y,mean_z,std_x,std_y,std_z,R,log_rmsW,rX_ratio,rY_ratio,rZ_ratio,psi,elev_normalized,elev_sin,elev_cos,is_synthetic,time_s,azimuth_deg,az_sector,elev_class,psi_cls
-0.152914,0.064374,0.040673,0.595988,0.575922,0.532652,0.170825,0.01705,0.997174,0.906425,0.590168,0.829175,0.0,0.0,1.0,0.0,0.751333,136.566461,4.0,2,1
-0.12623,0.082336,-0.028172,0.574104,0.606558,0.527985,0.15332,0.02132,0.772816,1.125891,0.604965,0.846681,0.0,0.0,1.0,0.0,1.521333,144.825777,4.0,0,2
-0.042032,0.062325,-0.069953,0.541968,0.630048,0.546462,0.102687,0.018147,0.660249,1.335462,0.726139,0.897313,0.0,0.0,1.0,0.0,2.331333,120.816517,4.0,0,2
-0.003299,0.054337,-0.045635,0.562765,0.612434,0.550492,0.071035,0.016214,0.757755,1.338974,0.791195,0.928965,0.0,0.0,1.0,0.0,3.181333,112.342848,3.0,0,2
0.038029,0.02823,-0.049038,0.583418,0.577025,0.567325,0.068175,0.013989,1.008078,1.082078,0.909763,0.931825,0.0,0.0,1.0,0.0,3.961333,103.766436,3.0,0,2
0.031043,-0.000172,-0.017862,0.553345,0.540011,0.547595,0.035816,0.01247,1.027929,0.981309,0.915734,0.964184,0.0,0.0,1.0,0.0,4.711333,51.239779,1.0,0,2
0.017143,-0.012169,-0.022072,0.412681,0.397318,0.412233,0.030482,0.009472,0.961267,0.792246,0.792055,0.969518,0.0,0.0,1.0,0.0,5.511333,26.200871,0.0,0,2
