mean_x,mean_y,mean_z,std_x,std_y,std_z,R,log_rmsW,rX_ratio,rY_ratio,rZ_ratio,psi,elev_normalized,elev_sin,elev_cos,is_synthetic,time_s,azimuth_deg,az_sector,elev_class,psi_cls
0.061557,-0.044444,-0.030822,0.636369,0.578159,0.503947,0.081942,0.015462,1.049629,0.833074,0.669007,0.918058,0.833333,0.965926,0.258819,0.0,0.651333,-11.864397,11.0,0,2
0.023942,-0.067288,-0.013334,0.627689,0.57186,0.523104,0.072654,0.016941,1.124758,0.927347,0.851489,0.927346,0.833333,0.965926,0.258819,0.0,1.361333,-15.151994,11.0,0,2
0.022144,-0.103307,-0.032811,0.623229,0.558802,0.535738,0.110631,0.018342,0.87076,0.781597,0.82876,0.889369,0.833333,0.965926,0.258819,0.0,2.261333,-104.031138,8.0,0,2
0.023931,-0.113507,-0.016165,0.610766,0.566596,0.540499,0.117123,0.016739,0.949321,0.86182,0.868327,0.882877,0.833333,0.965926,0.258819,0.0,2.991333,-76.629027,9.0,0,2
-0.049518,-0.092573,-0.003224,0.599517,0.580622,0.54069,0.105034,0.016594,0.867679,0.78479,0.787391,0.894966,0.833333,0.965926,0.258819,0.0,3.811333,-60.504207,9.0,1,2
-0.068469,-0.07518,0.046903,0.589768,0.590275,0.539563,0.111982,0.015445,0.830866,0.781123,0.767962,0.888018,0.833333,0.965926,0.258819,0.0,4.561333,-91.469218,8.0,2,2
-0.066506,-0.044656,0.022131,0.607086,0.58433,0.531988,0.083108,0.016094,0.818556,0.686123,0.693775,0.916892,0.833333,0.965926,0.258819,0.0,5.381333,-112.085493,8.0,2,2
-0.026781,-0.014312,-0.002596,0.479658,0.484857,0.422033,0.030476,0.011349,0.82851,0.679347,0.603897,0.969524,0.833333,0.965926,0.258819,0.0,6.221333,-119.176099,8.0,1,2
-0.005637,-0.001566,-0.016698,0.331112,0.282712,0.272688,0.017694,0.007749,0.996578,0.71455,0.699936,0.982306,0.833333,0.965926,0.258819,0.0,6.981333,175.223492,5.0,0,2
