mean_x,mean_y,mean_z,std_x,std_y,std_z,R,log_rmsW,rX_ratio,rY_ratio,rZ_ratio,psi,elev_normalized,elev_sin,elev_cos,is_synthetic,time_s,azimuth_deg,az_sector,elev_class,psi_cls
0.083636,-0.115721,-0.047762,0.612636,0.584085,0.510634,0.150557,0.025552,0.5805,0.519538,0.375877,0.849443,0.444444,0.642788,0.766044,0.0,0.671333,-20.839515,11.0,0,2
0.067949,-0.162242,-0.016153,0.602133,0.588735,0.509403,0.176636,0.026766,0.608304,0.732271,0.458086,0.823364,0.444444,0.642788,0.766044,0.0,1.401333,-80.391113,9.0,0,1
0.047389,-0.195769,-0.004183,0.573051,0.586282,0.53586,0.201466,0.025743,0.557168,0.782495,0.514195,0.798534,0.444444,0.642788,0.766044,0.0,2.281333,-90.726678,8.0,1,1
0.034516,-0.208371,0.037083,0.568013,0.578632,0.544455,0.214441,0.023866,0.74939,0.983497,0.722433,0.785559,0.444444,0.642788,0.766044,0.0,2.991333,-72.106629,9.0,2,1
-0.008999,-0.173776,0.051329,0.573058,0.570469,0.559537,0.181421,0.022554,0.754262,0.865492,0.739633,0.818579,0.444444,0.642788,0.766044,0.0,3.811333,-80.177481,9.0,2,1
-0.071919,-0.125168,0.023564,0.584281,0.566259,0.562438,0.14627,0.01694,0.778975,0.786925,0.670872,0.85373,0.444444,0.642788,0.766044,0.0,4.721333,-113.666146,8.0,2,2
-0.069944,-0.107043,0.000873,0.601164,0.571043,0.54402,0.127871,0.016829,0.782865,0.69107,0.597069,0.872129,0.444444,0.642788,0.766044,0.0,5.401333,-101.19441,8.0,1,2
-0.053687,-0.057076,-0.018219,0.565925,0.542602,0.507089,0.080449,0.012184,0.76068,0.555502,0.458335,0.919551,0.444444,0.642788,0.766044,0.0,6.251333,-128.184208,7.0,0,2
-0.012184,-0.025483,0.000581,0.429848,0.414713,0.381876,0.028252,0.008529,0.833995,0.543843,0.464513,0.971748,0.444444,0.642788,0.766044,0.0,7.001333,-166.356029,6.0,1,2
