mean_x,mean_y,mean_z,std_x,std_y,std_z,R,log_rmsW,rX_ratio,rY_ratio,rZ_ratio,psi,elev_normalized,elev_sin,elev_cos,is_synthetic,time_s,azimuth_deg,az_sector,elev_class,psi_cls
-0.02102,-0.102012,-0.020314,0.605207,0.581224,0.53337,0.106118,0.014319,0.756543,0.905582,0.705898,0.893883,0.833333,0.965926,0.258819,0.0,0.391333,-3.229936,11.0,0,2
-0.022588,-0.098411,-0.028513,0.629967,0.550209,0.537859,0.104918,0.016186,1.128289,0.869322,1.09488,0.895082,0.833333,0.965926,0.258819,0.0,1.291333,-75.236412,9.0,0,2
-0.002927,-0.13021,-0.01382,0.622297,0.540877,0.550404,0.130974,0.01831,1.063123,0.917523,1.045708,0.869026,0.833333,0.965926,0.258819,0.0,2.021333,-102.982646,8.0,0,2
0.043157,-0.137586,0.00074,0.621418,0.542387,0.54659,0.144198,0.018432,1.162947,0.936364,1.07889,0.855802,0.833333,0.965926,0.258819,0.0,2.801333,-51.275709,10.0,1,2
0.025115,-0.119058,-0.002878,0.613776,0.560101,0.542827,0.121712,0.015195,0.937431,0.906417,0.819414,0.878288,0.833333,0.965926,0.258819,0.0,3.601333,-80.101589,9.0,1,2
0.03634,-0.088861,0.005024,0.616933,0.553781,0.550782,0.096136,0.012924,0.946203,0.808792,0.780197,0.903864,0.833333,0.965926,0.258819,0.0,4.421333,-30.612523,10.0,1,2
-0.099521,-0.035846,0.007099,0.623176,0.552007,0.543654,0.106017,0.015479,0.860532,0.80195,0.73154,0.893983,0.833333,0.965926,0.258819,0.0,5.211333,-87.046255,9.0,1,2
-0.153879,-0.015304,0.012795,0.659399,0.526615,0.508145,0.155167,0.013572,0.889188,0.813292,0.748352,0.844833,0.833333,0.965926,0.258819,0.0,6.021333,-64.466394,9.0,1,1
-0.116699,0.00198,0.011786,0.528959,0.391903,0.370596,0.117309,0.010577,0.899746,0.774969,0.74528,0.882691,0.833333,0.965926,0.258819,0.0,6.841333,166.709503,5.0,1,2
