mean_x,mean_y,mean_z,std_x,std_y,std_z,R,log_rmsW,rX_ratio,rY_ratio,rZ_ratio,psi,elev_normalized,elev_sin,elev_cos,is_synthetic,time_s,azimuth_deg,az_sector,elev_class,psi_cls
0.085479,-0.08083,0.026047,0.592559,0.575631,0.55034,0.120493,0.016152,0.918056,0.854618,0.843728,0.879507,0.833333,0.965926,0.258819,0.0,0.751333,-0.949148,11.0,2,2
0.097169,-0.073338,0.028587,0.60226,0.56998,0.544616,0.12505,0.018939,0.968579,0.854089,0.874929,0.87495,0.833333,0.965926,0.258819,0.0,1.521333,-24.246845,11.0,2,2
0.03642,-0.103178,0.015209,0.598572,0.571327,0.550409,0.110469,0.018809,0.883699,0.87464,0.886206,0.889531,0.833333,0.965926,0.258819,0.0,2.411333,-40.239266,10.0,1,2
-0.010237,-0.116181,0.008485,0.627498,0.543275,0.545295,0.116939,0.019018,0.974284,1.003882,0.977563,0.883061,0.833333,0.965926,0.258819,0.0,3.151333,-71.328862,9.0,1,2
-0.053474,-0.113271,0.02187,0.639723,0.527964,0.543833,0.127154,0.019093,0.825335,0.813172,0.821657,0.872846,0.833333,0.965926,0.258819,0.0,4.061333,-114.04705,8.0,1,2
0.003612,-0.101835,0.027285,0.613754,0.550745,0.555625,0.105489,0.0192,0.672655,0.719805,0.696177,0.894511,0.833333,0.965926,0.258819,0.0,4.781333,-81.519569,9.0,2,2
-0.009508,-0.126595,0.014217,0.649368,0.548932,0.510444,0.127745,0.016858,0.621234,0.543329,0.525637,0.872255,0.833333,0.965926,0.258819,0.0,5.561333,-148.67464,7.0,1,2
0.013252,-0.091541,-0.011794,0.605783,0.51098,0.44375,0.093244,0.011365,0.642347,0.609073,0.467834,0.906756,0.833333,0.965926,0.258819,0.0,6.341333,-102.239865,8.0,0,2
-0.025641,-0.064916,-0.003736,0.437216,0.371592,0.299346,0.069896,0.006485,0.761551,0.621194,0.45617,0.930104,0.833333,0.965926,0.258819,0.0,7.161333,-156.236285,6.0,1,2
