mean_x,mean_y,mean_z,std_x,std_y,std_z,R,log_rmsW,rX_ratio,rY_ratio,rZ_ratio,psi,elev_normalized,elev_sin,elev_cos,is_synthetic,time_s,azimuth_deg,az_sector,elev_class,psi_cls
-0.018348,0.004704,0.033409,0.601067,0.576343,0.552218,0.038405,0.019975,0.772582,0.692343,0.623205,0.961595,0.833333,0.965926,0.258819,0.0,1.181333,140.411892,4.0,2,2
-0.038295,0.054109,0.028685,0.578607,0.59666,0.551216,0.072229,0.0205,0.598066,0.694722,0.578642,0.927771,0.833333,0.965926,0.258819,0.0,1.911333,147.033511,4.0,2,2
-0.018044,0.076147,0.008553,0.591562,0.579077,0.555341,0.078721,0.018126,0.577957,0.633223,0.572805,0.921279,0.833333,0.965926,0.258819,0.0,2.801333,113.688344,3.0,1,2
0.014035,0.043192,-0.011517,0.603355,0.569361,0.556329,0.046852,0.017005,0.926453,0.868445,0.852244,0.953148,0.833333,0.965926,0.258819,0.0,3.551333,117.933927,3.0,0,2
0.040513,-0.031739,-0.021874,0.58633,0.562102,0.5805,0.055921,0.015403,1.21213,1.239311,1.164839,0.944079,0.833333,0.965926,0.258819,0.0,4.341333,67.425882,2.0,0,2
0.02869,-0.027177,-0.013997,0.567325,0.54052,0.546347,0.041924,0.011928,1.238789,1.367731,1.223986,0.958076,0.833333,0.965926,0.258819,0.0,5.181333,53.700815,1.0,0,2
0.007575,-0.011254,-0.005796,0.435932,0.40995,0.407485,0.014752,0.0078,1.22258,1.406783,1.236635,0.985248,0.833333,0.965926,0.258819,0.0,5.961333,26.687872,0.0,1,2
