mean_x,mean_y,mean_z,std_x,std_y,std_z,R,log_rmsW,rX_ratio,rY_ratio,rZ_ratio,psi,elev_normalized,elev_sin,elev_cos,is_synthetic,time_s,azimuth_deg,az_sector,elev_class,psi_cls
-0.099335,0.049543,0.010317,0.590477,0.594713,0.533957,0.111483,0.024821,0.622721,0.65358,0.406116,0.888517,0.444444,0.642788,0.766044,0.0,1.051333,130.653399,4.0,1,2
-0.024581,0.039107,0.012444,0.59891,0.600322,0.527723,0.047837,0.023129,0.564804,0.721877,0.423315,0.952163,0.444444,0.642788,0.766044,0.0,1.851333,160.878725,5.0,1,2
0.011328,0.065994,0.024522,0.58045,0.619843,0.523127,0.071309,0.021863,0.581436,0.816443,0.480782,0.928691,0.444444,0.642788,0.766044,0.0,2.581333,128.127253,4.0,2,2
0.027542,0.038053,0.032377,0.582781,0.607706,0.536322,0.057052,0.016232,0.878613,1.0764,0.783637,0.942949,0.444444,0.642788,0.766044,0.0,3.431333,90.226519,3.0,2,2
-0.002851,-0.018102,0.019278,0.576398,0.596461,0.557796,0.026598,0.012579,1.41725,1.434092,1.296724,0.973402,0.444444,0.642788,0.766044,0.0,4.221333,44.343777,1.0,1,2
-0.00232,-0.022175,0.003067,0.559997,0.591571,0.556482,0.022506,0.009548,1.537853,1.46288,1.452965,0.977494,0.444444,0.642788,0.766044,0.0,5.061333,37.9332,1.0,1,2
-0.000899,-0.005714,-0.001961,0.433414,0.459904,0.429425,0.006108,0.006337,1.483533,1.380157,1.400873,0.993892,0.444444,0.642788,0.766044,0.0,5.841333,11.780796,0.0,1,2
