mean_x,mean_y,mean_z,std_x,std_y,std_z,R,log_rmsW,rX_ratio,rY_ratio,rZ_ratio,psi,elev_normalized,elev_sin,elev_cos,is_synthetic,time_s,azimuth_deg,az_sector,elev_class,psi_cls
0.075652,-0.071942,0.003935,0.61056,0.567389,0.54241,0.104472,0.016021,0.876923,0.692845,0.63702,0.895528,0.444444,0.642788,0.766044,0.0,0.301333,-14.770523,11.0,1,2
0.064556,-0.119034,0.012712,0.597319,0.583538,0.532964,0.136009,0.015862,0.854414,1.112913,0.662575,0.863991,0.444444,0.642788,0.766044,0.0,1.141333,-145.522784,7.0,1,2
0.052295,-0.122523,-0.002876,0.577143,0.584633,0.554283,0.133247,0.019087,0.917723,1.178242,0.914378,0.866753,0.444444,0.642788,0.766044,0.0,1.861333,-49.958564,10.0,1,2
0.002097,-0.136505,0.028773,0.570497,0.587502,0.556546,0.13952,0.024262,0.739102,0.990412,0.735842,0.86048,0.444444,0.642788,0.766044,0.0,2.661333,-76.493163,9.0,2,2
-0.023358,-0.102805,0.023702,0.571153,0.589171,0.561111,0.108057,0.023053,0.727295,0.88088,0.738393,0.891943,0.444444,0.642788,0.766044,0.0,3.461333,-89.248086,9.0,2,2
-0.041596,-0.083153,-0.018568,0.578768,0.580934,0.564275,0.094812,0.017476,0.725252,0.782029,0.661062,0.905188,0.444444,0.642788,0.766044,0.0,4.291333,-105.535093,8.0,0,2
-0.042697,-0.082783,-0.018955,0.591829,0.567249,0.564568,0.095055,0.012981,1.048481,0.787582,0.793443,0.904945,0.444444,0.642788,0.766044,0.0,5.151333,-63.191422,9.0,0,2
-0.014129,-0.004852,0.003478,0.484606,0.49334,0.441423,0.015338,0.00896,1.125394,0.692891,0.635742,0.984662,0.444444,0.642788,0.766044,0.0,6.661333,-168.513666,6.0,1,2
