mean_x,mean_y,mean_z,std_x,std_y,std_z,R,log_rmsW,rX_ratio,rY_ratio,rZ_ratio,psi,elev_normalized,elev_sin,elev_cos,is_synthetic,time_s,azimuth_deg,az_sector,elev_class,psi_cls
-0.197303,-0.432209,0.0,0.265592,0.40822,0.0,0.475114,0.022404,0.495729,0.779619,0.0,0.524886,0.0,0.0,1.0,1.0,0.561333,-90.0,9.0,0,0
-0.365242,-0.357849,0.0,0.353224,0.3473,0.0,0.511329,0.024207,0.675623,0.630149,0.0,0.488671,0.0,0.0,1.0,1.0,1.291333,-112.500003,8.0,0,0
-0.412547,-0.157285,0.0,0.426785,0.234424,0.0,0.441513,0.023522,0.858774,0.340678,0.0,0.558487,0.0,0.0,1.0,1.0,2.201333,-135.000002,7.0,0,0
-0.468966,-0.005933,0.0,0.448968,0.216173,0.0,0.469004,0.024142,0.885567,0.263294,0.0,0.530996,0.0,0.0,1.0,1.0,2.891333,-157.500001,6.0,0,0
-0.410434,0.172704,0.0,0.422952,0.260177,0.0,0.44529,0.024458,0.819322,0.426924,0.0,0.55471,0.0,0.0,1.0,1.0,3.691333,180.0,6.0,0,0
-0.313038,0.306357,0.0,0.350472,0.3544,0.0,0.438003,0.021443,0.66332,0.643086,0.0,0.561997,0.0,0.0,1.0,1.0,4.491333,157.499998,5.0,0,0
-0.162784,0.404958,0.0,0.257918,0.432367,0.0,0.436451,0.021394,0.455175,0.803971,0.0,0.563549,0.0,0.0,1.0,1.0,5.291333,134.999999,4.0,0,0
-0.051366,0.287819,0.0,0.129611,0.432061,0.0,0.292367,0.015706,0.215477,0.8984,0.0,0.707633,0.0,0.0,1.0,1.0,6.101333,112.499998,3.0,0,0
0.0,0.157666,0.0,0.0,0.354042,0.0,0.157666,0.011766,0.0,0.923878,0.0,0.842334,0.0,0.0,1.0,1.0,6.891333,90.0,3.0,0,1
