mean_x,mean_y,mean_z,std_x,std_y,std_z,R,log_rmsW,rX_ratio,rY_ratio,rZ_ratio,psi,elev_normalized,elev_sin,elev_cos,is_synthetic,time_s,azimuth_deg,az_sector,elev_class,psi_cls
-0.049393,0.042776,-0.020495,0.602247,0.576903,0.547469,0.06848,0.018887,0.748121,0.680435,0.627364,0.93152,0.833333,0.965926,0.258819,0.0,0.771333,164.311773,5.0,0,2
-0.056143,0.107703,-0.003446,0.593409,0.567774,0.557355,0.121507,0.02082,0.628951,0.670672,0.637933,0.878493,0.833333,0.965926,0.258819,0.0,1.631333,159.290921,5.0,1,2
-0.017692,0.09548,-0.008464,0.594936,0.575245,0.552759,0.097474,0.019546,0.634455,0.693123,0.641737,0.902526,0.833333,0.965926,0.258819,0.0,2.481333,76.638213,2.0,0,2
-0.003014,0.043084,-0.014615,0.602763,0.561623,0.564849,0.045595,0.01701,0.796894,0.766321,0.738201,0.954405,0.833333,0.965926,0.258819,0.0,3.301333,99.859378,3.0,0,2
0.037408,0.0208,0.010572,0.604209,0.554744,0.570198,0.044088,0.018995,0.785592,0.699022,0.722261,0.955912,0.833333,0.965926,0.258819,0.0,4.041333,85.639365,2.0,1,2
0.032157,0.007145,0.019457,0.565401,0.512017,0.510996,0.038258,0.016322,0.765669,0.674505,0.705404,0.961742,0.833333,0.965926,0.258819,0.0,4.821333,-160.373968,6.0,1,2
0.012295,0.015576,0.021997,0.401386,0.349221,0.354295,0.029625,0.008687,0.535011,0.491697,0.568796,0.970375,0.833333,0.965926,0.258819,0.0,5.691333,21.387144,0.0,1,2
