mean_x,mean_y,mean_z,std_x,std_y,std_z,R,log_rmsW,rX_ratio,rY_ratio,rZ_ratio,psi,elev_normalized,elev_sin,elev_cos,is_synthetic,time_s,azimuth_deg,az_sector,elev_class,psi_cls
-0.056363,0.101198,-0.005412,0.590368,0.588256,0.540209,0.115962,0.02552,0.618519,0.591755,0.413156,0.884038,0.444444,0.642788,0.766044,0.0,0.671333,131.972531,4.0,1,2
-0.004232,0.097247,0.00546,0.587986,0.604194,0.528766,0.097492,0.024617,0.589601,0.806102,0.461295,0.902508,0.444444,0.642788,0.766044,0.0,1.511333,151.453353,5.0,1,2
0.000258,0.104067,0.036043,0.578114,0.620518,0.518168,0.110132,0.024649,0.600718,0.948533,0.549011,0.889868,0.444444,0.642788,0.766044,0.0,2.311333,91.762351,3.0,2,2
0.01615,0.079419,0.023782,0.586426,0.611324,0.524529,0.084462,0.021377,0.714799,0.996108,0.601329,0.915538,0.444444,0.642788,0.766044,0.0,3.111333,132.295746,4.0,2,2
0.032459,0.065986,0.006802,0.598749,0.589965,0.536511,0.073851,0.016051,0.830616,0.841485,0.61791,0.926149,0.444444,0.642788,0.766044,0.0,3.951333,94.802189,3.0,1,2
0.037178,0.05247,-0.004854,0.569925,0.572969,0.510794,0.06449,0.012133,0.887619,0.765458,0.596861,0.93551,0.444444,0.642788,0.766044,0.0,4.671333,39.206203,1.0,1,2
0.005805,0.034252,0.01278,0.428893,0.435375,0.378643,0.037017,0.007854,0.846663,0.723943,0.641859,0.962983,0.444444,0.642788,0.766044,0.0,5.471333,28.8294,0.0,1,2
