mean_x,mean_y,mean_z,std_x,std_y,std_z,R,log_rmsW,rX_ratio,rY_ratio,rZ_ratio,psi,elev_normalized,elev_sin,elev_cos,is_synthetic,time_s,azimuth_deg,az_sector,elev_class,psi_cls
-0.101249,0.106737,-0.050481,0.593782,0.61055,0.500341,0.155539,0.031333,0.536478,0.650194,0.311237,0.844461,0.444444,0.642788,0.766044,0.0,0.591333,-131.178137,7.0,0,1
-0.044472,0.168796,-0.049578,0.574054,0.616711,0.507064,0.18146,0.03015,0.495765,0.697715,0.320192,0.81854,0.444444,0.642788,0.766044,0.0,1.321333,156.989524,5.0,0,1
-0.013881,0.137488,-0.034686,0.567099,0.622958,0.519502,0.142473,0.025441,0.450204,0.735214,0.341483,0.857527,0.444444,0.642788,0.766044,0.0,2.141333,122.482606,4.0,0,2
0.052448,0.092507,-0.035516,0.573726,0.614254,0.529907,0.112114,0.015286,0.691071,0.824497,0.538477,0.887886,0.444444,0.642788,0.766044,0.0,2.921333,71.265739,2.0,0,2
0.059709,0.011174,-0.034341,0.574244,0.605795,0.546118,0.069781,0.013855,1.040339,1.047648,0.896034,0.930219,0.444444,0.642788,0.766044,0.0,3.681333,80.841327,2.0,0,2
0.043656,-0.025446,-0.016746,0.499766,0.521657,0.478782,0.053233,0.009752,1.330433,1.225645,1.165226,0.946767,0.444444,0.642788,0.766044,0.0,4.501333,35.794843,1.0,0,2
