mean_x,mean_y,mean_z,std_x,std_y,std_z,R,log_rmsW,rX_ratio,rY_ratio,rZ_ratio,psi,elev_normalized,elev_sin,elev_cos,is_synthetic,time_s,azimuth_deg,az_sector,elev_class,psi_cls
0.151146,-0.062759,-0.016242,0.606949,0.569845,0.528904,0.164462,0.019225,0.790904,0.572991,0.602442,0.835538,0.444444,0.642788,0.766044,0.0,0.271333,7.625236,0.0,0,1
0.087404,-0.05356,-0.027756,0.590392,0.589021,0.541424,0.1062,0.023289,0.624738,0.625462,0.560196,0.8938,0.444444,0.642788,0.766044,0.0,1.161333,0.278519,0.0,0,2
0.047465,-0.10208,-0.013912,0.574799,0.593519,0.551716,0.113432,0.025371,0.55012,0.692849,0.543509,0.886568,0.444444,0.642788,0.766044,0.0,1.951333,6.860657,0.0,0,2
-0.00404,-0.091011,-0.018856,0.569945,0.592241,0.561838,0.093031,0.023073,0.632998,0.777429,0.646762,0.906969,0.444444,0.642788,0.766044,0.0,2.681333,-105.600824,8.0,0,2
-0.026893,-0.085862,-0.019352,0.573959,0.585777,0.56467,0.092033,0.017845,0.680487,0.804038,0.655238,0.907967,0.444444,0.642788,0.766044,0.0,3.481333,-91.13479,8.0,0,2
-0.042281,-0.051163,-0.020414,0.586996,0.581059,0.559349,0.069442,0.012395,0.972096,0.928937,0.859825,0.930558,0.444444,0.642788,0.766044,0.0,4.271333,-107.70616,8.0,0,2
-0.064651,-0.038893,-0.000728,0.601321,0.575314,0.549193,0.075452,0.012532,1.268812,0.937345,0.930022,0.924548,0.444444,0.642788,0.766044,0.0,5.091333,-130.359061,7.0,1,2
-0.030536,-0.012114,0.007666,0.46019,0.47568,0.419703,0.033733,0.005162,1.504826,0.858062,0.893982,0.966267,0.444444,0.642788,0.766044,0.0,6.781333,-170.609396,6.0,1,2
