mean_x,mean_y,mean_z,std_x,std_y,std_z,R,log_rmsW,rX_ratio,rY_ratio,rZ_ratio,psi,elev_normalized,elev_sin,elev_cos,is_synthetic,time_s,azimuth_deg,az_sector,elev_class,psi_cls
-0.036488,0.043822,-0.043057,0.616031,0.586723,0.520532,0.071454,0.029913,0.665482,0.58779,0.401799,0.928546,0.444444,0.642788,0.766044,0.0,0.761333,165.92338,5.0,0,2
-0.027037,0.094206,-0.021463,0.596543,0.597471,0.526182,0.100331,0.028083,0.545962,0.695166,0.388417,0.899669,0.444444,0.642788,0.766044,0.0,1.471333,140.610675,4.0,0,2
0.000425,0.136645,-0.019568,0.578328,0.606729,0.527429,0.13804,0.023633,0.536649,0.793275,0.415542,0.86196,0.444444,0.642788,0.766044,0.0,2.261333,124.095533,4.0,0,2
0.031524,0.088235,-0.021886,0.577379,0.615671,0.527437,0.09622,0.015079,0.762013,1.021554,0.58615,0.90378,0.444444,0.642788,0.766044,0.0,3.051333,104.869374,3.0,0,2
0.048861,0.048047,-0.025788,0.585456,0.600933,0.539073,0.073218,0.011868,1.03356,1.008858,0.809821,0.926782,0.444444,0.642788,0.766044,0.0,3.871333,68.632602,2.0,0,2
0.043087,0.005495,-0.014942,0.563103,0.564385,0.529203,0.045934,0.00883,1.234311,1.092954,0.995763,0.954066,0.444444,0.642788,0.766044,0.0,4.671333,33.84329,1.0,0,2
0.015315,0.001703,0.003965,0.422428,0.426026,0.409471,0.015911,0.005412,1.437048,1.217332,1.280099,0.984089,0.444444,0.642788,0.766044,0.0,5.451333,21.425211,0.0,1,2
