mean_x,mean_y,mean_z,std_x,std_y,std_z,R,log_rmsW,rX_ratio,rY_ratio,rZ_ratio,psi,elev_normalized,elev_sin,elev_cos,is_synthetic,time_s,azimuth_deg,az_sector,elev_class,psi_cls
-0.077984,0.063508,0.013809,0.595157,0.574591,0.552436,0.101516,0.021219,0.664206,0.640177,0.512894,0.898484,0.833333,0.965926,0.258819,0.0,0.801333,140.629168,4.0,1,2
-0.059212,0.083587,0.017095,0.588158,0.58855,0.544759,0.103851,0.020147,0.613588,0.697101,0.573081,0.896149,0.833333,0.965926,0.258819,0.0,1.621333,147.403475,4.0,1,2
-0.031625,0.055345,0.005514,0.601191,0.581403,0.544366,0.063981,0.018967,0.810842,0.767652,0.753836,0.936019,0.833333,0.965926,0.258819,0.0,2.431333,125.220796,4.0,1,2
0.035159,0.015135,0.014549,0.605982,0.570049,0.553183,0.04095,0.017049,0.895528,0.722194,0.789225,0.95905,0.833333,0.965926,0.258819,0.0,3.321333,119.643013,3.0,1,2
0.034991,-0.007918,0.003982,0.614312,0.57248,0.541708,0.036096,0.018694,0.817871,0.718954,0.710962,0.963904,0.833333,0.965926,0.258819,0.0,4.001333,72.842512,2.0,1,2
0.037568,0.020283,0.003486,0.571033,0.539376,0.474142,0.042836,0.01454,0.713686,0.677546,0.574074,0.957164,0.833333,0.965926,0.258819,0.0,4.821333,24.973659,0.0,1,2
0.002162,0.024189,-0.007282,0.427524,0.3934,0.33248,0.025354,0.008949,0.685175,0.816219,0.560984,0.974646,0.833333,0.965926,0.258819,0.0,5.611333,10.658651,0.0,0,2
