mean_x,mean_y,mean_z,std_x,std_y,std_z,R,log_rmsW,rX_ratio,rY_ratio,rZ_ratio,psi,elev_normalized,elev_sin,elev_cos,is_synthetic,time_s,azimuth_deg,az_sector,elev_class,psi_cls
-0.035687,0.011034,-0.01047,0.595704,0.579861,0.554275,0.038793,0.017271,0.748787,0.649487,0.556406,0.961207,0.444444,0.642788,0.766044,0.0,0.551333,-111.061736,8.0,0,2
-0.040132,0.047522,-0.006101,0.579967,0.590614,0.557458,0.062499,0.017844,0.898388,1.035481,0.781504,0.937501,0.444444,0.642788,0.766044,0.0,1.291333,151.012101,5.0,0,2
0.000665,0.055813,-0.018592,0.562279,0.606019,0.559469,0.058832,0.01565,0.874155,1.215589,0.852211,0.941168,0.444444,0.642788,0.766044,0.0,2.131333,-18.708462,11.0,0,2
0.019235,0.046593,-0.033169,0.578088,0.598617,0.551116,0.060341,0.01702,0.843353,1.034495,0.724625,0.939659,0.444444,0.642788,0.766044,0.0,2.951333,112.917555,3.0,0,2
0.05346,0.034187,-0.038641,0.595491,0.590409,0.539622,0.074296,0.02004,0.873787,0.717597,0.580674,0.925704,0.444444,0.642788,0.766044,0.0,3.731333,74.006993,2.0,0,2
0.048693,0.011383,-0.011738,0.511843,0.499808,0.452406,0.051366,0.016209,0.933186,0.574669,0.543818,0.948635,0.444444,0.642788,0.766044,0.0,4.571333,41.53361,1.0,0,2
0.016533,-0.008666,0.004301,0.344775,0.348503,0.30571,0.019155,0.010722,0.916567,0.53548,0.559862,0.980845,0.444444,0.642788,0.766044,0.0,5.341333,-5.409536,11.0,1,2
