mean_x,mean_y,mean_z,std_x,std_y,std_z,R,log_rmsW,rX_ratio,rY_ratio,rZ_ratio,psi,elev_normalized,elev_sin,elev_cos,is_synthetic,time_s,azimuth_deg,az_sector,elev_class,psi_cls
0.043593,-0.076588,-0.017178,0.627076,0.557182,0.536755,0.089784,0.016763,1.010403,0.811724,0.777819,0.910216,0.833333,0.965926,0.258819,0.0,1.191333,-21.361274,11.0,0,2
0.014684,-0.079145,0.003791,0.607039,0.561669,0.556259,0.080585,0.019424,1.143739,0.994068,1.013572,0.919415,0.833333,0.965926,0.258819,0.0,1.991333,-38.787742,10.0,1,2
0.032429,-0.089163,-0.004402,0.59405,0.56766,0.561922,0.09498,0.019595,1.091992,0.985919,0.982136,0.90502,0.833333,0.965926,0.258819,0.0,2.821333,-79.690697,9.0,1,2
-0.014369,-0.09084,0.010561,0.600606,0.562463,0.560522,0.092574,0.016536,0.834189,0.773951,0.762509,0.907426,0.833333,0.965926,0.258819,0.0,3.751333,-67.313529,9.0,1,2
-0.069581,-0.083175,0.041925,0.612695,0.549132,0.556157,0.116264,0.018422,0.762652,0.602006,0.657326,0.883736,0.833333,0.965926,0.258819,0.0,4.441333,-54.864647,10.0,2,2
-0.086565,-0.072215,0.06432,0.604005,0.558019,0.553812,0.12979,0.019546,0.684317,0.570571,0.597876,0.87021,0.833333,0.965926,0.258819,0.0,5.211333,-111.308212,8.0,2,2
-0.039897,-0.033198,0.031641,0.589732,0.559793,0.54235,0.060786,0.014004,0.554817,0.565398,0.493178,0.939214,0.833333,0.965926,0.258819,0.0,6.091333,-168.66777,6.0,2,2
-0.003292,-0.010108,0.010593,0.443217,0.442257,0.414526,0.015008,0.008587,0.411458,0.599865,0.41445,0.984992,0.833333,0.965926,0.258819,0.0,6.881333,-108.131464,8.0,1,2
