mean_x,mean_y,mean_z,std_x,std_y,std_z,R,log_rmsW,rX_ratio,rY_ratio,rZ_ratio,psi,elev_normalized,elev_sin,elev_cos,is_synthetic,time_s,azimuth_deg,az_sector,elev_class,psi_cls
-0.182751,-0.469977,0.0,0.261265,0.418759,0.0,0.504258,0.023066,0.434484,0.815339,0.0,0.495742,0.0,0.0,1.0,1.0,0.651333,-90.0,9.0,0,0
-0.33124,-0.332422,0.0,0.354148,0.351119,0.0,0.469281,0.021022,0.63301,0.672943,0.0,0.530719,0.0,0.0,1.0,1.0,1.461333,-112.500001,8.0,0,0
-0.433915,-0.167158,0.0,0.424388,0.255361,0.0,0.464999,0.021744,0.833947,0.3976,0.0,0.535001,0.0,0.0,1.0,1.0,2.261333,-135.000003,7.0,0,0
-0.505732,0.010898,0.0,0.440331,0.221425,0.0,0.505849,0.021875,0.88634,0.260681,0.0,0.494151,0.0,0.0,1.0,1.0,3.041333,-157.500002,6.0,0,0
-0.450395,0.179636,0.0,0.412548,0.256492,0.0,0.484897,0.020817,0.835771,0.393751,0.0,0.515103,0.0,0.0,1.0,1.0,3.871333,180.0,6.0,0,0
-0.340169,0.319586,0.0,0.356757,0.350726,0.0,0.466744,0.020365,0.631211,0.67463,0.0,0.533256,0.0,0.0,1.0,1.0,4.651333,157.499998,5.0,0,0
-0.156943,0.428476,0.0,0.253784,0.435226,0.0,0.456314,0.022315,0.338468,0.859647,0.0,0.543686,0.0,0.0,1.0,1.0,5.451333,134.999997,4.0,0,0
-0.056253,0.325686,0.0,0.132928,0.439585,0.0,0.330508,0.01979,0.217828,0.897833,0.0,0.669492,0.0,0.0,1.0,1.0,6.251333,112.499999,3.0,0,0
0.0,0.156785,0.0,0.0,0.346908,0.0,0.156785,0.012653,0.0,0.92388,0.0,0.843215,0.0,0.0,1.0,1.0,7.101333,90.0,3.0,0,1
