mean_x,mean_y,mean_z,std_x,std_y,std_z,R,log_rmsW,rX_ratio,rY_ratio,rZ_ratio,psi,elev_normalized,elev_sin,elev_cos,is_synthetic,time_s,azimuth_deg,az_sector,elev_class,psi_cls
-0.079658,0.071058,-0.005564,0.614594,0.588904,0.51377,0.106891,0.020071,0.686618,0.726586,0.528501,0.893109,0.833333,0.965926,0.258819,0.0,0.951333,144.627178,4.0,1,2
-0.073347,0.119544,-0.004858,0.592265,0.590567,0.529781,0.140336,0.022488,0.636786,0.712206,0.555149,0.859664,0.833333,0.965926,0.258819,0.0,1.591333,145.182307,4.0,1,2
-0.015257,0.09618,0.038401,0.593317,0.592331,0.534875,0.10468,0.019644,0.555289,0.717311,0.575637,0.89532,0.833333,0.965926,0.258819,0.0,2.481333,126.294271,4.0,2,2
-0.0128,0.081423,0.035408,0.607367,0.586745,0.527943,0.089706,0.017065,0.711129,0.818248,0.670553,0.910294,0.833333,0.965926,0.258819,0.0,3.221333,80.791496,2.0,2,2
0.039436,0.044513,0.026489,0.601307,0.596259,0.527821,0.065102,0.0159,0.847653,0.900254,0.775834,0.934898,0.833333,0.965926,0.258819,0.0,4.001333,44.860141,1.0,2,2
0.033277,0.016695,0.004475,0.575697,0.54752,0.470169,0.037498,0.012619,0.930436,0.964102,0.819729,0.962502,0.833333,0.965926,0.258819,0.0,4.801333,52.559574,1.0,1,2
0.029217,-0.027443,-0.007565,0.413193,0.393414,0.362675,0.040792,0.00845,0.896385,0.909166,0.826398,0.959208,0.833333,0.965926,0.258819,0.0,5.591333,16.547431,0.0,0,2
