mean_x,mean_y,mean_z,std_x,std_y,std_z,R,log_rmsW,rX_ratio,rY_ratio,rZ_ratio,psi,elev_normalized,elev_sin,elev_cos,is_synthetic,time_s,azimuth_deg,az_sector,elev_class,psi_cls
0.357572,0.33895,0.0,0.365381,0.352437,0.0,0.492691,0.02378,0.689697,0.614713,0.0,0.507309,0.0,0.0,1.0,1.0,0.641333,22.5,0.0,0,0
0.473146,0.188095,0.0,0.424469,0.264226,0.0,0.509163,0.025663,0.853915,0.352679,0.0,0.490837,0.0,0.0,1.0,1.0,1.501333,44.999998,1.0,0,0
0.520433,-0.005062,0.0,0.440743,0.218976,0.0,0.520457,0.025611,0.891269,0.243296,0.0,0.479543,0.0,0.0,1.0,1.0,2.301333,22.5,0.0,0,0
0.476933,-0.218596,0.0,0.401764,0.274865,0.0,0.524642,0.022649,0.826046,0.413765,0.0,0.475358,0.0,0.0,1.0,1.0,3.171333,0.0,0.0,0,0
0.385668,-0.390591,0.0,0.341102,0.346332,0.0,0.548909,0.022888,0.620512,0.684484,0.0,0.451091,0.0,0.0,1.0,1.0,3.901333,-22.500003,11.0,0,0
0.221072,-0.324382,0.0,0.270349,0.375859,0.0,0.392551,0.019007,0.493086,0.781294,0.0,0.607449,0.0,0.0,1.0,1.0,4.701333,-45.000005,10.0,0,0
0.053862,-0.130195,0.0,0.124948,0.301409,0.0,0.140896,0.009761,0.353553,0.853555,0.0,0.859104,0.0,0.0,1.0,1.0,5.591333,-67.500002,9.0,0,2
