mean_x,mean_y,mean_z,std_x,std_y,std_z,R,log_rmsW,rX_ratio,rY_ratio,rZ_ratio,psi,elev_normalized,elev_sin,elev_cos,is_synthetic,time_s,azimuth_deg,az_sector,elev_class,psi_cls
-0.056235,-0.054108,0.015817,0.629552,0.565823,0.526365,0.079626,0.01395,0.908561,0.806274,0.662518,0.920374,0.833333,0.965926,0.258819,0.0,0.461333,-16.996851,11.0,1,2
-0.048388,-0.090987,0.028524,0.62808,0.565822,0.523275,0.106928,0.01706,0.952687,0.900024,0.770624,0.893072,0.833333,0.965926,0.258819,0.0,1.191333,-17.745703,11.0,2,2
-0.008263,-0.11472,0.018642,0.640752,0.545683,0.527223,0.116518,0.019785,1.156173,1.042023,0.984598,0.883482,0.833333,0.965926,0.258819,0.0,2.001333,-40.709095,10.0,1,2
0.000314,-0.120861,0.008106,0.621657,0.548324,0.545975,0.121133,0.020941,1.031236,0.959259,0.912196,0.878867,0.833333,0.965926,0.258819,0.0,2.831333,-75.749425,9.0,1,2
-0.003269,-0.100141,0.000162,0.606241,0.565047,0.550503,0.100195,0.016456,0.83286,0.738162,0.72162,0.899805,0.833333,0.965926,0.258819,0.0,3.731333,-102.829542,8.0,1,2
-0.08942,-0.094798,0.019746,0.603629,0.561232,0.55062,0.131805,0.017836,0.718345,0.6093,0.629935,0.868195,0.833333,0.965926,0.258819,0.0,4.461333,-99.338779,8.0,1,2
-0.105268,-0.073791,0.016581,0.595955,0.567727,0.552785,0.12962,0.015899,0.819203,0.771909,0.752405,0.87038,0.833333,0.965926,0.258819,0.0,5.241333,-167.635044,6.0,1,2
-0.063761,-0.053138,0.009369,0.62782,0.550636,0.54358,0.083528,0.013578,0.826115,0.781943,0.780412,0.916472,0.833333,0.965926,0.258819,0.0,6.001333,-164.027121,6.0,1,2
