mean_x,mean_y,mean_z,std_x,std_y,std_z,R,log_rmsW,rX_ratio,rY_ratio,rZ_ratio,psi,elev_normalized,elev_sin,elev_cos,is_synthetic,time_s,azimuth_deg,az_sector,elev_class,psi_cls
0.026615,-0.103127,-0.021923,0.613174,0.574,0.531573,0.108739,0.017187,0.903133,0.791373,0.693603,0.891261,0.0,0.0,1.0,0.0,0.541333,-15.305854,11.0,0,2
0.008863,-0.124148,0.002258,0.595879,0.576917,0.54448,0.124485,0.017288,0.758582,0.974715,0.752868,0.875515,0.0,0.0,1.0,0.0,1.331333,-53.102594,10.0,1,2
0.014003,-0.133273,0.011377,0.574104,0.573204,0.568856,0.134489,0.0174,0.737324,1.02368,0.838095,0.865511,0.0,0.0,1.0,0.0,2.111333,-71.938303,9.0,1,2
-0.02579,-0.105565,0.007956,0.566409,0.576349,0.57871,0.108961,0.017212,0.770683,1.019765,0.849459,0.891039,0.0,0.0,1.0,0.0,2.921333,-72.066213,9.0,1,2
-0.04725,-0.091473,-0.009863,0.582465,0.568964,0.571061,0.103427,0.016476,0.869217,0.952895,0.812034,0.896573,0.0,0.0,1.0,0.0,3.731333,-92.908674,8.0,0,2
-0.055706,-0.081565,-0.032306,0.602565,0.564056,0.554766,0.103921,0.015186,1.061502,0.993405,0.796662,0.896079,0.0,0.0,1.0,0.0,4.521333,-122.620091,7.0,0,2
-0.095547,-0.054864,-0.082428,0.610422,0.554566,0.548374,0.1376,0.015411,1.106136,0.866858,0.794917,0.8624,0.0,0.0,1.0,0.0,5.311333,-95.741754,8.0,0,2
-0.055675,-0.019864,-0.074264,0.508211,0.466871,0.461854,0.094918,0.012053,1.169795,0.787902,0.814209,0.905082,0.0,0.0,1.0,0.0,6.111333,-160.203794,6.0,0,2
-0.034618,0.005342,-0.032041,0.310529,0.292596,0.298918,0.047471,0.007814,1.023758,0.673974,0.826158,0.952528,0.0,0.0,1.0,0.0,6.961333,177.946405,5.0,0,2
