mean_x,mean_y,mean_z,std_x,std_y,std_z,R,log_rmsW,rX_ratio,rY_ratio,rZ_ratio,psi,elev_normalized,elev_sin,elev_cos,is_synthetic,time_s,azimuth_deg,az_sector,elev_class,psi_cls
0.105237,-0.054747,-0.024121,0.605101,0.566428,0.546113,0.121053,0.017355,0.871307,0.710623,0.653874,0.878947,0.444444,0.642788,0.766044,0.0,0.501333,-4.389669,11.0,0,2
0.047459,-0.073924,-0.032275,0.588949,0.580021,0.554751,0.093588,0.017476,0.799731,0.966572,0.690819,0.906412,0.444444,0.642788,0.766044,0.0,1.401333,-11.746204,11.0,0,2
0.021493,-0.108016,0.005447,0.575129,0.60239,0.542194,0.110268,0.022119,0.586118,0.959111,0.537159,0.889732,0.444444,0.642788,0.766044,0.0,2.151333,-2.555046,11.0,1,2
-0.022241,-0.116673,0.00963,0.561032,0.610215,0.546377,0.119163,0.023358,0.556074,0.938867,0.540186,0.880837,0.444444,0.642788,0.766044,0.0,2.831333,-75.769008,9.0,1,2
-0.052334,-0.135099,0.002861,0.570926,0.592754,0.549088,0.14491,0.021821,0.596677,0.859945,0.540287,0.85509,0.444444,0.642788,0.766044,0.0,3.641333,-82.284893,9.0,1,2
-0.051777,-0.121029,-0.020669,0.601454,0.571825,0.541542,0.133252,0.015795,0.925615,0.8299,0.660366,0.866748,0.444444,0.642788,0.766044,0.0,4.461333,-108.68006,8.0,0,2
-0.050008,-0.054151,-0.004818,0.610149,0.580989,0.533359,0.073868,0.016227,0.89707,0.710086,0.527552,0.926132,0.444444,0.642788,0.766044,0.0,5.331333,-124.107475,7.0,1,2
-0.00923,-0.010467,-0.006687,0.514117,0.48817,0.452959,0.015475,0.014029,0.826083,0.63337,0.479478,0.984525,0.444444,0.642788,0.766044,0.0,6.091333,-154.670619,6.0,0,2
-0.002869,0.024975,0.006791,0.331764,0.346552,0.31191,0.02604,0.01068,0.668669,0.670159,0.479834,0.97396,0.444444,0.642788,0.766044,0.0,6.851333,-175.276345,6.0,1,2
