mean_x,mean_y,mean_z,std_x,std_y,std_z,R,log_rmsW,rX_ratio,rY_ratio,rZ_ratio,psi,elev_normalized,elev_sin,elev_cos,is_synthetic,time_s,azimuth_deg,az_sector,elev_class,psi_cls
0.342668,0.344124,0.0,0.351862,0.34716,0.0,0.485636,0.021447,0.669773,0.636363,0.0,0.514364,0.0,0.0,1.0,1.0,0.391333,67.499997,2.0,0,0
0.443335,0.174415,0.0,0.424505,0.257939,0.0,0.47641,0.021321,0.842895,0.37826,0.0,0.52359,0.0,0.0,1.0,1.0,1.171333,44.999997,1.0,0,0
0.478954,0.007504,0.0,0.447818,0.214257,0.0,0.479013,0.021297,0.880022,0.281273,0.0,0.520987,0.0,0.0,1.0,1.0,1.971333,22.499998,0.0,0,0
0.452742,-0.196941,0.0,0.419838,0.278679,0.0,0.493722,0.022362,0.788245,0.481896,0.0,0.506278,0.0,0.0,1.0,1.0,2.771333,0.0,0.0,0,0
0.364161,-0.389765,0.0,0.344203,0.363968,0.0,0.533414,0.024054,0.590126,0.710848,0.0,0.466586,0.0,0.0,1.0,1.0,3.571333,-22.500005,11.0,0,0
0.193266,-0.315011,0.0,0.246037,0.380663,0.0,0.369573,0.018464,0.457022,0.802922,0.0,0.630427,0.0,0.0,1.0,1.0,4.481333,-45.000004,10.0,0,0
0.076883,-0.185715,0.0,0.144626,0.348887,0.0,0.201,0.013093,0.353554,0.853554,0.0,0.799,0.0,0.0,1.0,1.0,5.211333,-67.500003,9.0,0,1
