mean_x,mean_y,mean_z,std_x,std_y,std_z,R,log_rmsW,rX_ratio,rY_ratio,rZ_ratio,psi,elev_normalized,elev_sin,elev_cos,is_synthetic,time_s,azimuth_deg,az_sector,elev_class,psi_cls
0.100896,-0.106089,-0.013403,0.617007,0.567672,0.524638,0.147019,0.015866,0.922685,0.638139,0.559991,0.852981,0.444444,0.642788,0.766044,0.0,0.731333,-3.323653,11.0,0,2
0.070354,-0.130233,-0.027314,0.607859,0.564409,0.537726,0.15052,0.017446,0.838953,0.724563,0.641448,0.84948,0.444444,0.642788,0.766044,0.0,1.411333,-15.532091,11.0,0,2
0.027463,-0.165922,0.022412,0.583497,0.579674,0.542727,0.169666,0.021707,0.571336,0.890015,0.597339,0.830334,0.444444,0.642788,0.766044,0.0,2.201333,-73.432274,9.0,2,1
0.005872,-0.165679,0.019047,0.568931,0.582159,0.556212,0.166873,0.020897,0.60352,0.950502,0.626196,0.833127,0.444444,0.642788,0.766044,0.0,3.121333,-102.987107,8.0,1,1
-0.00174,-0.164245,0.033894,0.564673,0.585726,0.556579,0.167714,0.022945,0.626887,0.898649,0.600558,0.832286,0.444444,0.642788,0.766044,0.0,3.801333,-80.919642,9.0,2,1
-0.092226,-0.114739,0.029885,0.588437,0.570757,0.552494,0.150213,0.018167,0.908055,0.918356,0.699895,0.849787,0.444444,0.642788,0.766044,0.0,4.581333,-103.110713,8.0,2,2
-0.073949,-0.111512,0.004698,0.602689,0.557475,0.554862,0.133886,0.016366,0.957757,0.814568,0.748509,0.866114,0.444444,0.642788,0.766044,0.0,5.431333,-128.065395,7.0,1,2
-0.052063,-0.088321,-0.010355,0.575653,0.54545,0.518125,0.103045,0.013465,1.059264,0.865769,0.812967,0.896955,0.444444,0.642788,0.766044,0.0,6.191333,-152.28572,6.0,0,2
0.01824,-0.03306,-0.024247,0.390478,0.398671,0.360032,0.044873,0.007672,0.612659,0.53271,0.595521,0.955127,0.444444,0.642788,0.766044,0.0,7.121333,-123.359518,7.0,0,2
