mean_x,mean_y,mean_z,std_x,std_y,std_z,R,log_rmsW,rX_ratio,rY_ratio,rZ_ratio,psi,elev_normalized,elev_sin,elev_cos,is_synthetic,time_s,azimuth_deg,az_sector,elev_class,psi_cls
0.344422,0.338061,0.0,0.345044,0.34016,0.0,0.482609,0.023917,0.666549,0.639739,0.0,0.517391,0.0,0.0,1.0,1.0,0.711333,67.499997,2.0,0,0
0.465561,0.172363,0.0,0.411662,0.243579,0.0,0.496443,0.024982,0.870016,0.310846,0.0,0.503557,0.0,0.0,1.0,1.0,1.561333,44.999997,1.0,0,0
0.514099,-0.006191,0.0,0.437169,0.214221,0.0,0.514137,0.028129,0.883062,0.271577,0.0,0.485863,0.0,0.0,1.0,1.0,2.311333,22.5,0.0,0,0
0.472582,-0.207105,0.0,0.399526,0.270961,0.0,0.515971,0.025309,0.829887,0.406006,0.0,0.484029,0.0,0.0,1.0,1.0,3.171333,0.0,0.0,0,0
0.329208,-0.36148,0.0,0.329149,0.343964,0.0,0.488923,0.021253,0.623398,0.681857,0.0,0.511077,0.0,0.0,1.0,1.0,4.001333,-22.500005,11.0,0,0
0.200792,-0.30174,0.0,0.257763,0.362465,0.0,0.362442,0.016836,0.492798,0.781475,0.0,0.637558,0.0,0.0,1.0,1.0,4.731333,-45.000003,10.0,0,0
0.068237,-0.164598,0.0,0.134723,0.324607,0.0,0.178182,0.012176,0.353553,0.853553,0.0,0.821818,0.0,0.0,1.0,1.0,5.511333,-67.500002,9.0,0,1
