mean_x,mean_y,mean_z,std_x,std_y,std_z,R,log_rmsW,rX_ratio,rY_ratio,rZ_ratio,psi,elev_normalized,elev_sin,elev_cos,is_synthetic,time_s,azimuth_deg,az_sector,elev_class,psi_cls
-0.182356,-0.402884,0.0,0.262638,0.412796,0.0,0.442232,0.022807,0.40145,0.8321,0.0,0.557768,0.0,0.0,1.0,1.0,0.541333,-90.0,9.0,0,0
-0.364394,-0.294299,0.0,0.372543,0.31454,0.0,0.468396,0.026423,0.767465,0.514345,0.0,0.531604,0.0,0.0,1.0,1.0,1.391333,-112.500002,8.0,0,0
-0.439071,-0.165947,0.0,0.429052,0.228933,0.0,0.469384,0.025357,0.856312,0.346819,0.0,0.530616,0.0,0.0,1.0,1.0,2.201333,-135.000002,7.0,0,0
-0.482958,0.0198,0.0,0.445006,0.219078,0.0,0.483364,0.022927,0.871055,0.307923,0.0,0.516636,0.0,0.0,1.0,1.0,3.011333,-157.5,6.0,0,0
-0.441384,0.185332,0.0,0.42939,0.261403,0.0,0.478715,0.023126,0.807893,0.448177,0.0,0.521285,0.0,0.0,1.0,1.0,3.691333,180.0,6.0,0,0
-0.322178,0.327173,0.0,0.34763,0.356179,0.0,0.459175,0.023,0.618795,0.686037,0.0,0.540825,0.0,0.0,1.0,1.0,4.561333,157.499998,5.0,0,0
-0.163716,0.424868,0.0,0.255485,0.426552,0.0,0.455319,0.021529,0.430379,0.817513,0.0,0.544681,0.0,0.0,1.0,1.0,5.301333,134.999999,4.0,0,0
-0.062618,0.32095,0.0,0.136285,0.429729,0.0,0.327002,0.01742,0.281524,0.879942,0.0,0.672998,0.0,0.0,1.0,1.0,6.091333,112.500001,3.0,0,0
0.0,0.162345,0.0,0.0,0.350533,0.0,0.162345,0.009526,0.0,0.92388,0.0,0.837655,0.0,0.0,1.0,1.0,6.891333,90.0,3.0,0,1
