mean_x,mean_y,mean_z,std_x,std_y,std_z,R,log_rmsW,rX_ratio,rY_ratio,rZ_ratio,psi,elev_normalized,elev_sin,elev_cos,is_synthetic,time_s,azimuth_deg,az_sector,elev_class,psi_cls
-0.009295,0.048383,0.019357,0.588914,0.634316,0.497998,0.052934,0.017715,0.854596,0.683328,0.539845,0.947066,0.0,0.0,1.0,0.0,0.771333,-15.146516,11.0,1,2
0.018486,0.035151,-0.023625,0.583827,0.640078,0.497293,0.046211,0.020007,0.865793,0.787992,0.708885,0.953789,0.0,0.0,1.0,0.0,1.501333,-62.047451,9.0,0,2
0.058556,0.015904,-0.035101,0.569466,0.643421,0.506734,0.070099,0.02388,0.642975,0.83526,0.616805,0.929901,0.0,0.0,1.0,0.0,2.331333,-43.722866,10.0,0,2
0.064592,-0.046361,-0.043433,0.558332,0.634175,0.527113,0.090598,0.025916,0.616263,0.843022,0.699631,0.909402,0.0,0.0,1.0,0.0,3.081333,-73.841777,9.0,0,2
-0.005488,-0.039272,-0.009729,0.564483,0.646921,0.511036,0.04083,0.024134,0.530543,0.792796,0.601561,0.95917,0.0,0.0,1.0,0.0,4.001333,-76.024969,9.0,0,2
-0.062758,-0.05162,-0.01041,0.582946,0.627111,0.510051,0.081924,0.018847,0.569111,0.767195,0.509309,0.918076,0.0,0.0,1.0,0.0,4.801333,-59.119121,10.0,0,2
-0.11339,-0.024621,0.029148,0.602098,0.608247,0.503145,0.119637,0.015745,0.722351,0.72034,0.462879,0.880363,0.0,0.0,1.0,0.0,5.531333,-96.913789,8.0,2,2
-0.057923,0.01544,0.023811,0.412083,0.414918,0.336118,0.064502,0.006534,0.927474,0.704325,0.482487,0.935498,0.0,0.0,1.0,0.0,7.091333,-162.659852,6.0,2,2
