mean_x,mean_y,mean_z,std_x,std_y,std_z,R,log_rmsW,rX_ratio,rY_ratio,rZ_ratio,psi,elev_normalized,elev_sin,elev_cos,is_synthetic,time_s,azimuth_deg,az_sector,elev_class,psi_cls
0.08136,-0.09498,0.018468,0.588468,0.621214,0.501673,0.126419,0.015904,0.945439,0.711329,0.738892,0.873581,0.444444,0.642788,0.766044,0.0,0.471333,-9.510854,11.0,1,2
0.063029,-0.11472,0.04088,0.602171,0.595589,0.513516,0.137129,0.017027,0.788811,0.760917,0.643596,0.862871,0.444444,0.642788,0.766044,0.0,1.251333,-155.127073,6.0,2,2
0.047079,-0.111583,0.053374,0.572227,0.601729,0.541098,0.132349,0.015458,0.768649,0.91746,0.764218,0.867651,0.444444,0.642788,0.766044,0.0,2.091333,-43.688805,10.0,2,2
-0.018767,-0.113993,0.026736,0.560224,0.602676,0.55559,0.118581,0.017839,0.781474,0.972036,0.719875,0.881419,0.444444,0.642788,0.766044,0.0,2.901333,-91.25514,8.0,2,2
-0.043622,-0.099442,0.031395,0.568188,0.593395,0.558661,0.113037,0.018758,0.835123,0.978808,0.761607,0.886963,0.444444,0.642788,0.766044,0.0,3.621333,-83.097473,9.0,2,2
-0.069964,-0.120171,0.000283,0.572611,0.58718,0.554843,0.139054,0.021535,0.751334,0.834819,0.646534,0.860946,0.444444,0.642788,0.766044,0.0,4.421333,-109.255313,8.0,1,2
-0.096881,-0.082872,0.000533,0.594364,0.577278,0.545075,0.127491,0.018435,0.901235,0.737374,0.656236,0.872509,0.444444,0.642788,0.766044,0.0,5.221333,-123.780441,7.0,1,2
-0.06079,-0.069394,-0.019894,0.508748,0.490736,0.473728,0.094375,0.014287,0.949569,0.63901,0.621178,0.905625,0.444444,0.642788,0.766044,0.0,6.041333,-120.194565,7.0,0,2
-0.037146,-0.012586,0.004828,0.366893,0.32255,0.31274,0.039517,0.007164,1.583735,0.9128,0.913548,0.960483,0.444444,0.642788,0.766044,0.0,6.831333,178.840068,5.0,1,2
