mean_x,mean_y,mean_z,std_x,std_y,std_z,R,log_rmsW,rX_ratio,rY_ratio,rZ_ratio,psi,elev_normalized,elev_sin,elev_cos,is_synthetic,time_s,azimuth_deg,az_sector,elev_class,psi_cls
0.036683,-0.09955,-0.003495,0.62503,0.55835,0.534889,0.106151,0.022334,0.694304,0.640011,0.416184,0.893849,0.0,0.0,1.0,0.0,0.411333,-8.470779,11.0,1,2
0.020159,-0.131309,-0.032693,0.613528,0.563674,0.535715,0.136811,0.023826,0.67945,0.744287,0.53798,0.863189,0.0,0.0,1.0,0.0,1.141333,-34.233779,10.0,0,2
0.015823,-0.11443,-0.033977,0.595382,0.567915,0.555274,0.120412,0.022501,0.809152,0.929883,0.893021,0.879588,0.0,0.0,1.0,0.0,2.041333,-63.1081,9.0,0,2
-0.031471,-0.108841,-0.022412,0.579849,0.583482,0.556586,0.115495,0.029739,0.685975,0.857461,0.696155,0.884505,0.0,0.0,1.0,0.0,2.761333,-74.988229,9.0,0,2
-0.093311,-0.116194,-0.002594,0.578652,0.595762,0.536478,0.149046,0.026033,0.57825,0.776778,0.445237,0.850954,0.0,0.0,1.0,0.0,3.711333,-71.881744,9.0,1,2
-0.13153,-0.135742,-0.02804,0.576006,0.587424,0.535212,0.191082,0.024159,0.677936,0.758776,0.453723,0.808918,0.0,0.0,1.0,0.0,4.391333,-122.978593,7.0,0,1
-0.103302,-0.099215,-0.027066,0.580982,0.582966,0.548807,0.145765,0.016421,0.993191,0.910424,0.706805,0.854235,0.0,0.0,1.0,0.0,5.141333,-124.390928,7.0,0,2
-0.045039,0.020324,-0.029619,0.586727,0.586754,0.554936,0.05761,0.011936,1.172139,0.984168,0.830736,0.94239,0.0,0.0,1.0,0.0,5.941333,-140.253325,7.0,0,2
