mean_x,mean_y,mean_z,std_x,std_y,std_z,R,log_rmsW,rX_ratio,rY_ratio,rZ_ratio,psi,elev_normalized,elev_sin,elev_cos,is_synthetic,time_s,azimuth_deg,az_sector,elev_class,psi_cls
0.096869,-0.090463,-0.023598,0.636362,0.550739,0.522983,0.134625,0.022556,0.77262,0.568689,0.499561,0.865375,0.0,0.0,1.0,0.0,0.371333,-27.031633,11.0,0,2
0.121301,-0.118075,-0.046864,0.613795,0.564843,0.522714,0.175647,0.024779,0.745224,0.780641,0.638783,0.824353,0.0,0.0,1.0,0.0,1.201333,-38.730206,10.0,0,1
0.1046,-0.159864,-0.04617,0.58316,0.587884,0.524913,0.196544,0.027557,0.620516,0.882753,0.615164,0.803456,0.0,0.0,1.0,0.0,1.961333,-51.6615,10.0,0,1
0.043482,-0.192343,-0.002044,0.562111,0.606477,0.526464,0.197207,0.026481,0.617549,1.060655,0.670696,0.802793,0.0,0.0,1.0,0.0,2.741333,-61.798675,9.0,1,1
-0.024347,-0.140736,0.002909,0.574013,0.606226,0.531425,0.142856,0.017746,0.636536,1.139998,0.619027,0.857144,0.0,0.0,1.0,0.0,3.641333,-77.776599,9.0,1,2
-0.03203,-0.094672,0.007096,0.585388,0.59604,0.540248,0.100195,0.01244,0.90388,1.184049,0.736698,0.899805,0.0,0.0,1.0,0.0,4.421333,-85.288971,9.0,1,2
-0.056887,-0.043735,-0.042134,0.598159,0.570077,0.556926,0.083212,0.012797,1.194878,0.932079,0.941043,0.916788,0.0,0.0,1.0,0.0,5.131333,-121.395459,7.0,0,2
-0.05521,0.00254,-0.038906,0.592893,0.581141,0.553126,0.067589,0.010804,1.221596,0.869421,0.993245,0.932411,0.0,0.0,1.0,0.0,5.951333,-149.492055,7.0,0,2
-0.039238,0.013151,-0.031215,0.452861,0.467382,0.428223,0.051836,0.007934,1.173728,0.846953,0.990537,0.948164,0.0,0.0,1.0,0.0,6.791333,-174.661346,6.0,0,2
