mean_x,mean_y,mean_z,std_x,std_y,std_z,R,log_rmsW,rX_ratio,rY_ratio,rZ_ratio,psi,elev_normalized,elev_sin,elev_cos,is_synthetic,time_s,azimuth_deg,az_sector,elev_class,psi_cls
-0.159952,-0.380425,0.0,0.26021,0.429178,0.0,0.412683,0.021128,0.497888,0.778242,0.0,0.587317,0.0,0.0,1.0,1.0,0.381333,-90.0,9.0,0,0
-0.316129,-0.303214,0.0,0.362329,0.355742,0.0,0.438037,0.024699,0.725596,0.571895,0.0,0.561963,0.0,0.0,1.0,1.0,1.111333,-112.500002,8.0,0,0
-0.438702,-0.14033,0.0,0.433505,0.237065,0.0,0.4606,0.026738,0.852905,0.355115,0.0,0.5394,0.0,0.0,1.0,1.0,1.981333,-135.000003,7.0,0,0
-0.485637,0.006021,0.0,0.443934,0.203939,0.0,0.485674,0.027424,0.882032,0.274905,0.0,0.514326,0.0,0.0,1.0,1.0,2.761333,-157.500002,6.0,0,0
-0.487537,0.195498,0.0,0.413123,0.275811,0.0,0.525273,0.026344,0.849904,0.362238,0.0,0.474727,0.0,0.0,1.0,1.0,3.511333,180.0,6.0,0,0
-0.323016,0.349724,0.0,0.337707,0.356646,0.0,0.476074,0.021664,0.64768,0.658835,0.0,0.523926,0.0,0.0,1.0,1.0,4.371333,157.499997,5.0,0,0
-0.207043,0.493202,0.0,0.269782,0.416443,0.0,0.534897,0.02047,0.418141,0.823839,0.0,0.465103,0.0,0.0,1.0,1.0,5.111333,134.999998,4.0,0,0
-0.062596,0.349543,0.0,0.136457,0.443369,0.0,0.355103,0.01644,0.259797,0.8866,0.0,0.644897,0.0,0.0,1.0,1.0,5.921333,112.499999,3.0,0,0
0.0,0.184998,0.0,0.0,0.373985,0.0,0.184998,0.00994,0.0,0.92388,0.0,0.815002,0.0,0.0,1.0,1.0,6.731333,90.0,3.0,0,1
