mean_x,mean_y,mean_z,std_x,std_y,std_z,R,log_rmsW,rX_ratio,rY_ratio,rZ_ratio,psi,elev_normalized,elev_sin,elev_cos,is_synthetic,time_s,azimuth_deg,az_sector,elev_class,psi_cls
0.013457,-0.095264,0.007562,0.620858,0.555126,0.544849,0.096506,0.020291,0.767446,0.622413,0.510229,0.903494,0.0,0.0,1.0,0.0,0.591333,-28.751447,11.0,1,2
-0.015537,-0.083544,-0.019726,0.617129,0.557307,0.548415,0.087236,0.024235,0.828844,0.783348,0.780279,0.912764,0.0,0.0,1.0,0.0,1.411333,-37.242037,10.0,0,2
-0.02939,-0.061529,-0.02094,0.588891,0.568905,0.56947,0.071331,0.022591,0.881629,0.898558,0.932304,0.92867,0.0,0.0,1.0,0.0,2.221333,-67.931069,9.0,0,2
-0.047854,-0.095582,-0.018431,0.57757,0.585216,0.558568,0.108469,0.022971,0.668718,0.89559,0.696923,0.891531,0.0,0.0,1.0,0.0,3.051333,-63.365479,9.0,0,2
-0.009193,-0.120812,-0.04067,0.560867,0.599093,0.556777,0.127805,0.020689,0.728491,1.012588,0.690509,0.872195,0.0,0.0,1.0,0.0,3.731333,-69.506428,9.0,0,2
-0.05293,-0.092673,-0.105773,0.569151,0.590211,0.552177,0.150259,0.016523,0.796114,0.885078,0.70765,0.849741,0.0,0.0,1.0,0.0,4.651333,-103.088234,8.0,0,2
-0.078999,-0.06904,-0.12084,0.577079,0.58202,0.54992,0.16003,0.016208,0.858643,0.877932,0.74508,0.83997,0.0,0.0,1.0,0.0,5.301333,-115.045968,8.0,0,1
-0.072524,-0.035307,-0.077533,0.551402,0.561844,0.535501,0.111882,0.012536,0.693334,0.712499,0.679975,0.888117,0.0,0.0,1.0,0.0,6.171333,-157.955767,6.0,0,2
-0.026581,-0.010139,-0.013193,0.421962,0.428678,0.401576,0.03136,0.007706,0.478435,0.470202,0.444811,0.968641,0.0,0.0,1.0,0.0,6.961333,-160.711275,6.0,0,2
