mean_x,mean_y,mean_z,std_x,std_y,std_z,R,log_rmsW,rX_ratio,rY_ratio,rZ_ratio,psi,elev_normalized,elev_sin,elev_cos,is_synthetic,time_s,azimuth_deg,az_sector,elev_class,psi_cls
-0.112227,0.042639,-0.004651,0.606555,0.584977,0.524689,0.120144,0.019807,0.961689,1.033883,0.704708,0.879856,0.0,0.0,1.0,0.0,0.561333,146.793151,4.0,1,2
-0.07267,0.071877,-0.020771,0.582561,0.616512,0.519088,0.104301,0.018541,0.708069,1.090287,0.669065,0.895699,0.0,0.0,1.0,0.0,1.461333,144.65426,4.0,0,2
-0.017031,0.066492,-0.062483,0.558598,0.630878,0.530255,0.092819,0.019019,0.625816,1.094069,0.653334,0.907181,0.0,0.0,1.0,0.0,2.181333,115.315109,3.0,0,2
0.063107,0.086402,-0.035907,0.587205,0.600756,0.530444,0.112859,0.020747,0.80338,0.792553,0.480841,0.887141,0.0,0.0,1.0,0.0,2.981333,106.93745,3.0,0,2
0.072338,0.048973,-0.02096,0.596643,0.577605,0.549655,0.089835,0.019626,0.948092,0.833225,0.719997,0.910165,0.0,0.0,1.0,0.0,3.751333,75.494406,2.0,0,2
0.055479,0.016546,0.00554,0.523929,0.475905,0.467667,0.058159,0.016246,1.091559,0.807941,0.804506,0.941841,0.0,0.0,1.0,0.0,4.561333,43.300617,1.0,1,2
