mean_x,mean_y,mean_z,std_x,std_y,std_z,R,log_rmsW,rX_ratio,rY_ratio,rZ_ratio,psi,elev_normalized,elev_sin,elev_cos,is_synthetic,time_s,azimuth_deg,az_sector,elev_class,psi_cls
0.051303,-0.101203,0.001132,0.60319,0.581232,0.534196,0.11347,0.016148,0.74919,0.809033,0.644093,0.88653,0.833333,0.965926,0.258819,0.0,0.721333,1.055263,0.0,1,2
0.032015,-0.089321,0.013377,0.598656,0.571788,0.552607,0.095824,0.013811,1.047028,0.88319,0.950365,0.904176,0.833333,0.965926,0.258819,0.0,1.591333,-69.979843,9.0,1,2
0.06258,-0.072465,-0.01036,0.607107,0.562633,0.552709,0.096306,0.015509,1.223286,0.940534,1.071983,0.903694,0.833333,0.965926,0.258819,0.0,2.361333,-67.992773,9.0,0,2
0.057697,-0.048912,-0.005555,0.594324,0.566333,0.565876,0.075843,0.016302,1.134113,0.964995,1.04108,0.924157,0.833333,0.965926,0.258819,0.0,3.141333,-107.418672,8.0,1,2
0.046356,-0.055633,-0.015776,0.592157,0.571417,0.563244,0.074113,0.015958,1.018587,0.92707,0.93283,0.925887,0.833333,0.965926,0.258819,0.0,3.951333,-62.656058,9.0,0,2
-0.070571,-0.060724,-0.013326,0.596847,0.557713,0.568991,0.094049,0.016844,0.819915,0.809175,0.844289,0.905951,0.833333,0.965926,0.258819,0.0,4.711333,-97.254288,8.0,0,2
-0.14129,-0.039972,0.004148,0.594498,0.553513,0.564356,0.146894,0.021154,0.67734,0.585702,0.63506,0.853106,0.833333,0.965926,0.258819,0.0,5.561333,-35.903381,10.0,1,2
-0.133888,-0.023235,0.010934,0.555618,0.498002,0.498449,0.136328,0.01885,0.653869,0.547097,0.611233,0.863672,0.833333,0.965926,0.258819,0.0,6.361333,-146.056317,7.0,1,2
-0.018866,-0.009431,-0.001975,0.384654,0.351233,0.334708,0.021184,0.010474,0.494989,0.503152,0.443797,0.978816,0.833333,0.965926,0.258819,0.0,7.241333,-166.744016,6.0,1,2
