mean_x,mean_y,mean_z,std_x,std_y,std_z,R,log_rmsW,rX_ratio,rY_ratio,rZ_ratio,psi,elev_normalized,elev_sin,elev_cos,is_synthetic,time_s,azimuth_deg,az_sector,elev_class,psi_cls
-0.191866,-0.460362,0.0,0.270879,0.41533,0.0,0.498744,0.022397,0.454172,0.804538,0.0,0.501256,0.0,0.0,1.0,1.0,0.321333,-90.0,9.0,0,0
-0.356632,-0.314973,0.0,0.361592,0.330663,0.0,0.475809,0.023692,0.722464,0.575847,0.0,0.524191,0.0,0.0,1.0,1.0,1.191333,-112.500003,8.0,0,0
-0.468157,-0.204547,0.0,0.41724,0.264143,0.0,0.510892,0.026457,0.839453,0.385839,0.0,0.489108,0.0,0.0,1.0,1.0,1.921333,-135.000002,7.0,0,0
-0.481387,-0.00794,0.0,0.44848,0.218382,0.0,0.481453,0.025791,0.8817,0.275967,0.0,0.518547,0.0,0.0,1.0,1.0,2.721333,-157.500001,6.0,0,0
-0.423181,0.18535,0.0,0.419975,0.262497,0.0,0.461992,0.021853,0.850541,0.36074,0.0,0.538008,0.0,0.0,1.0,1.0,3.531333,180.0,6.0,0,0
-0.337167,0.347125,0.0,0.342962,0.352675,0.0,0.483919,0.018274,0.694779,0.608962,0.0,0.516081,0.0,0.0,1.0,1.0,4.321333,157.499999,5.0,0,0
-0.186901,0.468572,0.0,0.25956,0.41923,0.0,0.504471,0.019519,0.341746,0.858349,0.0,0.495529,0.0,0.0,1.0,1.0,5.121333,134.999998,4.0,0,0
-0.065949,0.350158,0.0,0.138814,0.436878,0.0,0.356314,0.016911,0.175382,0.90708,0.0,0.643686,0.0,0.0,1.0,1.0,5.921333,112.499998,3.0,0,0
0.0,0.160193,0.0,0.0,0.345764,0.0,0.160193,0.011867,0.0,0.92388,0.0,0.839807,0.0,0.0,1.0,1.0,6.771333,90.0,3.0,0,1
