mean_x,mean_y,mean_z,std_x,std_y,std_z,R,log_rmsW,rX_ratio,rY_ratio,rZ_ratio,psi,elev_normalized,elev_sin,elev_cos,is_synthetic,time_s,azimuth_deg,az_sector,elev_class,psi_cls
-0.185512,-0.412969,0.0,0.264096,0.414797,0.0,0.452723,0.020906,0.513778,0.767845,0.0,0.547277,0.0,0.0,1.0,1.0,0.681333,-90.0,9.0,0,0
-0.371744,-0.342882,0.0,0.368398,0.339422,0.0,0.505729,0.023932,0.710117,0.591005,0.0,0.494271,0.0,0.0,1.0,1.0,1.451333,-112.499999,8.0,0,0
-0.451878,-0.174786,0.0,0.427387,0.237265,0.0,0.484504,0.023708,0.850167,0.36162,0.0,0.515496,0.0,0.0,1.0,1.0,2.341333,-135.000002,7.0,0,0
-0.538183,-0.006818,0.0,0.443948,0.239482,0.0,0.538226,0.02739,0.874592,0.297727,0.0,0.461774,0.0,0.0,1.0,1.0,3.051333,-157.500002,6.0,0,0
-0.460945,0.194614,0.0,0.420647,0.257203,0.0,0.500345,0.026127,0.830702,0.404336,0.0,0.499655,0.0,0.0,1.0,1.0,3.851333,180.0,6.0,0,0
-0.329075,0.339056,0.0,0.334091,0.348791,0.0,0.472493,0.020138,0.664212,0.642165,0.0,0.527507,0.0,0.0,1.0,1.0,4.751333,157.499995,5.0,0,0
-0.176092,0.422783,0.0,0.254488,0.420997,0.0,0.457989,0.018431,0.475952,0.791848,0.0,0.542011,0.0,0.0,1.0,1.0,5.451333,134.999997,4.0,0,0
-0.06593,0.309711,0.0,0.13734,0.427486,0.0,0.31665,0.013131,0.255204,0.887933,0.0,0.68335,0.0,0.0,1.0,1.0,6.251333,112.499998,3.0,0,0
0.0,0.143745,0.0,0.0,0.340873,0.0,0.143745,0.008284,0.0,0.923883,0.0,0.856255,0.0,0.0,1.0,1.0,7.051333,90.0,3.0,0,2
