mean_x,mean_y,mean_z,std_x,std_y,std_z,R,log_rmsW,rX_ratio,rY_ratio,rZ_ratio,psi,elev_normalized,elev_sin,elev_cos,is_synthetic,time_s,azimuth_deg,az_sector,elev_class,psi_cls
0.012426,-0.100692,-0.027861,0.622201,0.572457,0.523438,0.105212,0.011074,1.110341,0.881406,0.697354,0.894788,0.833333,0.965926,0.258819,0.0,0.711333,5.173686,0.0,0,2
0.003179,-0.132738,-0.020868,0.612499,0.570177,0.530646,0.134406,0.013529,1.277578,0.954562,0.958347,0.865594,0.833333,0.965926,0.258819,0.0,1.361333,-19.421812,11.0,0,2
0.001693,-0.11973,-0.024774,0.604707,0.569195,0.543427,0.122278,0.013589,1.310015,1.06649,1.058956,0.877722,0.833333,0.965926,0.258819,0.0,2.161333,-68.891712,9.0,0,2
-6.6e-05,-0.083845,-0.011599,0.589039,0.569784,0.566652,0.084644,0.014464,1.055251,1.027854,0.958429,0.915356,0.833333,0.965926,0.258819,0.0,3.001333,-69.802399,9.0,0,2
-0.037857,-0.095228,-0.005083,0.591185,0.560182,0.571006,0.102603,0.016068,0.97327,0.903292,0.886964,0.897397,0.833333,0.965926,0.258819,0.0,3.751333,-72.365879,9.0,1,2
-0.080356,-0.102104,0.004867,0.599235,0.563104,0.553856,0.130023,0.018239,0.809148,0.758371,0.70807,0.869977,0.833333,0.965926,0.258819,0.0,4.551333,-98.482859,8.0,1,2
-0.184131,-0.05482,0.003088,0.597021,0.565422,0.535527,0.192144,0.018983,0.768375,0.67332,0.627749,0.807856,0.833333,0.965926,0.258819,0.0,5.371333,-139.237977,7.0,1,1
-0.127442,0.005788,0.010076,0.492052,0.453372,0.423759,0.12797,0.015033,0.759936,0.649795,0.572905,0.87203,0.833333,0.965926,0.258819,0.0,6.221333,-113.734565,8.0,1,2
-0.083675,0.01091,0.008627,0.317353,0.280947,0.268023,0.084823,0.010118,0.819274,0.724993,0.67504,0.915177,0.833333,0.965926,0.258819,0.0,6.991333,163.074823,5.0,1,2
