mean_x,mean_y,mean_z,std_x,std_y,std_z,R,log_rmsW,rX_ratio,rY_ratio,rZ_ratio,psi,elev_normalized,elev_sin,elev_cos,is_synthetic,time_s,azimuth_deg,az_sector,elev_class,psi_cls
-0.073668,0.019699,-0.010719,0.619468,0.563327,0.541081,0.077006,0.016116,0.783868,0.674743,0.573252,0.922994,0.833333,0.965926,0.258819,0.0,1.031333,174.415089,5.0,0,2
-0.03086,0.029639,-0.00957,0.626565,0.556446,0.543756,0.043845,0.013926,0.940745,0.794721,0.776281,0.956155,0.833333,0.965926,0.258819,0.0,1.801333,125.69046,4.0,0,2
0.004441,0.029633,0.002557,0.623341,0.550701,0.554188,0.030073,0.02209,0.807637,0.671257,0.736488,0.969927,0.833333,0.965926,0.258819,0.0,2.571333,133.790766,4.0,1,2
0.050691,0.02467,0.031622,0.586483,0.565678,0.575918,0.064638,0.022319,0.781238,0.71255,0.768686,0.935362,0.833333,0.965926,0.258819,0.0,3.381333,122.865375,4.0,2,2
0.082552,-0.004837,0.054046,0.590549,0.564221,0.568318,0.098789,0.021347,0.6905,0.670364,0.669037,0.901211,0.833333,0.965926,0.258819,0.0,4.261333,43.924388,1.0,2,2
0.06807,-0.016158,0.054407,0.524844,0.496664,0.49352,0.088627,0.01643,0.75425,0.753467,0.733778,0.911373,0.833333,0.965926,0.258819,0.0,4.961333,55.742991,1.0,2,2
0.025713,-0.019344,0.027015,0.353162,0.314227,0.321527,0.042014,0.009904,0.600546,0.478347,0.542113,0.957986,0.833333,0.965926,0.258819,0.0,5.851333,18.629709,0.0,2,2
