mean_x,mean_y,mean_z,std_x,std_y,std_z,R,log_rmsW,rX_ratio,rY_ratio,rZ_ratio,psi,elev_normalized,elev_sin,elev_cos,is_synthetic,time_s,azimuth_deg,az_sector,elev_class,psi_cls
0.312328,0.285179,0.0,0.359035,0.322034,0.0,0.422937,0.023292,0.722473,0.575836,0.0,0.577063,0.0,0.0,1.0,1.0,0.851333,67.499995,2.0,0,0
0.423312,0.168857,0.0,0.42787,0.257248,0.0,0.455748,0.025077,0.836897,0.391353,0.0,0.544252,0.0,0.0,1.0,1.0,1.511333,44.999997,1.0,0,0
0.457737,0.001969,0.0,0.452083,0.210943,0.0,0.457741,0.024574,0.878789,0.285101,0.0,0.542259,0.0,0.0,1.0,1.0,2.311333,22.499999,0.0,0,0
0.421559,-0.181438,0.0,0.423123,0.263768,0.0,0.458947,0.022706,0.810947,0.442627,0.0,0.541053,0.0,0.0,1.0,1.0,3.111333,0.0,0.0,0,0
0.310405,-0.317936,0.0,0.34733,0.357134,0.0,0.444336,0.019482,0.649246,0.657292,0.0,0.555664,0.0,0.0,1.0,1.0,3.931333,-22.500003,11.0,0,0
0.168741,-0.252181,0.0,0.255513,0.369779,0.0,0.303429,0.015497,0.551928,0.740897,0.0,0.696571,0.0,0.0,1.0,1.0,4.731333,-45.000003,10.0,0,0
0.05611,-0.135658,0.0,0.133736,0.322682,0.0,0.146804,0.008658,0.353553,0.853555,0.0,0.853196,0.0,0.0,1.0,1.0,5.511333,-67.500001,9.0,0,2
