mean_x,mean_y,mean_z,std_x,std_y,std_z,R,log_rmsW,rX_ratio,rY_ratio,rZ_ratio,psi,elev_normalized,elev_sin,elev_cos,is_synthetic,time_s,azimuth_deg,az_sector,elev_class,psi_cls
-0.096695,0.003099,0.010929,0.614909,0.567412,0.538806,0.09736,0.019419,0.960058,0.746505,0.623521,0.90264,0.833333,0.965926,0.258819,0.0,0.611333,155.959704,5.0,1,2
-0.092933,0.068944,0.015678,0.607379,0.559606,0.551469,0.116772,0.018443,0.779208,0.641222,0.588349,0.883228,0.833333,0.965926,0.258819,0.0,1.431333,132.198632,4.0,1,2
-0.018044,0.086612,0.010134,0.626922,0.552586,0.541796,0.08905,0.018948,0.693436,0.612041,0.507681,0.91095,0.833333,0.965926,0.258819,0.0,2.311333,169.126329,5.0,1,2
-0.005131,0.081358,0.033158,0.609682,0.567777,0.545976,0.088005,0.01849,0.68875,0.730286,0.594881,0.911995,0.833333,0.965926,0.258819,0.0,3.051333,122.077461,4.0,2,2
0.035163,0.033228,0.023078,0.602673,0.572461,0.553267,0.053601,0.01681,0.915475,0.971428,0.818802,0.946399,0.833333,0.965926,0.258819,0.0,3.831333,62.684234,2.0,2,2
0.017991,-0.007629,0.009344,0.490872,0.48093,0.459438,0.021661,0.01149,1.124957,1.252358,1.029375,0.978339,0.833333,0.965926,0.258819,0.0,4.641333,24.091157,0.0,1,2
