mean_x,mean_y,mean_z,std_x,std_y,std_z,R,log_rmsW,rX_ratio,rY_ratio,rZ_ratio,psi,elev_normalized,elev_sin,elev_cos,is_synthetic,time_s,azimuth_deg,az_sector,elev_class,psi_cls
-0.063895,0.052912,-0.026653,0.586523,0.589968,0.547874,0.087136,0.017478,0.828689,1.011502,0.747954,0.912864,0.0,0.0,1.0,0.0,0.861333,145.631805,4.0,0,2
-0.07233,0.078645,-0.024978,0.564263,0.611388,0.54369,0.10973,0.015839,0.781159,1.292398,0.80502,0.89027,0.0,0.0,1.0,0.0,1.551333,139.260762,4.0,0,2
-0.003875,0.07338,-0.045307,0.575485,0.617056,0.529557,0.086327,0.018476,0.66048,1.110984,0.603497,0.913673,0.0,0.0,1.0,0.0,2.341333,111.549289,3.0,0,2
0.068136,0.059223,-0.013397,0.613323,0.588348,0.518824,0.091265,0.020977,0.800015,0.830837,0.486618,0.908735,0.0,0.0,1.0,0.0,3.121333,105.245113,3.0,0,2
0.07834,0.032141,0.009519,0.621408,0.562009,0.539044,0.08521,0.019246,0.891718,0.688162,0.59178,0.91479,0.0,0.0,1.0,0.0,3.951333,62.641324,2.0,1,2
0.04964,0.033081,0.005815,0.576135,0.52585,0.517361,0.059935,0.015301,1.017276,0.681165,0.65738,0.940065,0.0,0.0,1.0,0.0,4.751333,33.099874,1.0,1,2
0.007212,0.00141,-0.008883,0.403655,0.406004,0.408477,0.011529,0.007701,0.98837,0.872219,0.973571,0.988471,0.0,0.0,1.0,0.0,5.521333,27.176553,0.0,0,2
