mean_x,mean_y,mean_z,std_x,std_y,std_z,R,log_rmsW,rX_ratio,rY_ratio,rZ_ratio,psi,elev_normalized,elev_sin,elev_cos,is_synthetic,time_s,azimuth_deg,az_sector,elev_class,psi_cls
-0.090025,0.066978,0.020875,0.589486,0.572685,0.557956,0.114133,0.014481,0.893386,0.84404,0.696812,0.885867,0.0,0.0,1.0,0.0,0.611333,153.131225,5.0,1,2
-0.040631,0.073717,0.010227,0.571482,0.591378,0.562422,0.084792,0.014863,0.944143,1.282579,0.948292,0.915208,0.0,0.0,1.0,0.0,1.361333,149.256833,4.0,1,2
0.001396,0.093045,0.001836,0.583478,0.607098,0.531168,0.093074,0.018789,0.784826,1.089249,0.673967,0.906926,0.0,0.0,1.0,0.0,2.181333,124.509508,4.0,1,2
0.044676,0.068331,-0.041137,0.581907,0.598609,0.542714,0.091419,0.020355,0.743722,0.993231,0.679667,0.908581,0.0,0.0,1.0,0.0,2.991333,111.283012,3.0,0,2
0.082073,0.042308,-0.036231,0.60795,0.571599,0.541926,0.09919,0.019554,0.937461,0.818725,0.662284,0.90081,0.0,0.0,1.0,0.0,3.801333,51.389029,1.0,0,2
0.059448,0.005273,-0.024476,0.505658,0.453839,0.461903,0.064505,0.013334,1.123333,0.752535,0.77029,0.935495,0.0,0.0,1.0,0.0,4.651333,50.76769,1.0,0,2
0.031268,0.000722,-0.000544,0.358647,0.299709,0.299664,0.031281,0.009351,1.362466,0.704527,0.772325,0.968719,0.0,0.0,1.0,0.0,5.391333,23.669835,0.0,1,2
