mean_x,mean_y,mean_z,std_x,std_y,std_z,R,log_rmsW,rX_ratio,rY_ratio,rZ_ratio,psi,elev_normalized,elev_sin,elev_cos,is_synthetic,time_s,azimuth_deg,az_sector,elev_class,psi_cls
-0.087389,0.036082,0.01393,0.583048,0.592892,0.547079,0.095565,0.015987,0.881932,0.871191,0.734015,0.904435,0.0,0.0,1.0,0.0,0.471333,-173.043771,6.0,1,2
-0.049449,0.061084,-0.005755,0.566141,0.601656,0.557828,0.078801,0.014233,0.933601,1.326801,0.883942,0.921199,0.0,0.0,1.0,0.0,1.181333,144.892517,4.0,1,2
-0.014685,0.081131,-0.00547,0.560238,0.617064,0.546274,0.082631,0.0147,0.809896,1.344062,0.822663,0.917369,0.0,0.0,1.0,0.0,1.991333,129.169564,4.0,1,2
0.026392,0.059883,-0.026888,0.558138,0.618988,0.547894,0.070749,0.016458,0.672894,1.189651,0.711764,0.929251,0.0,0.0,1.0,0.0,2.781333,108.270712,3.0,0,2
0.108138,0.071256,-0.009304,0.593429,0.578188,0.544549,0.129838,0.019685,1.090758,0.861061,0.674825,0.870162,0.0,0.0,1.0,0.0,3.581333,82.558911,2.0,0,2
0.106466,0.044257,-0.006573,0.548042,0.502657,0.497038,0.115485,0.018003,1.167017,0.786436,0.680209,0.884515,0.0,0.0,1.0,0.0,4.381333,51.775735,1.0,0,2
0.08304,0.038477,0.003883,0.416151,0.335739,0.337891,0.091603,0.01297,1.473257,0.706359,0.69336,0.908397,0.0,0.0,1.0,0.0,5.191333,29.594423,0.0,1,2
