mean_x,mean_y,mean_z,std_x,std_y,std_z,R,log_rmsW,rX_ratio,rY_ratio,rZ_ratio,psi,elev_normalized,elev_sin,elev_cos,is_synthetic,time_s,azimuth_deg,az_sector,elev_class,psi_cls
0.313535,0.274209,0.0,0.362121,0.332096,0.0,0.416527,0.021637,0.715561,0.584402,0.0,0.583473,0.0,0.0,1.0,1.0,0.951333,67.499999,2.0,0,0
0.428904,0.171447,0.0,0.425494,0.256473,0.0,0.461901,0.021603,0.827043,0.411769,0.0,0.538099,0.0,0.0,1.0,1.0,1.681333,44.999998,1.0,0,0
0.505027,-0.010855,0.0,0.443314,0.225704,0.0,0.505144,0.024754,0.86777,0.317063,0.0,0.494856,0.0,0.0,1.0,1.0,2.481333,22.499999,0.0,0,0
0.475065,-0.200293,0.0,0.414085,0.2587,0.0,0.515562,0.024447,0.809057,0.446071,0.0,0.484438,0.0,0.0,1.0,1.0,3.271333,0.0,0.0,0,0
0.348574,-0.349106,0.0,0.338875,0.336304,0.0,0.493335,0.024097,0.632222,0.673683,0.0,0.506665,0.0,0.0,1.0,1.0,4.141333,-22.500006,11.0,0,0
0.184739,-0.279308,0.0,0.252006,0.360606,0.0,0.334875,0.019742,0.505294,0.773454,0.0,0.665125,0.0,0.0,1.0,1.0,4.881333,-45.000002,10.0,0,0
0.051622,-0.125878,0.0,0.120694,0.291994,0.0,0.136051,0.011225,0.353553,0.853553,0.0,0.863949,0.0,0.0,1.0,1.0,5.741333,-67.500002,9.0,0,2
