mean_x,mean_y,mean_z,std_x,std_y,std_z,R,log_rmsW,rX_ratio,rY_ratio,rZ_ratio,psi,elev_normalized,elev_sin,elev_cos,is_synthetic,time_s,azimuth_deg,az_sector,elev_class,psi_cls
-0.168483,-0.333488,0.0,0.257903,0.393462,0.0,0.373632,0.018461,0.536486,0.752154,0.0,0.626368,0.0,0.0,1.0,1.0,0.671333,-90.0,9.0,0,0
-0.342547,-0.323283,0.0,0.364149,0.343777,0.0,0.47101,0.022775,0.705087,0.596998,0.0,0.52899,0.0,0.0,1.0,1.0,1.291333,-112.500002,8.0,0,0
-0.437262,-0.174325,0.0,0.431333,0.255752,0.0,0.47073,0.022626,0.809747,0.444817,0.0,0.52927,0.0,0.0,1.0,1.0,2.081333,-135.000002,7.0,0,0
-0.466393,0.00145,0.0,0.446192,0.213145,0.0,0.466395,0.020171,0.874272,0.298666,0.0,0.533605,0.0,0.0,1.0,1.0,2.931333,-157.500002,6.0,0,0
-0.450726,0.20464,0.0,0.418396,0.279765,0.0,0.495006,0.020218,0.805713,0.452083,0.0,0.504994,0.0,0.0,1.0,1.0,3.681333,180.0,6.0,0,0
-0.367767,0.373663,0.0,0.34481,0.347473,0.0,0.524287,0.021754,0.641203,0.665141,0.0,0.475713,0.0,0.0,1.0,1.0,4.481333,157.5,5.0,0,0
-0.21514,0.46604,0.0,0.273069,0.414887,0.0,0.513301,0.022024,0.396553,0.834445,0.0,0.486699,0.0,0.0,1.0,1.0,5.281333,134.999998,4.0,0,0
-0.064028,0.312037,0.0,0.136789,0.435722,0.0,0.318538,0.018429,0.240577,0.892007,0.0,0.681462,0.0,0.0,1.0,1.0,6.081333,112.499999,3.0,0,0
0.0,0.146587,0.0,0.0,0.349401,0.0,0.146587,0.012371,0.0,0.92388,0.0,0.853413,0.0,0.0,1.0,1.0,6.891333,90.0,3.0,0,2
