mean_x,mean_y,mean_z,std_x,std_y,std_z,R,log_rmsW,rX_ratio,rY_ratio,rZ_ratio,psi,elev_normalized,elev_sin,elev_cos,is_synthetic,time_s,azimuth_deg,az_sector,elev_class,psi_cls
0.047605,-0.122171,-0.006781,0.629581,0.553838,0.528694,0.131294,0.02358,0.60227,0.486653,0.377074,0.868706,0.444444,0.642788,0.766044,0.0,0.351333,-20.160908,11.0,0,2
0.018971,-0.143146,-0.003003,0.619559,0.561423,0.529135,0.144429,0.024523,0.629188,0.748251,0.4427,0.855571,0.444444,0.642788,0.766044,0.0,1.101333,-16.97606,11.0,1,2
0.00441,-0.142105,0.016769,0.59373,0.566126,0.553521,0.143159,0.023229,0.746256,0.936581,0.742051,0.856841,0.444444,0.642788,0.766044,0.0,1.961333,-140.707296,7.0,1,2
-0.043406,-0.145703,0.012939,0.567646,0.587996,0.555568,0.152581,0.020711,0.827752,1.190511,0.892046,0.847419,0.444444,0.642788,0.766044,0.0,2.711333,-75.47792,9.0,1,2
-0.053074,-0.127587,0.000548,0.585812,0.588228,0.539981,0.138187,0.016486,0.841651,1.219644,0.768398,0.861813,0.444444,0.642788,0.766044,0.0,3.601333,-87.147985,9.0,1,2
-0.087405,-0.114797,-0.01107,0.602265,0.582054,0.526671,0.144709,0.014801,1.013763,1.30419,0.856477,0.855291,0.444444,0.642788,0.766044,0.0,4.261333,-104.479198,8.0,0,2
-0.065453,-0.05918,-0.001124,0.606663,0.57095,0.545947,0.088248,0.012731,1.247528,1.032856,1.000085,0.911752,0.444444,0.642788,0.766044,0.0,5.051333,-127.078468,7.0,1,2
-0.043838,-0.030751,0.007528,0.587187,0.586901,0.554653,0.054075,0.008938,1.294146,1.098654,1.105271,0.945925,0.444444,0.642788,0.766044,0.0,5.951333,-125.455609,7.0,1,2
