mean_x,mean_y,mean_z,std_x,std_y,std_z,R,log_rmsW,rX_ratio,rY_ratio,rZ_ratio,psi,elev_normalized,elev_sin,elev_cos,is_synthetic,time_s,azimuth_deg,az_sector,elev_class,psi_cls
0.311536,0.30205,0.0,0.357658,0.346303,0.0,0.433923,0.019161,0.645171,0.661293,0.0,0.566077,0.0,0.0,1.0,1.0,0.571333,67.499998,2.0,0,0
0.435225,0.169174,0.0,0.43107,0.256061,0.0,0.466948,0.022165,0.841257,0.38189,0.0,0.533052,0.0,0.0,1.0,1.0,1.351333,44.999997,1.0,0,0
0.484402,-0.00941,0.0,0.454393,0.214286,0.0,0.484494,0.023881,0.885643,0.263041,0.0,0.515506,0.0,0.0,1.0,1.0,2.141333,22.500001,0.0,0,0
0.46322,-0.199623,0.0,0.413974,0.265868,0.0,0.504403,0.025476,0.814786,0.43552,0.0,0.495597,0.0,0.0,1.0,1.0,2.961333,0.0,0.0,0,0
0.354187,-0.375697,0.0,0.332099,0.350904,0.0,0.51633,0.024279,0.639291,0.666978,0.0,0.48367,0.0,0.0,1.0,1.0,3.781333,-22.500003,11.0,0,0
0.178105,-0.289696,0.0,0.240747,0.369977,0.0,0.340067,0.017313,0.471288,0.794633,0.0,0.659933,0.0,0.0,1.0,1.0,4.631333,-45.000003,10.0,0,0
0.068974,-0.166582,0.0,0.136619,0.329418,0.0,0.180297,0.010963,0.353553,0.853552,0.0,0.819703,0.0,0.0,1.0,1.0,5.391333,-67.500003,9.0,0,1
