mean_x,mean_y,mean_z,std_x,std_y,std_z,R,log_rmsW,rX_ratio,rY_ratio,rZ_ratio,psi,elev_normalized,elev_sin,elev_cos,is_synthetic,time_s,azimuth_deg,az_sector,elev_class,psi_cls
0.079983,-0.118584,-0.025662,0.610042,0.558142,0.543218,0.14532,0.02092,0.745967,0.673778,0.634035,0.85468,0.0,0.0,1.0,0.0,1.161333,-43.665843,10.0,0,2
0.033899,-0.096234,-0.032769,0.594297,0.568891,0.558187,0.107163,0.021597,0.836551,0.918177,0.961404,0.892837,0.0,0.0,1.0,0.0,1.971333,165.375101,5.0,0,2
-0.017392,-0.112792,-0.009883,0.580962,0.582443,0.556796,0.114552,0.022812,0.834617,0.971804,0.927586,0.885448,0.0,0.0,1.0,0.0,2.751333,-69.730978,9.0,0,2
-0.060305,-0.132857,0.022936,0.56813,0.613719,0.527859,0.147695,0.019718,0.643176,1.000378,0.535912,0.852305,0.0,0.0,1.0,0.0,3.741333,-88.40547,9.0,2,2
-0.082539,-0.125439,0.05969,0.570118,0.624087,0.509154,0.161588,0.019326,0.681105,0.983869,0.464937,0.838412,0.0,0.0,1.0,0.0,4.461333,-104.462302,8.0,2,1
-0.07913,-0.114351,0.053874,0.577327,0.620582,0.509137,0.149131,0.019021,0.791856,0.969188,0.5268,0.850869,0.0,0.0,1.0,0.0,5.141333,-110.989327,8.0,2,2
-0.085365,-0.018566,0.03427,0.59018,0.617584,0.511198,0.093842,0.013369,0.984402,0.864091,0.584539,0.906158,0.0,0.0,1.0,0.0,5.941333,-142.444954,7.0,2,2
-0.044258,0.009273,0.013155,0.468804,0.494138,0.414653,0.047094,0.00749,1.14792,0.845725,0.759071,0.952906,0.0,0.0,1.0,0.0,6.731333,-171.600667,6.0,1,2
