mean_x,mean_y,mean_z,std_x,std_y,std_z,R,log_rmsW,rX_ratio,rY_ratio,rZ_ratio,psi,elev_normalized,elev_sin,elev_cos,is_synthetic,time_s,azimuth_deg,az_sector,elev_class,psi_cls
-0.081225,0.065804,0.007733,0.590847,0.578729,0.552132,0.104821,0.017115,0.721577,0.731302,0.636588,0.895179,0.833333,0.965926,0.258819,0.0,0.671333,155.590124,5.0,1,2
-0.040968,0.081616,-0.003402,0.591026,0.57541,0.55781,0.091384,0.017589,0.969677,0.927799,0.881263,0.908616,0.833333,0.965926,0.258819,0.0,1.421333,144.667124,4.0,1,2
-0.031812,0.06978,0.005397,0.597597,0.573034,0.555454,0.076878,0.018169,0.911326,0.838885,0.806349,0.923122,0.833333,0.965926,0.258819,0.0,2.231333,122.90575,4.0,1,2
0.037718,0.023249,0.010871,0.603476,0.56915,0.556538,0.045622,0.021183,0.862921,0.748521,0.741099,0.954378,0.833333,0.965926,0.258819,0.0,3.031333,107.733457,3.0,1,2
0.05013,-0.021062,0.03099,0.625167,0.558623,0.54137,0.062586,0.024245,0.715624,0.58379,0.531801,0.937414,0.833333,0.965926,0.258819,0.0,3.871333,69.535514,2.0,2,2
0.034892,-0.011737,0.020252,0.515323,0.441612,0.432769,0.042017,0.019587,0.694243,0.537471,0.483202,0.957983,0.833333,0.965926,0.258819,0.0,4.711333,22.113679,0.0,1,2
-0.006002,0.004043,-0.000455,0.327279,0.285087,0.276142,0.007251,0.012334,0.701246,0.546853,0.454731,0.992749,0.833333,0.965926,0.258819,0.0,5.481333,12.570641,0.0,1,2
