mean_x,mean_y,mean_z,std_x,std_y,std_z,R,log_rmsW,rX_ratio,rY_ratio,rZ_ratio,psi,elev_normalized,elev_sin,elev_cos,is_synthetic,time_s,azimuth_deg,az_sector,elev_class,psi_cls
0.048866,-0.072563,0.012426,0.584199,0.593448,0.546494,0.08836,0.014796,0.754318,0.840868,0.694523,0.91164,0.833333,0.965926,0.258819,0.0,0.651333,-21.395859,11.0,1,2
0.06808,-0.061742,0.016589,0.592666,0.596471,0.53308,0.093393,0.019312,1.042281,0.988349,0.962756,0.906607,0.833333,0.965926,0.258819,0.0,1.461333,-18.220814,11.0,1,2
0.029578,-0.03979,0.021026,0.580397,0.594447,0.553858,0.053853,0.018945,1.163728,1.071681,1.086976,0.946147,0.833333,0.965926,0.258819,0.0,2.271333,-66.400412,9.0,1,2
-0.018017,-0.018238,-0.010074,0.608513,0.568463,0.552889,0.027545,0.015146,1.175117,0.970374,1.087247,0.972455,0.833333,0.965926,0.258819,0.0,3.101333,-59.095743,10.0,0,2
-0.072514,-0.059876,-0.019729,0.604042,0.56433,0.554385,0.096086,0.015296,1.017962,0.891386,0.968232,0.903914,0.833333,0.965926,0.258819,0.0,3.791333,-74.11841,9.0,0,2
-0.183515,-0.044997,-0.025276,0.60649,0.55323,0.538216,0.190634,0.018495,0.728789,0.655764,0.724516,0.809366,0.833333,0.965926,0.258819,0.0,4.641333,-158.698584,6.0,0,1
-0.172827,-0.016209,-0.012416,0.601891,0.563847,0.537951,0.174029,0.018032,0.662577,0.63838,0.656731,0.825971,0.833333,0.965926,0.258819,0.0,5.381333,-96.579325,8.0,0,1
-0.089758,0.021542,-0.00971,0.582487,0.544523,0.510018,0.092816,0.013719,0.662001,0.602772,0.674091,0.907184,0.833333,0.965926,0.258819,0.0,6.201333,-151.336924,6.0,0,2
0.000816,0.007041,-0.007939,0.43915,0.421494,0.385991,0.010643,0.006387,0.730304,0.704725,0.503887,0.989357,0.833333,0.965926,0.258819,0.0,6.971333,-162.306023,6.0,0,2
