mean_x,mean_y,mean_z,std_x,std_y,std_z,R,log_rmsW,rX_ratio,rY_ratio,rZ_ratio,psi,elev_normalized,elev_sin,elev_cos,is_synthetic,time_s,azimuth_deg,az_sector,elev_class,psi_cls
-0.080634,0.073945,0.013926,0.589162,0.584946,0.546275,0.11029,0.017988,0.793027,0.846413,0.648459,0.88971,0.444444,0.642788,0.766044,0.0,0.331333,136.350258,4.0,1,2
-0.060847,0.048984,0.01476,0.58111,0.601472,0.542264,0.079496,0.016813,0.819743,1.064243,0.725602,0.920504,0.444444,0.642788,0.766044,0.0,1.111333,147.632565,4.0,1,2
-0.012202,0.063117,0.000784,0.566391,0.610205,0.550036,0.06429,0.017579,0.615377,0.929947,0.552151,0.93571,0.444444,0.642788,0.766044,0.0,2.031333,137.824748,4.0,1,2
0.021327,0.079118,-0.009547,0.576742,0.601178,0.546754,0.082496,0.019214,0.715849,0.924206,0.571951,0.917504,0.444444,0.642788,0.766044,0.0,2.711333,104.212029,3.0,0,2
0.058568,0.069644,-0.005896,0.594049,0.581085,0.54861,0.091188,0.017599,0.828411,0.815561,0.648126,0.908812,0.444444,0.642788,0.766044,0.0,3.521333,77.820928,2.0,1,2
0.024399,0.024426,0.001682,0.536727,0.508334,0.495327,0.034565,0.012751,0.886584,0.76624,0.686369,0.965435,0.444444,0.642788,0.766044,0.0,4.421333,44.034913,1.0,1,2
0.00687,0.023261,0.008245,0.398785,0.381945,0.357079,0.025618,0.009699,0.837753,0.752445,0.697466,0.974382,0.444444,0.642788,0.766044,0.0,5.141333,35.630177,1.0,1,2
