mean_x,mean_y,mean_z,std_x,std_y,std_z,R,log_rmsW,rX_ratio,rY_ratio,rZ_ratio,psi,elev_normalized,elev_sin,elev_cos,is_synthetic,time_s,azimuth_deg,az_sector,elev_class,psi_cls
-0.052533,0.048949,-0.036216,0.601373,0.608052,0.511857,0.080419,0.026105,0.628654,0.681568,0.370068,0.919581,0.444444,0.642788,0.766044,0.0,0.901333,166.713125,5.0,0,2
-0.042071,0.045812,-0.0173,0.575047,0.619826,0.529901,0.06456,0.024691,0.56206,0.778973,0.414106,0.93544,0.444444,0.642788,0.766044,0.0,1.681333,-12.738662,11.0,0,2
-0.01812,0.064118,-0.012009,0.564257,0.620978,0.53967,0.067703,0.019715,0.698743,1.02441,0.629522,0.932297,0.444444,0.642788,0.766044,0.0,2.481333,126.895927,4.0,0,2
0.055461,0.019908,-0.009721,0.564634,0.614805,0.547226,0.059722,0.013662,1.103154,1.327597,0.943808,0.940278,0.444444,0.642788,0.766044,0.0,3.221333,105.736821,3.0,0,2
0.104923,0.003392,-0.042727,0.583847,0.592408,0.543299,0.11334,0.013452,1.206929,1.111383,0.885985,0.88666,0.444444,0.642788,0.766044,0.0,4.071333,73.062998,2.0,0,2
0.085023,-0.013562,-0.041021,0.526718,0.548553,0.476032,0.095371,0.010423,1.276162,0.994122,0.843806,0.904629,0.444444,0.642788,0.766044,0.0,4.881333,0.31231,0.0,0,2
0.023002,-0.018128,-0.020939,0.37265,0.379779,0.338711,0.036003,0.006064,1.242673,0.755091,0.674607,0.963997,0.444444,0.642788,0.766044,0.0,5.711333,21.127212,0.0,0,2
