mean_x,mean_y,mean_z,std_x,std_y,std_z,R,log_rmsW,rX_ratio,rY_ratio,rZ_ratio,psi,elev_normalized,elev_sin,elev_cos,is_synthetic,time_s,azimuth_deg,az_sector,elev_class,psi_cls
0.301174,0.305376,0.0,0.356234,0.341542,0.0,0.428905,0.02388,0.694228,0.609591,0.0,0.571095,0.0,0.0,1.0,1.0,1.111333,67.499997,2.0,0,0
0.424517,0.156841,0.0,0.437761,0.257386,0.0,0.452563,0.025992,0.849769,0.362555,0.0,0.547437,0.0,0.0,1.0,1.0,1.841333,44.999998,1.0,0,0
0.466426,-0.005839,0.0,0.456067,0.205682,0.0,0.466463,0.024891,0.886523,0.260058,0.0,0.533537,0.0,0.0,1.0,1.0,2.641333,22.499999,0.0,0,0
0.44047,-0.168972,0.0,0.42592,0.261267,0.0,0.471769,0.022885,0.834417,0.396612,0.0,0.528231,0.0,0.0,1.0,1.0,3.441333,0.0,0.0,0,0
0.314577,-0.326878,0.0,0.350566,0.359454,0.0,0.453661,0.021115,0.598456,0.703849,0.0,0.546339,0.0,0.0,1.0,1.0,4.241333,-22.500004,11.0,0,0
0.14791,-0.241443,0.0,0.237478,0.368831,0.0,0.283147,0.016123,0.449432,0.807195,0.0,0.716853,0.0,0.0,1.0,1.0,5.111333,-45.000006,10.0,0,0
0.059494,-0.144278,0.0,0.134694,0.324796,0.0,0.156064,0.012215,0.353553,0.853553,0.0,0.843936,0.0,0.0,1.0,1.0,5.861333,-67.500005,9.0,0,1
