mean_x,mean_y,mean_z,std_x,std_y,std_z,R,log_rmsW,rX_ratio,rY_ratio,rZ_ratio,psi,elev_normalized,elev_sin,elev_cos,is_synthetic,time_s,azimuth_deg,az_sector,elev_class,psi_cls
-0.076023,0.130452,0.04727,0.581271,0.573964,0.554668,0.158214,0.022727,0.737058,0.786304,0.687434,0.841786,0.833333,0.965926,0.258819,0.0,1.081333,143.290834,4.0,2,1
-0.055947,0.090463,0.042303,0.583078,0.590812,0.545764,0.114469,0.017661,0.625166,0.809605,0.667069,0.885531,0.833333,0.965926,0.258819,0.0,1.421333,8.909106,0.0,2,2
-0.008818,0.078566,0.072621,0.555881,0.626998,0.535113,0.107351,0.02,0.595685,1.014333,0.750447,0.892649,0.833333,0.965926,0.258819,0.0,1.861333,131.598222,4.0,2,2
0.020501,0.056384,0.027949,0.560541,0.620914,0.543947,0.066186,0.022246,0.691487,1.112316,0.820608,0.933814,0.833333,0.965926,0.258819,0.0,2.661333,110.865413,3.0,2,2
0.003133,0.044776,-0.055892,0.541051,0.655229,0.522303,0.071684,0.01936,0.72946,1.180199,0.816214,0.928316,0.833333,0.965926,0.258819,0.0,3.521333,81.417798,2.0,0,2
-0.008208,-0.026156,-0.050296,0.428466,0.548925,0.419869,0.057281,0.013837,0.574008,0.990846,0.553418,0.942719,0.833333,0.965926,0.258819,0.0,4.431333,69.312148,2.0,0,2
-0.029371,-0.029629,-0.053469,0.395504,0.496352,0.383516,0.067819,0.006745,0.741753,0.957292,0.606231,0.932181,0.833333,0.965926,0.258819,0.0,4.651333,-92.146581,8.0,0,2
