mean_x,mean_y,mean_z,std_x,std_y,std_z,R,log_rmsW,rX_ratio,rY_ratio,rZ_ratio,psi,elev_normalized,elev_sin,elev_cos,is_synthetic,time_s,azimuth_deg,az_sector,elev_class,psi_cls
0.013532,-0.19716,0.011615,0.564505,0.582123,0.550706,0.197964,0.037327,0.399501,0.642543,0.409329,0.802036,0.444444,0.642788,0.766044,0.0,1.281333,76.571902,2.0,1,1
-0.089532,-0.280416,0.011463,0.534215,0.569995,0.550399,0.294585,0.037182,0.404048,0.67433,0.397501,0.705415,0.444444,0.642788,0.766044,0.0,2.111333,-96.166819,8.0,1,0
-0.087208,-0.337082,0.005242,0.562064,0.543989,0.516616,0.34822,0.041029,0.375551,0.668234,0.321643,0.65178,0.444444,0.642788,0.766044,0.0,2.931333,-118.913525,8.0,1,0
-0.145008,-0.347824,-0.011675,0.575393,0.541386,0.483393,0.377022,0.032343,0.447412,0.745512,0.309429,0.622978,0.444444,0.642788,0.766044,0.0,3.701333,-61.859408,9.0,0,0
-0.218577,-0.269058,-0.009866,0.559248,0.577282,0.483438,0.346793,0.031747,0.590632,0.663024,0.336466,0.653207,0.444444,0.642788,0.766044,0.0,4.491333,-87.03974,9.0,0,0
-0.208638,-0.237949,0.001349,0.579754,0.577116,0.480271,0.316467,0.022517,0.767665,0.572202,0.393826,0.683533,0.444444,0.642788,0.766044,0.0,4.721333,-86.318636,9.0,1,0
-0.171442,-0.097111,0.040959,0.544157,0.516456,0.38256,0.201248,0.024737,0.830649,0.472557,0.343188,0.798752,0.444444,0.642788,0.766044,0.0,6.011333,-150.527169,6.0,2,1
-0.127899,-0.073463,0.046266,0.508941,0.483638,0.343313,0.154581,0.020844,0.815775,0.43778,0.313835,0.845419,0.444444,0.642788,0.766044,0.0,6.241333,-149.242163,7.0,2,1
-0.045745,-0.01965,0.023301,0.315942,0.3481,0.235948,0.05497,0.011815,0.801242,0.469034,0.308467,0.94503,0.444444,0.642788,0.766044,0.0,6.951333,-160.229475,6.0,2,2
