mean_x,mean_y,mean_z,std_x,std_y,std_z,R,log_rmsW,rX_ratio,rY_ratio,rZ_ratio,psi,elev_normalized,elev_sin,elev_cos,is_synthetic,time_s,azimuth_deg,az_sector,elev_class,psi_cls
0.133483,-0.06261,0.001628,0.627232,0.527749,0.553462,0.147446,0.016898,0.795593,0.710061,0.794393,0.852554,0.833333,0.965926,0.258819,0.0,0.551333,-32.269797,10.0,1,2
0.015371,-0.066547,0.010088,0.609084,0.539654,0.577072,0.06904,0.021064,0.798841,0.769497,0.794526,0.93096,0.833333,0.965926,0.258819,0.0,1.171333,-78.268051,9.0,1,2
0.049096,-0.082441,0.006048,0.636638,0.522395,0.559053,0.096144,0.023667,0.746254,0.753014,0.728534,0.903856,0.833333,0.965926,0.258819,0.0,1.891333,-47.113675,10.0,1,2
0.061185,-0.161554,0.016885,0.630556,0.543334,0.526363,0.173576,0.026456,0.76974,0.806165,0.645399,0.826424,0.833333,0.965926,0.258819,0.0,2.801333,-76.888486,9.0,1,1
0.032013,-0.138705,0.011241,0.592718,0.599129,0.518979,0.142794,0.028144,0.684487,0.749693,0.577013,0.857206,0.833333,0.965926,0.258819,0.0,3.521333,-93.540877,8.0,1,2
-0.034932,-0.160587,0.012827,0.572869,0.617917,0.512667,0.164842,0.026508,0.717037,0.705681,0.57633,0.835158,0.833333,0.965926,0.258819,0.0,4.351333,-111.827325,8.0,1,1
0.033131,-0.080837,-0.012259,0.654877,0.550731,0.50995,0.088219,0.025647,0.836925,0.426453,0.585563,0.911781,0.833333,0.965926,0.258819,0.0,5.331333,-118.609393,8.0,0,2
0.018582,-0.013829,-0.025495,0.644684,0.506761,0.494784,0.034446,0.021795,0.941774,0.348718,0.608823,0.965554,0.833333,0.965926,0.258819,0.0,5.921333,-166.320066,6.0,0,2
0.068344,-0.005496,-0.03042,0.45383,0.324092,0.395976,0.07501,0.014146,0.860127,0.2057,0.625255,0.92499,0.833333,0.965926,0.258819,0.0,6.811333,159.199686,5.0,0,2
