mean_x,mean_y,mean_z,std_x,std_y,std_z,R,log_rmsW,rX_ratio,rY_ratio,rZ_ratio,psi,elev_normalized,elev_sin,elev_cos,is_synthetic,time_s,azimuth_deg,az_sector,elev_class,psi_cls
-0.047124,0.0466,-0.097792,0.630424,0.542782,0.542214,0.118134,0.021687,0.423002,0.309,0.35815,0.881866,0.0,0.0,1.0,0.0,0.501333,-65.470698,9.0,0,2
0.023528,0.02438,-0.11498,0.615561,0.550969,0.550588,0.119868,0.019999,0.407149,0.325488,0.38078,0.880132,0.0,0.0,1.0,0.0,1.431333,-148.689626,7.0,0,2
0.0642,0.019238,-0.091697,0.630584,0.531616,0.553937,0.113579,0.019439,0.508271,0.402827,0.397838,0.886421,0.0,0.0,1.0,0.0,2.071333,118.350451,3.0,0,2
0.064385,-0.014388,-0.077124,0.645987,0.529428,0.540466,0.101492,0.016119,0.530782,0.432733,0.404658,0.898508,0.0,0.0,1.0,0.0,2.321333,7.02189,0.0,0,2
0.191757,-0.059433,-0.057407,0.670875,0.552456,0.448464,0.208802,0.024166,0.488102,0.366956,0.245401,0.791198,0.0,0.0,1.0,0.0,3.051333,20.892339,0.0,0,1
0.141507,-0.10929,-0.094129,0.683932,0.580148,0.393492,0.202061,0.024408,0.531543,0.370048,0.228445,0.797939,0.0,0.0,1.0,0.0,3.641333,23.023655,0.0,0,1
0.100116,-0.132096,-0.081989,0.677746,0.54939,0.379345,0.184918,0.022518,0.505455,0.334123,0.170847,0.815082,0.0,0.0,1.0,0.0,3.881333,-140.724619,7.0,0,1
0.07893,-0.107697,-0.066785,0.556023,0.478326,0.281104,0.149295,0.018328,0.578156,0.368709,0.175042,0.850705,0.0,0.0,1.0,0.0,4.481333,-17.407502,11.0,0,2
-0.01318,0.023202,-0.035918,0.28862,0.238763,0.227934,0.044745,0.005055,0.72632,0.478262,0.390234,0.955255,0.0,0.0,1.0,0.0,5.371333,-5.92802,11.0,0,2
