mean_x,mean_y,mean_z,std_x,std_y,std_z,R,log_rmsW,rX_ratio,rY_ratio,rZ_ratio,psi,elev_normalized,elev_sin,elev_cos,is_synthetic,time_s,azimuth_deg,az_sector,elev_class,psi_cls
0.321617,0.115551,0.0,0.704438,0.622067,0.0,0.341745,0.027548,0.806592,0.564166,0.0,0.658255,0.0,0.0,1.0,1.0,1.061333,44.517388,1.0,0,0
0.298402,-0.035518,0.0,0.737343,0.604986,0.0,0.300509,0.029094,0.92249,0.36839,0.0,0.699491,0.0,0.0,1.0,1.0,1.851333,23.361745,0.0,0,0
0.280311,-0.111076,0.0,0.704844,0.642092,0.0,0.301517,0.029218,0.879479,0.478693,0.0,0.698483,0.0,0.0,1.0,1.0,2.671333,-0.070639,11.0,0,0
0.126705,-0.275362,0.0,0.706857,0.63912,0.0,0.303115,0.024559,0.793465,0.600252,0.0,0.696885,0.0,0.0,1.0,1.0,3.551333,-22.509927,11.0,0,0
-0.001203,-0.229475,0.0,0.574066,0.53115,0.0,0.229478,0.013443,0.606838,0.757985,0.0,0.770522,0.0,0.0,1.0,1.0,4.421333,-43.947596,10.0,0,0
-0.03876,-0.089839,0.0,0.327612,0.335305,0.0,0.097843,0.006445,0.346429,0.671781,0.0,0.902157,0.0,0.0,1.0,1.0,5.291333,-68.083875,9.0,0,2
