mean_x,mean_y,mean_z,std_x,std_y,std_z,R,log_rmsW,rX_ratio,rY_ratio,rZ_ratio,psi,elev_normalized,elev_sin,elev_cos,is_synthetic,time_s,azimuth_deg,az_sector,elev_class,psi_cls
-0.027507,0.032505,0.024365,0.609843,0.633597,0.473539,0.04906,0.024253,0.828629,1.012655,0.801236,0.95094,0.444444,0.642788,0.766044,0.0,1.271333,145.351251,4.0,2,2
0.034993,0.050079,0.106348,0.600574,0.658706,0.436319,0.122647,0.021101,0.657374,1.022741,0.58268,0.877353,0.444444,0.642788,0.766044,0.0,2.231333,150.056078,5.0,2,2
0.101449,0.121217,0.054839,0.577393,0.645083,0.47169,0.167311,0.019358,0.607969,1.056092,0.642215,0.832689,0.444444,0.642788,0.766044,0.0,2.781333,104.576306,3.0,2,1
0.083688,0.063717,0.045938,0.58803,0.650861,0.466289,0.114777,0.017527,0.606439,1.019724,0.612035,0.885223,0.444444,0.642788,0.766044,0.0,3.021333,-16.508503,11.0,2,2
0.049961,0.120598,0.000211,0.54609,0.652867,0.508439,0.130538,0.027588,0.397753,0.652352,0.39514,0.869462,0.444444,0.642788,0.766044,0.0,3.631333,104.450898,3.0,1,2
0.00632,0.071893,-0.087108,0.437916,0.52895,0.430797,0.113121,0.025062,0.329299,0.431809,0.31046,0.886879,0.444444,0.642788,0.766044,0.0,4.421333,48.344817,1.0,0,2
-0.013509,0.08648,-0.054385,0.243328,0.360962,0.273534,0.103049,0.022307,0.206427,0.406185,0.209813,0.896951,0.444444,0.642788,0.766044,0.0,5.211333,64.763775,2.0,0,2
-0.021669,0.037294,-0.024165,0.196561,0.269601,0.226222,0.04944,0.008359,0.213866,0.32695,0.243451,0.95056,0.444444,0.642788,0.766044,0.0,5.431333,78.224699,2.0,0,2
