mean_x,mean_y,mean_z,std_x,std_y,std_z,R,log_rmsW,rX_ratio,rY_ratio,rZ_ratio,psi,elev_normalized,elev_sin,elev_cos,is_synthetic,time_s,azimuth_deg,az_sector,elev_class,psi_cls
0.253052,0.016907,-0.241357,0.608808,0.565803,0.432023,0.350106,0.02827,0.61592,0.383917,0.312391,0.649894,0.0,0.0,1.0,0.0,0.291333,-21.029482,11.0,0,0
0.27673,-0.141597,-0.17127,0.554384,0.62489,0.419771,0.354913,0.027001,0.642579,0.731577,0.29214,0.645087,0.0,0.0,1.0,0.0,1.221333,68.687651,2.0,0,0
0.175991,-0.292552,-0.07186,0.563395,0.631303,0.40289,0.348889,0.024376,0.621704,0.831026,0.263955,0.651111,0.0,0.0,1.0,0.0,1.971333,-24.174452,11.0,0,0
-0.047827,-0.275819,-0.013231,0.568372,0.595836,0.493349,0.280248,0.018214,0.532737,0.629136,0.479006,0.719752,0.0,0.0,1.0,0.0,3.041333,-11.57072,11.0,0,0
-0.074788,-0.203863,-0.02434,0.608072,0.602209,0.468878,0.218508,0.021031,0.609342,0.766178,0.422152,0.781492,0.0,0.0,1.0,0.0,3.541333,-115.768857,8.0,0,1
-0.11193,-0.116282,-0.026564,0.60835,0.608497,0.482582,0.163571,0.021209,0.6006,0.700397,0.333321,0.836429,0.0,0.0,1.0,0.0,4.361333,-143.943135,7.0,0,1
-0.074705,-0.161334,-0.036784,0.647231,0.6039,0.428291,0.181556,0.019561,0.647936,0.715081,0.258126,0.818444,0.0,0.0,1.0,0.0,5.101333,-121.642516,7.0,0,1
-0.042572,-0.146374,-0.040898,0.651831,0.578768,0.424487,0.15783,0.01536,0.599473,0.455111,0.263001,0.84217,0.0,0.0,1.0,0.0,5.331333,-64.124755,9.0,0,1
-0.000326,-0.115603,-0.021655,0.55798,0.47437,0.353205,0.117614,0.013455,0.614795,0.449418,0.252101,0.882386,0.0,0.0,1.0,0.0,5.911333,-142.344717,7.0,0,2
