mean_x,mean_y,mean_z,std_x,std_y,std_z,R,log_rmsW,rX_ratio,rY_ratio,rZ_ratio,psi,elev_normalized,elev_sin,elev_cos,is_synthetic,time_s,azimuth_deg,az_sector,elev_class,psi_cls
0.11946,-0.091087,0.012549,0.583055,0.523759,0.602493,0.150748,0.023211,0.803096,0.800316,0.848689,0.849252,0.833333,0.965926,0.258819,0.0,0.211333,0.888095,0.0,1,2
0.083038,-0.089293,-0.003254,0.603663,0.507799,0.602372,0.12198,0.018594,0.754538,0.738023,0.832703,0.87802,0.833333,0.965926,0.258819,0.0,0.491333,21.897737,0.0,1,2
-0.005863,-0.202268,-0.009958,0.603969,0.543384,0.546726,0.202598,0.028596,0.667634,0.783275,0.644963,0.797402,0.833333,0.965926,0.258819,0.0,1.831333,-54.485801,10.0,0,1
-0.002884,-0.167025,-0.005903,0.61764,0.553658,0.532957,0.167155,0.026022,0.646327,0.761197,0.566378,0.832845,0.833333,0.965926,0.258819,0.0,2.081333,-75.29895,9.0,1,1
0.027462,-0.171806,0.01589,0.604567,0.565125,0.533486,0.174711,0.027465,0.497393,0.633926,0.473956,0.825289,0.833333,0.965926,0.258819,0.0,3.531333,-104.131187,8.0,1,1
0.068819,-0.082468,-0.021976,0.631263,0.533028,0.5526,0.109635,0.028522,0.674659,0.396027,0.522654,0.890365,0.833333,0.965926,0.258819,0.0,4.311333,-38.571984,10.0,0,2
-0.001888,-0.03873,-0.012325,0.650939,0.504168,0.566071,0.040687,0.030652,0.66639,0.337295,0.532604,0.959313,0.833333,0.965926,0.258819,0.0,5.041333,-123.129138,7.0,0,2
-0.002599,-0.004077,-0.01425,0.584892,0.440369,0.503175,0.015048,0.025006,0.613619,0.258788,0.518517,0.984952,0.833333,0.965926,0.258819,0.0,5.931333,151.478284,5.0,0,2
-0.060915,0.036418,0.010101,0.363033,0.336085,0.338452,0.071687,0.01176,0.551722,0.34978,0.464691,0.928313,0.833333,0.965926,0.258819,0.0,6.781333,176.444947,5.0,1,2
