mean_x,mean_y,mean_z,std_x,std_y,std_z,R,log_rmsW,rX_ratio,rY_ratio,rZ_ratio,psi,elev_normalized,elev_sin,elev_cos,is_synthetic,time_s,azimuth_deg,az_sector,elev_class,psi_cls
-0.079141,0.029777,-0.03805,0.601631,0.58969,0.530762,0.092724,0.027556,0.95794,0.840744,0.65433,0.907276,0.833333,0.965926,0.258819,0.0,1.241333,155.274377,5.0,0,2
-0.080527,0.059444,0.056433,0.544073,0.632107,0.539651,0.114903,0.033189,0.362809,0.559917,0.462945,0.885097,0.833333,0.965926,0.258819,0.0,2.201333,125.502169,4.0,2,2
-0.07328,0.055551,0.053563,0.533158,0.652525,0.527852,0.106419,0.033203,0.331633,0.579691,0.452705,0.893581,0.833333,0.965926,0.258819,0.0,2.811333,112.33655,3.0,2,2
-0.043423,-0.00182,0.046453,0.553969,0.657719,0.506435,0.063614,0.029361,0.347607,0.586053,0.446106,0.936386,0.833333,0.965926,0.258819,0.0,3.031333,63.879639,2.0,2,2
-0.05642,-0.029078,-0.036133,0.581052,0.644283,0.491878,0.073037,0.026162,0.525263,0.738599,0.457419,0.926963,0.833333,0.965926,0.258819,0.0,3.641333,95.332834,3.0,0,2
-0.016002,-0.063933,-0.074266,0.495442,0.526485,0.390167,0.099292,0.018723,0.682019,0.894631,0.508469,0.900708,0.833333,0.965926,0.258819,0.0,4.391333,72.147072,2.0,0,2
-0.038763,-0.04763,-0.065286,0.313777,0.355527,0.248694,0.08963,0.01206,0.793693,1.03425,0.481807,0.91037,0.833333,0.965926,0.258819,0.0,5.171333,69.419227,2.0,0,2
