mean_x,mean_y,mean_z,std_x,std_y,std_z,R,log_rmsW,rX_ratio,rY_ratio,rZ_ratio,psi,elev_normalized,elev_sin,elev_cos,is_synthetic,time_s,azimuth_deg,az_sector,elev_class,psi_cls
-0.18465,0.031068,0.026461,0.580267,0.587142,0.531773,0.189106,0.0304,0.599162,0.619397,0.472288,0.810894,0.833333,0.965926,0.258819,0.0,0.181333,144.24918,4.0,2,1
-0.158358,0.020294,0.017927,0.592523,0.565876,0.550345,0.160656,0.027392,0.573069,0.555677,0.498859,0.839344,0.833333,0.965926,0.258819,0.0,0.401333,161.390586,5.0,1,1
-0.148122,0.038502,0.031259,0.578221,0.574921,0.557419,0.156204,0.029088,0.592852,0.654936,0.607895,0.843796,0.833333,0.965926,0.258819,0.0,1.051333,146.730612,4.0,2,1
0.020224,0.080127,-0.045969,0.624124,0.54309,0.553696,0.094565,0.023228,0.681792,0.755167,0.68323,0.905435,0.833333,0.965926,0.258819,0.0,1.891333,139.289702,4.0,0,2
-0.008234,0.070672,-0.070549,0.591589,0.596184,0.53343,0.100197,0.020565,0.596298,0.859552,0.596789,0.899803,0.833333,0.965926,0.258819,0.0,2.631333,112.156904,3.0,0,2
-0.002801,-0.000155,-0.034584,0.568296,0.582959,0.520225,0.034698,0.012948,0.559453,0.983772,0.569597,0.965302,0.833333,0.965926,0.258819,0.0,3.641333,83.446332,2.0,0,2
0.013551,-0.014322,-0.009875,0.484808,0.498165,0.407365,0.022051,0.008846,0.727197,1.342534,0.668951,0.977949,0.833333,0.965926,0.258819,0.0,4.211333,74.389027,2.0,0,2
