mean_x,mean_y,mean_z,std_x,std_y,std_z,R,log_rmsW,rX_ratio,rY_ratio,rZ_ratio,psi,elev_normalized,elev_sin,elev_cos,is_synthetic,time_s,azimuth_deg,az_sector,elev_class,psi_cls
-0.22131,0.098683,0.046243,0.535933,0.597997,0.542513,0.246688,0.030242,1.016558,0.688478,0.580314,0.753312,0.833333,0.965926,0.258819,0.0,0.531333,163.810587,5.0,2,0
-0.179407,0.104895,0.030366,0.542913,0.620762,0.525155,0.210029,0.030571,1.025397,0.845394,0.607462,0.789971,0.833333,0.965926,0.258819,0.0,1.381333,148.661758,4.0,2,1
-0.104691,0.035462,0.009428,0.537288,0.653026,0.522083,0.110936,0.025135,1.215053,1.013729,0.698014,0.889064,0.833333,0.965926,0.258819,0.0,1.611333,175.470107,5.0,1,2
-0.042904,0.146744,-0.042218,0.48339,0.616622,0.600795,0.158609,0.030726,0.431499,0.669886,0.536426,0.841391,0.833333,0.965926,0.258819,0.0,2.361333,130.517131,4.0,0,1
-0.030719,0.163798,-0.053947,0.498552,0.604144,0.596466,0.175168,0.030797,0.459019,0.6892,0.528467,0.824832,0.833333,0.965926,0.258819,0.0,3.041333,118.554215,3.0,0,1
0.018745,0.053434,0.003554,0.571058,0.603514,0.553574,0.056738,0.024419,0.5038,0.60451,0.495649,0.943262,0.833333,0.965926,0.258819,0.0,3.851333,107.34249,3.0,1,2
0.01309,-0.045382,0.045669,0.520028,0.554379,0.402689,0.0657,0.019366,0.603842,0.71624,0.483344,0.9343,0.833333,0.965926,0.258819,0.0,4.521333,60.121237,2.0,2,2
0.009142,-0.073183,0.057046,0.483534,0.491034,0.361425,0.093239,0.015859,0.565733,0.502743,0.463061,0.906761,0.833333,0.965926,0.258819,0.0,4.781333,-30.75268,10.0,2,2
-0.006445,-0.045757,0.054356,0.361961,0.37953,0.253162,0.071343,0.014036,0.543609,0.471686,0.439411,0.928657,0.833333,0.965926,0.258819,0.0,5.321333,30.56096,1.0,2,2
