mean_x,mean_y,mean_z,std_x,std_y,std_z,R,log_rmsW,rX_ratio,rY_ratio,rZ_ratio,psi,elev_normalized,elev_sin,elev_cos,is_synthetic,time_s,azimuth_deg,az_sector,elev_class,psi_cls
0.001508,-0.075987,0.076736,0.5803,0.555506,0.585654,0.108003,0.022532,0.808909,0.776651,0.886275,0.891997,0.833333,0.965926,0.258819,0.0,0.281333,54.397482,1.0,2,2
0.063082,-0.147156,-0.017868,0.568218,0.533509,0.605428,0.161101,0.021214,0.771261,0.820358,0.919674,0.838899,0.833333,0.965926,0.258819,0.0,1.181333,-123.274953,7.0,0,1
0.067113,-0.140776,-0.086746,0.586729,0.522875,0.592034,0.178457,0.017876,0.824385,0.856225,0.986168,0.821543,0.833333,0.965926,0.258819,0.0,1.401333,-142.410512,7.0,0,1
0.044104,-0.19301,-0.112112,0.57517,0.529541,0.580515,0.227524,0.023359,0.664333,0.857889,0.804794,0.772476,0.833333,0.965926,0.258819,0.0,1.851333,-55.477838,10.0,0,0
0.015861,-0.237792,-0.094277,0.579455,0.563835,0.529742,0.256291,0.022498,0.870015,0.938339,0.764062,0.743709,0.833333,0.965926,0.258819,0.0,2.761333,-54.138021,10.0,0,0
-0.032114,-0.259637,-0.032599,0.574693,0.579966,0.513665,0.263639,0.028204,0.735678,0.811445,0.625271,0.736361,0.833333,0.965926,0.258819,0.0,3.431333,-93.065737,8.0,0,0
0.014433,-0.215765,-0.015962,0.615669,0.563348,0.506521,0.216835,0.025233,0.667929,0.666042,0.550854,0.783165,0.833333,0.965926,0.258819,0.0,4.381333,-118.473118,8.0,0,1
0.013238,-0.139617,-0.013717,0.666281,0.549383,0.484139,0.140913,0.021473,0.743491,0.654035,0.525048,0.859087,0.833333,0.965926,0.258819,0.0,5.131333,-86.6991,9.0,0,2
-0.015646,-0.065099,-0.017332,0.573548,0.472736,0.409942,0.069159,0.014427,0.928051,0.645076,0.469426,0.930841,0.833333,0.965926,0.258819,0.0,5.811333,-156.538833,6.0,0,2
