mean_x,mean_y,mean_z,std_x,std_y,std_z,R,log_rmsW,rX_ratio,rY_ratio,rZ_ratio,psi,elev_normalized,elev_sin,elev_cos,is_synthetic,time_s,azimuth_deg,az_sector,elev_class,psi_cls
-0.13043,0.131853,0.012414,0.585585,0.585095,0.529342,0.185879,0.030427,0.621242,0.619653,0.496329,0.814121,0.833333,0.965926,0.258819,0.0,0.581333,175.017946,5.0,1,1
-0.110233,0.12174,0.038758,0.551762,0.600756,0.553331,0.168743,0.035028,0.45865,0.584193,0.449754,0.831257,0.833333,0.965926,0.258819,0.0,1.341333,134.189623,4.0,2,1
-0.0719,0.072986,-0.007778,0.562044,0.611199,0.547699,0.102747,0.033624,0.432012,0.647647,0.439463,0.897253,0.833333,0.965926,0.258819,0.0,2.181333,127.199208,4.0,0,2
0.030438,0.036124,-0.054809,0.642825,0.581913,0.492857,0.072356,0.0273,0.555955,0.723404,0.418332,0.927644,0.833333,0.965926,0.258819,0.0,2.941333,101.054436,3.0,0,2
0.075961,-0.03387,-0.088768,0.649773,0.576154,0.48066,0.121643,0.018235,0.73348,0.886643,0.463631,0.878357,0.833333,0.965926,0.258819,0.0,3.161333,-133.251126,7.0,0,2
0.037972,-0.069297,-0.125627,0.674521,0.567571,0.448171,0.148412,0.017668,0.814936,0.896084,0.452694,0.851588,0.833333,0.965926,0.258819,0.0,3.721333,93.40669,3.0,0,2
0.095715,-0.132085,-0.127146,0.648171,0.486955,0.410806,0.206819,0.013545,0.913583,0.647383,0.406928,0.793181,0.833333,0.965926,0.258819,0.0,4.521333,62.901126,2.0,0,1
