mean_x,mean_y,mean_z,std_x,std_y,std_z,R,log_rmsW,rX_ratio,rY_ratio,rZ_ratio,psi,elev_normalized,elev_sin,elev_cos,is_synthetic,time_s,azimuth_deg,az_sector,elev_class,psi_cls
0.260081,0.155518,0.0,0.673627,0.674091,0.0,0.303031,0.029068,0.708413,0.601016,0.0,0.696969,0.0,0.0,1.0,1.0,0.341333,67.500496,2.0,0,0
0.261837,0.05945,0.0,0.726657,0.632358,0.0,0.268501,0.027434,0.853398,0.439179,0.0,0.731499,0.0,0.0,1.0,1.0,1.321333,46.449043,1.0,0,0
0.359489,-0.055114,0.0,0.715215,0.596823,0.0,0.363689,0.0305,0.877988,0.361317,0.0,0.636311,0.0,0.0,1.0,1.0,1.941333,23.016492,0.0,0,0
0.241543,-0.115962,0.0,0.749812,0.604972,0.0,0.267937,0.025969,0.871452,0.348782,0.0,0.732063,0.0,0.0,1.0,1.0,2.211333,13.83918,0.0,0,0
0.212624,-0.275603,0.0,0.713567,0.607993,0.0,0.348089,0.029029,0.822272,0.519352,0.0,0.651911,0.0,0.0,1.0,1.0,2.941333,0.78867,0.0,0,0
0.097699,-0.317524,0.0,0.659073,0.674718,0.0,0.332215,0.026125,0.682418,0.670795,0.0,0.667785,0.0,0.0,1.0,1.0,3.651333,-21.262751,11.0,0,0
-0.005467,-0.11824,0.0,0.338403,0.419279,0.0,0.118366,0.011385,0.406544,0.850743,0.0,0.881634,0.0,0.0,1.0,1.0,5.141333,-67.070051,9.0,0,2
