mean_x,mean_y,mean_z,std_x,std_y,std_z,R,log_rmsW,rX_ratio,rY_ratio,rZ_ratio,psi,elev_normalized,elev_sin,elev_cos,is_synthetic,time_s,azimuth_deg,az_sector,elev_class,psi_cls
-0.079505,0.057996,0.04384,0.59117,0.593103,0.535855,0.107734,0.029289,0.608576,0.7871,0.540446,0.892266,0.833333,0.965926,0.258819,0.0,0.741333,150.16871,5.0,2,2
0.014443,0.093262,-0.031494,0.619624,0.595523,0.501518,0.09949,0.027011,0.616746,0.832533,0.548882,0.90051,0.833333,0.965926,0.258819,0.0,1.561333,126.928022,4.0,0,2
0.076777,0.048512,-0.075117,0.570909,0.633048,0.509335,0.117859,0.031875,0.503224,0.869181,0.505007,0.882141,0.833333,0.965926,0.258819,0.0,2.441333,123.429726,4.0,0,2
0.074011,0.014276,-0.068722,0.463588,0.569307,0.418337,0.102001,0.029384,0.49067,0.893738,0.499652,0.897999,0.833333,0.965926,0.258819,0.0,3.061333,92.604108,3.0,0,2
0.065748,-0.047813,-0.06013,0.425886,0.502342,0.381424,0.101117,0.026305,0.47925,0.899659,0.509869,0.898883,0.833333,0.965926,0.258819,0.0,3.331333,99.378369,3.0,0,2
0.035948,-0.025031,-0.009327,0.263421,0.363143,0.266767,0.044786,0.018884,0.493243,0.850523,0.548857,0.955214,0.833333,0.965926,0.258819,0.0,3.961333,60.503137,2.0,0,2
