mean_x,mean_y,mean_z,std_x,std_y,std_z,R,log_rmsW,rX_ratio,rY_ratio,rZ_ratio,psi,elev_normalized,elev_sin,elev_cos,is_synthetic,time_s,azimuth_deg,az_sector,elev_class,psi_cls
-0.215027,-0.273301,0.0,0.597827,0.722269,0.0,0.34775,0.025894,0.534776,0.723725,0.0,0.65225,0.0,0.0,1.0,1.0,0.371333,-89.994329,9.0,0,0
-0.377807,-0.202587,0.0,0.594304,0.680458,0.0,0.428696,0.032173,0.670341,0.584418,0.0,0.571304,0.0,0.0,1.0,1.0,1.181333,-112.791087,8.0,0,0
-0.453738,-0.084502,0.0,0.639565,0.614758,0.0,0.461539,0.036159,0.778395,0.364583,0.0,0.538461,0.0,0.0,1.0,1.0,2.101333,-136.527081,7.0,0,0
-0.436066,0.028761,0.0,0.665128,0.605486,0.0,0.437014,0.034955,0.80943,0.286023,0.0,0.562986,0.0,0.0,1.0,1.0,2.891333,-159.052559,6.0,0,0
-0.34763,0.124767,0.0,0.668335,0.645689,0.0,0.369342,0.02874,0.744431,0.421753,0.0,0.630658,0.0,0.0,1.0,1.0,3.751333,-178.094121,6.0,0,0
-0.268788,0.259105,0.0,0.627287,0.683468,0.0,0.373339,0.025315,0.550233,0.698606,0.0,0.626661,0.0,0.0,1.0,1.0,4.501333,156.564916,5.0,0,0
-0.214737,0.429473,0.0,0.578043,0.659777,0.0,0.480166,0.02431,0.470376,0.785566,0.0,0.519834,0.0,0.0,1.0,1.0,5.171333,134.217401,4.0,0,0
-0.130267,0.279101,0.0,0.530303,0.654404,0.0,0.308005,0.013894,0.414703,0.895666,0.0,0.691995,0.0,0.0,1.0,1.0,6.141333,111.911497,3.0,0,0
