mean_x,mean_y,mean_z,std_x,std_y,std_z,R,log_rmsW,rX_ratio,rY_ratio,rZ_ratio,psi,elev_normalized,elev_sin,elev_cos,is_synthetic,time_s,azimuth_deg,az_sector,elev_class,psi_cls
-0.08379,0.028521,0.019942,0.590038,0.619326,0.509959,0.090729,0.028669,0.589186,0.66717,0.457746,0.909271,0.444444,0.642788,0.766044,0.0,0.771333,137.050171,4.0,1,2
-0.02425,0.03534,-0.001607,0.576221,0.60881,0.543581,0.04289,0.027754,0.476941,0.633099,0.493543,0.95711,0.444444,0.642788,0.766044,0.0,1.561333,124.365066,4.0,1,2
-0.005538,0.01991,-0.051933,0.561942,0.600563,0.566057,0.055893,0.024625,0.550184,0.713834,0.564555,0.944107,0.444444,0.642788,0.766044,0.0,2.471333,105.60297,3.0,0,2
-0.011289,0.03088,-0.050141,0.472374,0.508071,0.474513,0.059959,0.021105,0.572038,0.755606,0.585236,0.940041,0.444444,0.642788,0.766044,0.0,3.091333,75.816512,2.0,0,2
-0.025303,-0.003796,-0.040288,0.435669,0.454921,0.413512,0.047727,0.019109,0.586738,0.762829,0.547245,0.952273,0.444444,0.642788,0.766044,0.0,3.371333,83.657056,2.0,0,2
-0.038298,-0.004091,0.012465,0.286582,0.340464,0.26523,0.040483,0.012284,0.714263,0.976587,0.667435,0.959517,0.444444,0.642788,0.766044,0.0,3.971333,73.796943,2.0,1,2
