mean_x,mean_y,mean_z,std_x,std_y,std_z,R,log_rmsW,rX_ratio,rY_ratio,rZ_ratio,psi,elev_normalized,elev_sin,elev_cos,is_synthetic,time_s,azimuth_deg,az_sector,elev_class,psi_cls
-0.068278,0.026677,0.013335,0.578887,0.640507,0.499089,0.074508,0.019859,0.916219,0.929422,0.606822,0.925492,0.444444,0.642788,0.766044,0.0,1.101333,138.646469,4.0,1,2
0.035525,0.015204,0.11992,0.57325,0.659634,0.46946,0.125992,0.027192,0.48354,0.738528,0.445617,0.874008,0.444444,0.642788,0.766044,0.0,1.901333,124.775937,4.0,2,2
0.101225,0.037069,0.082092,0.579155,0.638116,0.488904,0.135498,0.027508,0.546068,0.794217,0.517435,0.864502,0.444444,0.642788,0.766044,0.0,2.711333,106.415152,3.0,2,2
0.024943,0.054886,0.041286,0.554423,0.638405,0.528881,0.07307,0.023506,0.556926,0.777836,0.534872,0.92693,0.444444,0.642788,0.766044,0.0,3.601333,73.010945,2.0,2,2
-0.030967,0.026143,0.000322,0.539991,0.62834,0.5214,0.040528,0.015352,0.658046,0.873186,0.640498,0.959472,0.444444,0.642788,0.766044,0.0,3.841333,-20.699704,11.0,1,2
-0.075055,0.018868,-0.011131,0.421577,0.516068,0.441288,0.078186,0.012664,0.418465,0.575198,0.506466,0.921814,0.444444,0.642788,0.766044,0.0,4.471333,76.477261,2.0,0,2
-0.070899,-0.006862,0.019048,0.245438,0.289471,0.23544,0.073733,0.006178,0.25869,0.364917,0.213364,0.926267,0.444444,0.642788,0.766044,0.0,5.351333,89.058692,2.0,1,2
