mean_x,mean_y,mean_z,std_x,std_y,std_z,R,log_rmsW,rX_ratio,rY_ratio,rZ_ratio,psi,elev_normalized,elev_sin,elev_cos,is_synthetic,time_s,azimuth_deg,az_sector,elev_class,psi_cls
-0.027834,-0.302469,0.06413,0.51702,0.562207,0.565896,0.310443,0.032586,0.518078,0.940204,0.639133,0.689557,0.833333,0.965926,0.258819,0.0,1.971333,-49.478181,10.0,2,0
-0.010239,-0.324055,0.0338,0.53537,0.542748,0.559056,0.325974,0.036277,0.521546,0.85496,0.589742,0.674026,0.833333,0.965926,0.258819,0.0,2.841333,-102.871502,8.0,2,0
0.037964,-0.279908,0.023863,0.568459,0.547278,0.544961,0.283477,0.030811,0.494425,0.668775,0.53708,0.716523,0.833333,0.965926,0.258819,0.0,3.771333,-119.528383,8.0,2,0
0.023376,-0.208101,0.012219,0.581369,0.568807,0.542648,0.209766,0.031584,0.599563,0.582885,0.544634,0.790234,0.833333,0.965926,0.258819,0.0,4.501333,-78.617859,9.0,1,1
-0.061464,-0.057637,-0.010757,0.580922,0.565465,0.579278,0.084944,0.029838,0.577293,0.357026,0.504129,0.915056,0.833333,0.965926,0.258819,0.0,5.351333,-102.723532,8.0,0,2
-0.078811,0.028218,-0.019193,0.515372,0.416252,0.467666,0.085883,0.023159,0.578589,0.260164,0.489527,0.914117,0.833333,0.965926,0.258819,0.0,6.181333,73.839827,2.0,0,2
-0.061952,0.036287,-0.008328,0.346066,0.319837,0.343043,0.072278,0.016263,0.505802,0.271035,0.503772,0.927722,0.833333,0.965926,0.258819,0.0,6.821333,-169.638802,6.0,0,2
