mean_x,mean_y,mean_z,std_x,std_y,std_z,R,log_rmsW,rX_ratio,rY_ratio,rZ_ratio,psi,elev_normalized,elev_sin,elev_cos,is_synthetic,time_s,azimuth_deg,az_sector,elev_class,psi_cls
-0.11735,0.150432,0.050913,0.512437,0.592821,0.589049,0.197467,0.033225,0.463296,0.583109,0.462794,0.802533,0.833333,0.965926,0.258819,0.0,1.151333,143.058684,4.0,2,1
-0.063582,0.094699,0.059112,0.526268,0.615413,0.572542,0.128471,0.02887,0.405177,0.598026,0.451725,0.871529,0.833333,0.965926,0.258819,0.0,1.411333,137.403706,4.0,2,2
-0.061689,0.128706,0.026636,0.508599,0.646591,0.549687,0.14519,0.03364,0.353552,0.718787,0.437556,0.85481,0.833333,0.965926,0.258819,0.0,2.021333,128.063664,4.0,2,2
0.087419,0.033201,-0.0747,0.590777,0.648701,0.464579,0.119685,0.033485,0.569573,0.713941,0.405721,0.880315,0.833333,0.965926,0.258819,0.0,2.971333,113.133791,3.0,0,2
0.103395,-0.052957,-0.104071,0.633181,0.608401,0.452331,0.155967,0.026817,0.790697,0.767354,0.421233,0.844033,0.833333,0.965926,0.258819,0.0,3.671333,89.762713,2.0,0,1
0.051261,-0.012894,0.008124,0.347403,0.322998,0.276941,0.053479,0.009915,1.06243,0.902062,0.654001,0.946521,0.833333,0.965926,0.258819,0.0,5.151333,40.236275,1.0,1,2
