mean_x,mean_y,mean_z,std_x,std_y,std_z,R,log_rmsW,rX_ratio,rY_ratio,rZ_ratio,psi,elev_normalized,elev_sin,elev_cos,is_synthetic,time_s,azimuth_deg,az_sector,elev_class,psi_cls
-0.201802,0.005759,0.175838,0.589323,0.648602,0.400421,0.267724,0.029675,0.833859,0.696557,0.35808,0.732276,0.444444,0.642788,0.766044,0.0,0.251333,122.220374,4.0,2,0
-0.136157,-0.011459,0.139331,0.601856,0.653043,0.416199,0.195149,0.027182,0.80016,0.787026,0.469204,0.804851,0.444444,0.642788,0.766044,0.0,1.071333,140.39888,4.0,2,1
-0.020508,-0.051405,0.035466,0.590758,0.604377,0.530483,0.065733,0.022194,0.646894,0.744629,0.567833,0.934267,0.444444,0.642788,0.766044,0.0,1.921333,140.450888,4.0,2,2
0.021806,0.029525,-0.015811,0.556081,0.610968,0.562045,0.039965,0.02032,0.445577,0.623723,0.480794,0.960035,0.444444,0.642788,0.766044,0.0,2.691333,122.576497,4.0,0,2
0.000154,-0.000844,0.013534,0.46146,0.472456,0.391749,0.013562,0.010577,0.582067,0.527495,0.390586,0.986438,0.444444,0.642788,0.766044,0.0,4.331333,103.622258,3.0,1,2
