mean_x,mean_y,mean_z,std_x,std_y,std_z,R,log_rmsW,rX_ratio,rY_ratio,rZ_ratio,psi,elev_normalized,elev_sin,elev_cos,is_synthetic,time_s,azimuth_deg,az_sector,elev_class,psi_cls
-0.000183,-0.244156,-0.043264,0.601803,0.539001,0.534608,0.24796,0.028037,0.59705,0.553732,0.446073,0.75204,0.444444,0.642788,0.766044,0.0,0.211333,-20.676423,11.0,0,0
0.003018,-0.21876,-0.001753,0.55448,0.61209,0.519624,0.218788,0.026243,0.561472,0.775133,0.549833,0.781212,0.444444,0.642788,0.766044,0.0,1.241333,-79.309577,9.0,1,1
-0.003889,-0.19771,0.017417,0.542632,0.61973,0.531099,0.198514,0.027861,0.617216,0.828943,0.659925,0.801486,0.444444,0.642788,0.766044,0.0,1.881333,-68.910354,9.0,1,1
-0.028355,-0.172489,0.057992,0.530356,0.622319,0.545446,0.184172,0.027725,0.8563,1.192295,0.831791,0.815828,0.444444,0.642788,0.766044,0.0,2.561333,-63.083333,9.0,2,1
-0.036653,-0.189029,0.00478,0.567641,0.596709,0.533501,0.192609,0.02905,0.749585,1.060904,0.647236,0.807391,0.444444,0.642788,0.766044,0.0,3.481333,-124.321476,7.0,1,1
-0.06859,-0.293256,-0.004526,0.58338,0.558433,0.507046,0.301205,0.032052,0.66263,0.768748,0.433711,0.698795,0.444444,0.642788,0.766044,0.0,4.281333,-116.938871,8.0,1,0
-0.129299,-0.266991,0.007095,0.621048,0.560425,0.460619,0.296737,0.033565,0.656884,0.601055,0.330954,0.703263,0.444444,0.642788,0.766044,0.0,5.191333,-107.163171,8.0,1,0
-0.106135,-0.166353,0.020508,0.516843,0.505438,0.391361,0.19839,0.026726,0.684317,0.58218,0.348764,0.80161,0.444444,0.642788,0.766044,0.0,5.831333,-130.6225,7.0,1,1
-0.011342,-0.052227,0.012394,0.33397,0.304314,0.230135,0.054863,0.015052,0.67833,0.438981,0.307788,0.945137,0.444444,0.642788,0.766044,0.0,6.741333,-155.467079,6.0,1,2
