mean_x,mean_y,mean_z,std_x,std_y,std_z,R,log_rmsW,rX_ratio,rY_ratio,rZ_ratio,psi,elev_normalized,elev_sin,elev_cos,is_synthetic,time_s,azimuth_deg,az_sector,elev_class,psi_cls
0.025807,-0.17306,-0.262577,0.561674,0.563359,0.517277,0.315535,0.021316,0.589032,0.621383,0.479153,0.684465,0.444444,0.642788,0.766044,0.0,0.541333,-84.962252,9.0,0,0
-0.013216,-0.192645,-0.004429,0.577106,0.583188,0.538084,0.193149,0.026584,0.74447,0.855273,0.767564,0.806851,0.444444,0.642788,0.766044,0.0,1.991333,-138.323025,7.0,1,1
-0.022096,-0.254862,0.048469,0.584751,0.569012,0.516236,0.260369,0.040363,0.548958,0.935263,0.529747,0.739631,0.444444,0.642788,0.766044,0.0,2.851333,-51.750288,10.0,2,0
-0.057467,-0.238176,-0.02116,0.587735,0.579279,0.508455,0.245923,0.040253,0.587594,0.934139,0.527827,0.754077,0.444444,0.642788,0.766044,0.0,3.521333,-92.07854,8.0,0,0
-0.050662,-0.212484,-0.032511,0.587893,0.594802,0.501816,0.220846,0.036902,0.518997,0.92631,0.392759,0.779154,0.444444,0.642788,0.766044,0.0,3.761333,-122.32704,7.0,0,1
-0.077371,-0.251189,-0.062321,0.592945,0.588367,0.478826,0.270123,0.038579,0.6405,0.867128,0.403957,0.729877,0.444444,0.642788,0.766044,0.0,4.351333,-100.036488,8.0,0,0
-0.114991,-0.100493,-0.027187,0.425058,0.404089,0.364302,0.155116,0.020145,0.724379,0.701423,0.474007,0.844884,0.444444,0.642788,0.766044,0.0,6.011333,-133.387352,7.0,0,1
