mean_x,mean_y,mean_z,std_x,std_y,std_z,R,log_rmsW,rX_ratio,rY_ratio,rZ_ratio,psi,elev_normalized,elev_sin,elev_cos,is_synthetic,time_s,azimuth_deg,az_sector,elev_class,psi_cls
0.037958,-0.292402,0.053482,0.599686,0.552426,0.495381,0.299666,0.032636,0.57959,0.69092,0.440909,0.700334,0.444444,0.642788,0.766044,0.0,1.211333,-25.445304,11.0,2,0
-0.044316,-0.299455,0.019273,0.578543,0.567497,0.501226,0.303329,0.034951,0.529004,0.758726,0.404833,0.696671,0.444444,0.642788,0.766044,0.0,2.131333,-92.397079,8.0,1,0
-0.062964,-0.348091,0.007541,0.572607,0.54994,0.494456,0.35382,0.033265,0.590597,0.883094,0.434847,0.64618,0.444444,0.642788,0.766044,0.0,2.961333,-125.742921,7.0,1,0
-0.085608,-0.289172,-0.000191,0.568101,0.562879,0.519104,0.301578,0.026472,0.686722,0.913367,0.536269,0.698422,0.444444,0.642788,0.766044,0.0,3.841333,-102.574227,8.0,1,0
-0.182811,-0.261488,0.021893,0.573729,0.55813,0.506991,0.319805,0.02647,0.68258,0.698783,0.450448,0.680195,0.444444,0.642788,0.766044,0.0,4.541333,-107.548383,8.0,1,0
-0.173159,-0.219203,0.000306,0.629036,0.572878,0.445074,0.279346,0.023555,0.75705,0.626016,0.441075,0.720654,0.444444,0.642788,0.766044,0.0,5.221333,-135.592265,7.0,1,0
-0.114294,-0.186643,0.034464,0.662405,0.568856,0.434194,0.221555,0.020401,0.733226,0.559418,0.358756,0.778445,0.444444,0.642788,0.766044,0.0,5.441333,-129.616424,7.0,2,1
0.048623,-0.106198,0.047967,0.6321,0.482094,0.342175,0.126266,0.012985,0.655113,0.594491,0.330151,0.873734,0.444444,0.642788,0.766044,0.0,6.231333,-133.344175,7.0,2,2
