mean_x,mean_y,mean_z,std_x,std_y,std_z,R,log_rmsW,rX_ratio,rY_ratio,rZ_ratio,psi,elev_normalized,elev_sin,elev_cos,is_synthetic,time_s,azimuth_deg,az_sector,elev_class,psi_cls
0.207374,-0.155756,-0.179479,0.569002,0.633689,0.418553,0.315399,0.024498,0.516135,0.473733,0.287205,0.684601,0.0,0.0,1.0,0.0,1.271333,-22.253684,11.0,0,0
0.174224,-0.20411,-0.189226,0.541936,0.618669,0.46447,0.328361,0.026219,0.471044,0.540955,0.266868,0.671639,0.0,0.0,1.0,0.0,2.051333,-37.814912,10.0,0,0
0.056317,-0.166463,-0.164633,0.597187,0.619222,0.449385,0.240802,0.025146,0.514877,0.878609,0.245696,0.759198,0.0,0.0,1.0,0.0,2.971333,-49.515491,10.0,0,0
-0.141804,-0.183342,-0.074666,0.631035,0.610905,0.411451,0.243511,0.022998,0.58657,0.916177,0.277145,0.756489,0.0,0.0,1.0,0.0,3.771333,-40.063916,10.0,0,0
-0.159026,-0.159643,-0.001539,0.647562,0.580238,0.439556,0.225339,0.023754,0.578992,0.58364,0.287334,0.774661,0.0,0.0,1.0,0.0,4.611333,-157.37713,6.0,1,0
-0.060324,-0.115476,-0.008187,0.688028,0.577503,0.41959,0.13054,0.019517,0.756404,0.651827,0.325462,0.86946,0.0,0.0,1.0,0.0,5.411333,-138.502623,7.0,0,2
-0.023477,-0.069787,-0.020842,0.572754,0.51809,0.342841,0.076523,0.016004,0.839712,0.71499,0.344152,0.923477,0.0,0.0,1.0,0.0,6.071333,-146.936426,7.0,0,2
0.000629,-0.052368,-0.029262,0.515859,0.461174,0.304087,0.059992,0.01159,0.856555,0.50169,0.337987,0.940008,0.0,0.0,1.0,0.0,6.361333,-174.167647,6.0,0,2
0.00089,-0.014223,-0.008807,0.393741,0.340389,0.220641,0.016753,0.009197,0.984707,0.540841,0.365282,0.983247,0.0,0.0,1.0,0.0,6.871333,-156.263262,6.0,0,2
