mean_x,mean_y,mean_z,std_x,std_y,std_z,R,log_rmsW,rX_ratio,rY_ratio,rZ_ratio,psi,elev_normalized,elev_sin,elev_cos,is_synthetic,time_s,azimuth_deg,az_sector,elev_class,psi_cls
0.127093,0.274538,0.0,0.715155,0.630102,0.0,0.302529,0.032781,0.664598,0.625558,0.0,0.697471,0.0,0.0,1.0,1.0,0.181333,67.497476,2.0,0,0
0.067578,0.205783,0.0,0.737095,0.640138,0.0,0.216595,0.026792,0.776423,0.516511,0.0,0.783405,0.0,0.0,1.0,1.0,0.411333,68.842865,2.0,0,1
0.153206,0.163919,0.0,0.739324,0.634868,0.0,0.224369,0.030498,0.826961,0.407876,0.0,0.775631,0.0,0.0,1.0,1.0,0.971333,45.651595,1.0,0,0
0.167533,-0.078893,0.0,0.739143,0.647592,0.0,0.185179,0.025313,0.869961,0.367777,0.0,0.814821,0.0,0.0,1.0,1.0,1.861333,21.81688,0.0,0,1
0.195501,-0.226854,0.0,0.720965,0.62492,0.0,0.299472,0.020708,0.755282,0.497222,0.0,0.700528,0.0,0.0,1.0,1.0,2.651333,-3.906574,11.0,0,0
0.261,-0.279197,0.0,0.678542,0.627302,0.0,0.382194,0.018848,0.674579,0.58703,0.0,0.617806,0.0,0.0,1.0,1.0,3.371333,-23.064731,11.0,0,0
0.09925,-0.228773,0.0,0.547493,0.549905,0.0,0.249375,0.015284,0.57481,0.659802,0.0,0.750625,0.0,0.0,1.0,1.0,4.171333,-43.507029,10.0,0,0
