mean_x,mean_y,mean_z,std_x,std_y,std_z,R,log_rmsW,rX_ratio,rY_ratio,rZ_ratio,psi,elev_normalized,elev_sin,elev_cos,is_synthetic,time_s,azimuth_deg,az_sector,elev_class,psi_cls
-0.06239,-0.08689,-0.107591,0.638417,0.650282,0.38279,0.151717,0.019868,0.653569,0.539232,0.363306,0.848283,0.0,0.0,1.0,0.0,0.871333,-44.360164,10.0,0,2
0.009243,-0.12459,-0.03796,0.628493,0.612975,0.460638,0.130572,0.018816,0.582378,0.520788,0.398192,0.869428,0.0,0.0,1.0,0.0,1.651333,-178.918526,6.0,0,2
0.01653,-0.115335,-0.021398,0.619157,0.611712,0.47792,0.118462,0.017899,0.506,0.49135,0.39563,0.881538,0.0,0.0,1.0,0.0,1.881333,-2.050014,11.0,0,2
0.046414,-0.106201,-0.030833,0.635641,0.58931,0.484024,0.119932,0.016646,0.558374,0.500458,0.4041,0.880068,0.0,0.0,1.0,0.0,2.471333,138.877337,4.0,0,2
0.032435,-0.067345,-0.020259,0.620141,0.559879,0.544013,0.077445,0.01065,1.084627,1.068439,1.005222,0.922555,0.0,0.0,1.0,0.0,3.221333,86.247541,2.0,0,2
0.079291,-0.034884,-0.008417,0.591502,0.60565,0.525108,0.087034,0.012202,1.149016,1.766713,1.091974,0.912966,0.0,0.0,1.0,0.0,4.071333,-24.248679,11.0,0,2
0.03464,-0.050548,0.028169,0.242225,0.454097,0.273532,0.067443,0.010278,0.834036,1.835261,0.837674,0.932557,0.0,0.0,1.0,0.0,5.571333,51.514285,1.0,2,2
-0.012077,-0.077505,0.021885,0.12351,0.256182,0.178128,0.081436,0.005226,0.156463,0.539388,0.228578,0.918564,0.0,0.0,1.0,0.0,6.021333,-87.233646,9.0,1,2
