mean_x,mean_y,mean_z,std_x,std_y,std_z,R,log_rmsW,rX_ratio,rY_ratio,rZ_ratio,psi,elev_normalized,elev_sin,elev_cos,is_synthetic,time_s,azimuth_deg,az_sector,elev_class,psi_cls
0.222339,0.20485,0.0,0.686661,0.661126,0.0,0.302321,0.030297,0.749141,0.598921,0.0,0.697679,0.0,0.0,1.0,1.0,0.591333,72.026932,2.0,0,0
0.27253,0.107248,0.0,0.729616,0.617961,0.0,0.292873,0.035209,0.839272,0.407977,0.0,0.707127,0.0,0.0,1.0,1.0,1.311333,46.774218,1.0,0,0
0.181724,0.089106,0.0,0.75908,0.618727,0.0,0.202394,0.032571,0.864232,0.342113,0.0,0.797606,0.0,0.0,1.0,1.0,1.531333,37.795556,1.0,0,1
0.234452,0.039543,0.0,0.765752,0.597572,0.0,0.237763,0.034339,0.862053,0.329942,0.0,0.762237,0.0,0.0,1.0,1.0,2.111333,23.242776,0.0,0,0
0.124912,-0.017576,0.0,0.770422,0.62493,0.0,0.126143,0.028843,0.841895,0.285027,0.0,0.873857,0.0,0.0,1.0,1.0,2.341333,20.968852,0.0,0,2
0.091697,-0.143639,0.0,0.755492,0.632606,0.0,0.170413,0.028597,0.833307,0.38243,0.0,0.829587,0.0,0.0,1.0,1.0,2.921333,0.356294,0.0,0,1
0.13516,-0.284946,0.0,0.647131,0.694088,0.0,0.315377,0.018823,0.699219,0.612826,0.0,0.684623,0.0,0.0,1.0,1.0,3.721333,-23.077618,11.0,0,0
0.041084,-0.263071,0.0,0.580504,0.682949,0.0,0.26626,0.01329,0.624137,0.761863,0.0,0.73374,0.0,0.0,1.0,1.0,4.501333,-45.518017,10.0,0,0
-0.027292,-0.077008,0.0,0.366489,0.428148,0.0,0.081701,0.004966,0.358577,0.781207,0.0,0.918299,0.0,0.0,1.0,1.0,5.601333,-69.511565,9.0,0,2
