mean_x,mean_y,mean_z,std_x,std_y,std_z,R,log_rmsW,rX_ratio,rY_ratio,rZ_ratio,psi,elev_normalized,elev_sin,elev_cos,is_synthetic,time_s,azimuth_deg,az_sector,elev_class,psi_cls
0.054281,-0.121414,0.060123,0.573377,0.54582,0.593309,0.145954,0.015706,0.696265,0.776336,0.913656,0.854046,0.833333,0.965926,0.258819,0.0,0.381333,-2.515648,11.0,2,2
0.030065,-0.214581,0.042962,0.554188,0.53722,0.596217,0.220896,0.025486,0.549847,0.85373,0.721489,0.779104,0.833333,0.965926,0.258819,0.0,1.191333,-35.002144,10.0,2,1
-0.01847,-0.273606,0.0889,0.551419,0.558027,0.549033,0.288279,0.030855,0.622495,0.849902,0.63843,0.711721,0.833333,0.965926,0.258819,0.0,2.051333,-97.001532,8.0,2,0
-0.010618,-0.271767,0.087337,0.608026,0.553447,0.492344,0.285653,0.029434,0.835262,0.912701,0.661656,0.714347,0.833333,0.965926,0.258819,0.0,2.921333,-107.322176,8.0,2,0
0.017198,-0.229914,0.092787,0.629766,0.555546,0.482699,0.248527,0.025641,0.913303,0.936561,0.694961,0.751473,0.833333,0.965926,0.258819,0.0,3.151333,-83.350789,9.0,2,0
-0.014306,-0.223671,0.056941,0.63294,0.542517,0.501583,0.231248,0.023873,0.936377,0.901243,0.740243,0.768752,0.833333,0.965926,0.258819,0.0,3.831333,-99.060617,8.0,2,0
-0.037152,-0.156463,-0.005915,0.637515,0.519477,0.545722,0.160922,0.024137,0.693448,0.563726,0.628708,0.839078,0.833333,0.965926,0.258819,0.0,4.541333,-106.985796,8.0,1,1
0.005655,-0.087098,-0.034482,0.671432,0.52713,0.512333,0.093846,0.019986,0.653779,0.381455,0.565583,0.906154,0.833333,0.965926,0.258819,0.0,5.351333,-83.112423,9.0,0,2
0.112297,0.025539,0.006158,0.627287,0.505659,0.44401,0.115329,0.016235,0.678696,0.325708,0.578662,0.884671,0.833333,0.965926,0.258819,0.0,6.041333,-154.433657,6.0,1,2
