mean_x,mean_y,mean_z,std_x,std_y,std_z,R,log_rmsW,rX_ratio,rY_ratio,rZ_ratio,psi,elev_normalized,elev_sin,elev_cos,is_synthetic,time_s,azimuth_deg,az_sector,elev_class,psi_cls
-0.113366,-0.015858,0.062296,0.605403,0.628936,0.470045,0.130323,0.02766,0.752584,0.706114,0.421684,0.869677,0.444444,0.642788,0.766044,0.0,0.631333,157.75962,5.0,2,2
-0.083604,-0.050569,0.041313,0.595827,0.634166,0.481217,0.106083,0.019023,0.857296,0.95343,0.55604,0.893917,0.444444,0.642788,0.766044,0.0,0.921333,-142.962364,7.0,2,2
-0.065445,0.013688,0.068624,0.577641,0.651574,0.482289,0.095811,0.023334,0.758001,1.061829,0.539492,0.904189,0.444444,0.642788,0.766044,0.0,1.551333,153.388704,5.0,2,2
0.002929,0.070553,0.031891,0.557199,0.657118,0.501719,0.077481,0.024382,0.669257,1.027295,0.537024,0.922519,0.444444,0.642788,0.766044,0.0,2.151333,126.504074,4.0,2,2
0.000607,0.025695,0.067219,0.554735,0.6545,0.508645,0.071966,0.02225,0.577639,0.93707,0.479954,0.928034,0.444444,0.642788,0.766044,0.0,2.461333,-61.61366,9.0,2,2
-0.024691,0.063375,0.01313,0.568196,0.623911,0.532062,0.069271,0.02048,0.502081,0.759823,0.467814,0.930729,0.444444,0.642788,0.766044,0.0,3.051333,107.664137,3.0,1,2
-0.019835,0.035177,-0.144548,0.608519,0.531343,0.569959,0.150083,0.015228,0.535508,0.442762,0.449934,0.849917,0.444444,0.642788,0.766044,0.0,3.791333,79.609189,2.0,0,2
-0.025302,-0.006516,-0.138057,0.56215,0.480808,0.536054,0.140507,0.010258,0.551813,0.423522,0.496671,0.859493,0.444444,0.642788,0.766044,0.0,4.551333,56.476745,1.0,0,2
