mean_x,mean_y,mean_z,std_x,std_y,std_z,R,log_rmsW,rX_ratio,rY_ratio,rZ_ratio,psi,elev_normalized,elev_sin,elev_cos,is_synthetic,time_s,azimuth_deg,az_sector,elev_class,psi_cls
-0.080931,-0.097383,-0.051529,0.59952,0.650585,0.445674,0.136706,0.018665,0.564393,0.54441,0.37915,0.863294,0.0,0.0,1.0,0.0,0.281333,158.472902,5.0,0,2
-0.057681,-0.097564,-0.051576,0.597638,0.66552,0.429425,0.124522,0.014445,0.592961,0.607077,0.373748,0.875478,0.0,0.0,1.0,0.0,0.521333,-162.85341,6.0,0,2
-0.076096,-0.061694,-0.024166,0.595271,0.660199,0.446775,0.1009,0.015098,0.619308,0.691128,0.480825,0.8991,0.0,0.0,1.0,0.0,1.151333,-42.522266,10.0,0,2
0.034902,-0.075765,-0.024715,0.606836,0.638421,0.465401,0.087002,0.014354,0.611475,0.700213,0.47164,0.912998,0.0,0.0,1.0,0.0,1.971333,178.788838,5.0,0,2
0.059223,-0.09971,-0.037371,0.63451,0.597307,0.475157,0.121844,0.013417,0.693999,0.476434,0.334628,0.878156,0.0,0.0,1.0,0.0,2.781333,-113.227208,8.0,0,2
0.133784,-0.116054,-0.101513,0.646602,0.558522,0.477792,0.204136,0.011921,0.775814,0.469281,0.306852,0.795864,0.0,0.0,1.0,0.0,3.501333,131.453242,4.0,0,1
0.096706,-0.078734,-0.062191,0.541893,0.419001,0.368385,0.139351,0.008684,1.016,0.509809,0.306437,0.860649,0.0,0.0,1.0,0.0,4.261333,21.35948,0.0,0,2
0.046412,-0.072587,-0.047195,0.442509,0.358558,0.346851,0.098236,0.00578,0.576733,0.483136,0.322392,0.901764,0.0,0.0,1.0,0.0,4.601333,-131.461963,7.0,0,2
0.025194,-0.025623,-0.019083,0.177264,0.200431,0.126836,0.040687,0.003209,0.566424,0.719002,0.295885,0.959313,0.0,0.0,1.0,0.0,5.331333,-35.286126,10.0,0,2
