mean_x,mean_y,mean_z,std_x,std_y,std_z,R,log_rmsW,rX_ratio,rY_ratio,rZ_ratio,psi,elev_normalized,elev_sin,elev_cos,is_synthetic,time_s,azimuth_deg,az_sector,elev_class,psi_cls
-0.176866,0.085751,0.028577,0.567775,0.626792,0.495289,0.198624,0.022984,1.119627,1.19469,1.039509,0.801376,0.444444,0.642788,0.766044,0.0,0.561333,162.903316,5.0,2,1
-0.128983,0.047862,0.005779,0.541575,0.646016,0.52,0.137698,0.025131,0.938349,1.110757,0.993409,0.862302,0.444444,0.642788,0.766044,0.0,1.411333,147.773879,4.0,1,2
0.05537,0.009729,-0.11029,0.545542,0.608152,0.563215,0.123792,0.020553,0.464341,0.626913,0.648542,0.876208,0.444444,0.642788,0.766044,0.0,3.151333,72.589517,2.0,0,2
0.144876,0.010816,0.035612,0.564425,0.595885,0.551335,0.149581,0.022519,0.628417,0.583291,0.614217,0.850419,0.444444,0.642788,0.766044,0.0,3.751333,76.096074,2.0,2,2
0.131299,-0.009069,0.046857,0.588793,0.607411,0.514642,0.139704,0.020586,0.661947,0.527947,0.50342,0.860296,0.444444,0.642788,0.766044,0.0,3.971333,83.939747,2.0,2,2
0.118001,0.029475,0.065578,0.51539,0.521808,0.414865,0.138179,0.018846,0.703261,0.526331,0.500033,0.861821,0.444444,0.642788,0.766044,0.0,4.551333,51.502471,1.0,2,2
0.093577,-0.006482,0.074878,0.476547,0.48775,0.373785,0.120022,0.016686,0.712333,0.517617,0.497333,0.879978,0.444444,0.642788,0.766044,0.0,4.771333,48.216779,1.0,2,2
0.075879,0.028733,0.0536,0.316124,0.323344,0.200437,0.097242,0.011113,0.641275,0.529657,0.479692,0.902758,0.444444,0.642788,0.766044,0.0,5.501333,19.674904,0.0,2,2
