mean_x,mean_y,mean_z,std_x,std_y,std_z,R,log_rmsW,rX_ratio,rY_ratio,rZ_ratio,psi,elev_normalized,elev_sin,elev_cos,is_synthetic,time_s,azimuth_deg,az_sector,elev_class,psi_cls
-0.10017,0.028013,0.079556,0.605862,0.632554,0.464379,0.13095,0.027851,0.616859,0.716498,0.412415,0.86905,0.444444,0.642788,0.766044,0.0,1.271333,141.007904,4.0,2,2
-0.053386,-0.011674,0.08959,0.611214,0.63523,0.4603,0.104941,0.022809,0.658393,0.805453,0.470325,0.895059,0.444444,0.642788,0.766044,0.0,1.501333,140.710338,4.0,2,2
-0.03817,0.056808,0.088501,0.603611,0.643038,0.457862,0.111877,0.02704,0.580334,0.828209,0.473054,0.888122,0.444444,0.642788,0.766044,0.0,2.061333,133.682761,4.0,2,2
-0.022727,0.110157,0.069969,0.58029,0.652749,0.468652,0.132464,0.028209,0.484176,0.757875,0.440348,0.867536,0.444444,0.642788,0.766044,0.0,2.861333,100.031714,3.0,2,2
-0.023368,0.058237,0.056616,0.583293,0.649968,0.479758,0.084517,0.02479,0.460137,0.665841,0.403116,0.915483,0.444444,0.642788,0.766044,0.0,3.101333,93.448189,3.0,2,2
-0.064244,0.12174,0.00635,0.558561,0.643659,0.504703,0.137798,0.027531,0.393266,0.594363,0.362643,0.862202,0.444444,0.642788,0.766044,0.0,3.691333,66.685195,2.0,1,2
-0.063288,0.067818,-0.040648,0.453829,0.542702,0.410106,0.101276,0.020128,0.317718,0.43493,0.252638,0.898724,0.444444,0.642788,0.766044,0.0,4.651333,72.583042,2.0,0,2
-0.043072,0.035378,-0.019282,0.322524,0.41028,0.288269,0.05898,0.016338,0.254691,0.443031,0.217737,0.94102,0.444444,0.642788,0.766044,0.0,5.291333,65.970673,2.0,0,2
