mean_x,mean_y,mean_z,std_x,std_y,std_z,R,log_rmsW,rX_ratio,rY_ratio,rZ_ratio,psi,elev_normalized,elev_sin,elev_cos,is_synthetic,time_s,azimuth_deg,az_sector,elev_class,psi_cls
0.210697,-0.111005,-0.156141,0.647814,0.56246,0.42762,0.284772,0.022801,0.657496,0.467447,0.28454,0.715228,0.0,0.0,1.0,0.0,1.331333,-3.953332,11.0,0,0
0.184142,-0.206068,-0.122927,0.581653,0.618602,0.43302,0.302462,0.02082,0.655734,1.052097,0.289912,0.697538,0.0,0.0,1.0,0.0,2.071333,-25.417891,11.0,0,0
0.087775,-0.236623,-0.096083,0.583983,0.633355,0.429986,0.27005,0.021126,0.575331,1.049759,0.262668,0.72995,0.0,0.0,1.0,0.0,2.801333,-41.021196,10.0,0,0
-0.022598,-0.265911,-0.003396,0.648927,0.593896,0.393637,0.266891,0.019882,0.559018,0.898714,0.253949,0.733109,0.0,0.0,1.0,0.0,3.691333,-49.531736,10.0,1,0
-0.024726,-0.198095,0.023348,0.717882,0.525557,0.40991,0.200992,0.02555,0.481748,0.441549,0.236766,0.799008,0.0,0.0,1.0,0.0,4.391333,-134.833385,7.0,2,1
-0.024663,-0.140025,0.025022,0.705555,0.497171,0.483902,0.144365,0.024627,0.52696,0.418968,0.318263,0.855635,0.0,0.0,1.0,0.0,5.181333,-145.034752,7.0,2,2
-0.038435,-0.059811,-0.024664,0.524712,0.43934,0.447698,0.075253,0.015198,0.57452,0.402053,0.4277,0.924747,0.0,0.0,1.0,0.0,6.161333,-7.028992,11.0,0,2
