mean_x,mean_y,mean_z,std_x,std_y,std_z,R,log_rmsW,rX_ratio,rY_ratio,rZ_ratio,psi,elev_normalized,elev_sin,elev_cos,is_synthetic,time_s,azimuth_deg,az_sector,elev_class,psi_cls
0.238113,0.279455,0.0,0.699678,0.612909,0.0,0.367141,0.030823,0.684138,0.592706,0.0,0.632859,0.0,0.0,1.0,1.0,0.511333,67.499773,2.0,0,0
0.2252,0.128388,0.0,0.767544,0.586231,0.0,0.259227,0.032983,0.810391,0.37265,0.0,0.740773,0.0,0.0,1.0,1.0,1.361333,44.251119,1.0,0,0
0.225308,-0.17135,0.0,0.788295,0.546302,0.0,0.283063,0.029926,0.852215,0.276136,0.0,0.716937,0.0,0.0,1.0,1.0,2.341333,20.525165,0.0,0,0
0.258242,-0.250671,0.0,0.749598,0.555489,0.0,0.359895,0.030634,0.797597,0.386514,0.0,0.640105,0.0,0.0,1.0,1.0,3.031333,-0.617583,11.0,0,0
0.247813,-0.31201,0.0,0.691053,0.603053,0.0,0.398449,0.028627,0.666753,0.650502,0.0,0.601551,0.0,0.0,1.0,1.0,3.721333,-24.703128,11.0,0,0
0.133963,-0.217862,0.0,0.581981,0.583285,0.0,0.255754,0.021947,0.528183,0.797207,0.0,0.744246,0.0,0.0,1.0,1.0,4.511333,-46.4953,10.0,0,0
0.094263,-0.121616,0.0,0.367302,0.430983,0.0,0.15387,0.016364,0.446822,0.885521,0.0,0.84613,0.0,0.0,1.0,1.0,5.311333,-66.911868,9.0,0,2
