mean_x,mean_y,mean_z,std_x,std_y,std_z,R,log_rmsW,rX_ratio,rY_ratio,rZ_ratio,psi,elev_normalized,elev_sin,elev_cos,is_synthetic,time_s,azimuth_deg,az_sector,elev_class,psi_cls
0.053893,-0.165896,-0.053708,0.584889,0.554992,0.562653,0.182512,0.02556,0.59778,0.625682,0.541137,0.817488,0.833333,0.965926,0.258819,0.0,0.241333,8.703964,0.0,0,1
0.041449,-0.175641,-0.071215,0.568629,0.560958,0.569515,0.194008,0.022943,0.672538,0.732138,0.772533,0.805992,0.833333,0.965926,0.258819,0.0,1.151333,-32.627415,10.0,0,1
0.055483,-0.195151,-0.057927,0.577104,0.552606,0.563071,0.210992,0.02829,0.690444,0.831231,0.772604,0.789008,0.833333,0.965926,0.258819,0.0,1.861333,-77.244876,9.0,0,1
0.021086,-0.247441,-0.037678,0.578547,0.542173,0.555185,0.25118,0.028396,1.123516,1.069614,0.92626,0.74882,0.833333,0.965926,0.258819,0.0,2.551333,-79.632469,9.0,0,0
-0.062164,-0.232366,0.02276,0.582789,0.550252,0.546994,0.241612,0.028587,1.074577,1.038233,0.833266,0.758388,0.833333,0.965926,0.258819,0.0,3.381333,-105.06552,8.0,2,0
-0.025239,-0.195143,0.015645,0.599926,0.555663,0.540707,0.19739,0.022439,1.246965,1.102341,0.902789,0.80261,0.833333,0.965926,0.258819,0.0,3.601333,-101.593611,8.0,1,1
0.070168,-0.130271,-0.023689,0.68557,0.478935,0.527399,0.149851,0.031105,0.736804,0.431934,0.539084,0.850149,0.833333,0.965926,0.258819,0.0,5.161333,-102.129258,8.0,0,2
0.072416,-0.075952,-0.01473,0.58444,0.393099,0.455239,0.10597,0.025849,0.70151,0.333301,0.493579,0.89403,0.833333,0.965926,0.258819,0.0,5.831333,147.367843,4.0,0,2
0.019795,-0.0263,-0.004074,0.362413,0.261067,0.271993,0.033168,0.013122,0.7587,0.418375,0.431652,0.966832,0.833333,0.965926,0.258819,0.0,6.711333,-148.953186,7.0,1,2
