mean_x,mean_y,mean_z,std_x,std_y,std_z,R,log_rmsW,rX_ratio,rY_ratio,rZ_ratio,psi,elev_normalized,elev_sin,elev_cos,is_synthetic,time_s,azimuth_deg,az_sector,elev_class,psi_cls
-0.01106,-0.149628,0.057152,0.588102,0.565778,0.555206,0.160553,0.024571,0.737587,0.906676,0.693719,0.839447,0.833333,0.965926,0.258819,0.0,1.091333,-26.796469,11.0,2,1
0.021352,-0.230592,0.027655,0.565459,0.542106,0.57618,0.233224,0.028572,0.686802,0.833759,0.652129,0.766776,0.833333,0.965926,0.258819,0.0,1.901333,-60.49401,9.0,2,0
0.070875,-0.301978,0.023314,0.56263,0.530416,0.552574,0.311059,0.029304,0.620889,0.799398,0.562129,0.688941,0.833333,0.965926,0.258819,0.0,2.691333,-68.700885,9.0,2,0
0.080822,-0.229201,-0.001232,0.554889,0.57138,0.553667,0.243036,0.025546,0.553011,0.657098,0.54609,0.756964,0.833333,0.965926,0.258819,0.0,2.951333,-99.138753,8.0,1,0
0.114255,-0.16211,-0.010034,0.585618,0.574865,0.535851,0.198581,0.023168,0.567172,0.590521,0.542664,0.801419,0.833333,0.965926,0.258819,0.0,3.641333,-62.314585,9.0,0,1
0.022575,-0.127252,0.024723,0.563483,0.624408,0.524678,0.131582,0.028655,0.526646,0.548316,0.501161,0.868418,0.833333,0.965926,0.258819,0.0,4.361333,-124.576911,7.0,2,2
0.005296,-0.125249,0.033869,0.609839,0.594078,0.508227,0.129856,0.031136,0.672124,0.625637,0.527048,0.870144,0.833333,0.965926,0.258819,0.0,5.141333,-112.206159,8.0,2,2
-0.068859,-0.072317,0.014668,0.534653,0.500693,0.415499,0.100928,0.023283,0.778952,0.710311,0.536367,0.899072,0.833333,0.965926,0.258819,0.0,6.071333,-101.206997,8.0,1,2
-0.028788,-0.02331,0.011494,0.348292,0.36908,0.283465,0.038784,0.011444,0.979474,1.0281,0.651921,0.961216,0.833333,0.965926,0.258819,0.0,6.831333,-166.592224,6.0,1,2
