mean_x,mean_y,mean_z,std_x,std_y,std_z,R,log_rmsW,rX_ratio,rY_ratio,rZ_ratio,psi,elev_normalized,elev_sin,elev_cos,is_synthetic,time_s,azimuth_deg,az_sector,elev_class,psi_cls
0.278489,-0.116484,-0.114299,0.645273,0.579508,0.378924,0.322783,0.020057,0.712384,0.460489,0.300685,0.677217,0.0,0.0,1.0,0.0,0.601333,-29.30692,11.0,0,0
0.231202,-0.151219,-0.118987,0.628136,0.574775,0.429649,0.300798,0.025497,0.651311,0.502244,0.480414,0.699202,0.0,0.0,1.0,0.0,1.201333,-10.794474,11.0,0,0
0.197925,-0.152523,-0.092224,0.637772,0.576776,0.435468,0.266351,0.023552,0.665865,0.519192,0.502256,0.733649,0.0,0.0,1.0,0.0,1.441333,-9.774152,11.0,0,0
0.193086,-0.159199,-0.070663,0.639593,0.593084,0.414188,0.260038,0.022177,0.671818,0.692493,0.524704,0.739962,0.0,0.0,1.0,0.0,2.071333,-28.536063,11.0,0,0
0.065247,-0.17984,-0.019721,0.65082,0.581838,0.448228,0.192323,0.02143,0.609756,0.691092,0.401382,0.807677,0.0,0.0,1.0,0.0,2.901333,-41.05364,10.0,0,1
-0.012092,-0.167664,0.001494,0.65373,0.569558,0.469022,0.168106,0.023137,0.56875,0.665786,0.378166,0.831894,0.0,0.0,1.0,0.0,3.581333,-74.994285,9.0,1,1
-0.083888,-0.127795,-0.005942,0.653868,0.505412,0.541858,0.152984,0.021782,0.600928,0.526331,0.427349,0.847016,0.0,0.0,1.0,0.0,4.431333,-139.130141,7.0,1,2
0.058157,-0.108028,-0.040628,0.651326,0.537943,0.519316,0.129239,0.014152,0.851564,0.706674,0.579469,0.870761,0.0,0.0,1.0,0.0,5.411333,-142.099106,7.0,0,2
0.072197,-0.134953,-0.05681,0.611942,0.547506,0.432624,0.163255,0.0091,1.237581,0.980142,0.839543,0.836745,0.0,0.0,1.0,0.0,5.981333,-151.963408,6.0,0,1
