mean_x,mean_y,mean_z,std_x,std_y,std_z,R,log_rmsW,rX_ratio,rY_ratio,rZ_ratio,psi,elev_normalized,elev_sin,elev_cos,is_synthetic,time_s,azimuth_deg,az_sector,elev_class,psi_cls
-0.293733,-0.169279,0.0,0.631769,0.697089,0.0,0.33902,0.0335,0.710249,0.505745,0.0,0.66098,0.0,0.0,1.0,1.0,1.181333,-111.838141,8.0,0,0
-0.366554,-0.131221,0.0,0.675951,0.625707,0.0,0.389333,0.034912,0.772734,0.408287,0.0,0.610667,0.0,0.0,1.0,1.0,1.961333,-135.51976,7.0,0,0
-0.422876,-0.009211,0.0,0.653137,0.628094,0.0,0.422977,0.039629,0.792869,0.358807,0.0,0.577023,0.0,0.0,1.0,1.0,2.771333,-156.629667,6.0,0,0
-0.359442,0.03359,0.0,0.669577,0.649107,0.0,0.361008,0.030737,0.793755,0.371881,0.0,0.638992,0.0,0.0,1.0,1.0,3.001333,-151.328353,6.0,0,0
-0.415787,0.141037,0.0,0.613351,0.656529,0.0,0.439056,0.031463,0.786965,0.449042,0.0,0.560944,0.0,0.0,1.0,1.0,3.581333,179.393147,5.0,0,0
-0.354841,0.222239,0.0,0.598638,0.682884,0.0,0.418691,0.033526,0.6516,0.63514,0.0,0.581309,0.0,0.0,1.0,1.0,4.381333,158.967765,5.0,0,0
-0.270886,0.194482,0.0,0.613755,0.715613,0.0,0.33347,0.02751,0.517698,0.730913,0.0,0.66653,0.0,0.0,1.0,1.0,4.601333,162.571754,5.0,0,0
-0.065555,0.211928,0.0,0.506988,0.618939,0.0,0.221835,0.023842,0.295121,0.82662,0.0,0.778165,0.0,0.0,1.0,1.0,6.121333,109.195447,3.0,0,1
-0.021783,0.134853,0.0,0.377086,0.439864,0.0,0.136601,0.016816,0.273478,0.839138,0.0,0.863399,0.0,0.0,1.0,1.0,6.791333,89.940023,2.0,0,2
