mean_x,mean_y,mean_z,std_x,std_y,std_z,R,log_rmsW,rX_ratio,rY_ratio,rZ_ratio,psi,elev_normalized,elev_sin,elev_cos,is_synthetic,time_s,azimuth_deg,az_sector,elev_class,psi_cls
0.046104,0.015715,-0.050595,0.613156,0.587813,0.523051,0.070231,0.018241,0.531919,0.543741,0.471483,0.929769,0.0,0.0,1.0,0.0,1.181333,146.730639,4.0,0,2
0.043879,-0.024799,-0.045802,0.615825,0.601302,0.504536,0.068104,0.010976,0.618919,0.721429,0.470963,0.931896,0.0,0.0,1.0,0.0,1.541333,-12.299152,11.0,0,2
0.037332,-0.077401,-0.011662,0.581871,0.632319,0.504061,0.086721,0.010791,0.667607,0.915227,0.625229,0.913279,0.0,0.0,1.0,0.0,2.041333,160.203683,5.0,0,2
0.077287,-0.09095,-0.012674,0.577173,0.632465,0.502447,0.120024,0.011614,0.903609,0.950435,0.710156,0.879976,0.0,0.0,1.0,0.0,2.771333,66.464331,2.0,0,2
0.087181,-0.119998,-0.024135,0.646302,0.562991,0.492698,0.150276,0.010905,1.046828,0.840662,0.659178,0.849724,0.0,0.0,1.0,0.0,3.671333,94.129932,3.0,0,2
0.097659,-0.119367,-0.0521,0.643716,0.51722,0.458741,0.162788,0.010112,1.079119,0.747704,0.596365,0.837212,0.0,0.0,1.0,0.0,3.921333,-70.858542,9.0,0,1
0.053504,-0.063648,-0.039114,0.53675,0.333224,0.333537,0.091889,0.005973,1.18183,0.53068,0.269348,0.908111,0.0,0.0,1.0,0.0,4.721333,179.787651,5.0,0,2
