mean_x,mean_y,mean_z,std_x,std_y,std_z,R,log_rmsW,rX_ratio,rY_ratio,rZ_ratio,psi,elev_normalized,elev_sin,elev_cos,is_synthetic,time_s,azimuth_deg,az_sector,elev_class,psi_cls
-0.148394,-0.336706,0.0,0.625925,0.687623,0.0,0.367956,0.02771,0.475083,0.77924,0.0,0.632044,0.0,0.0,1.0,1.0,0.111333,-90.055675,8.0,0,0
-0.219655,-0.171739,0.0,0.681968,0.676141,0.0,0.278824,0.031271,0.773689,0.528252,0.0,0.721176,0.0,0.0,1.0,1.0,1.151333,-114.432686,8.0,0,0
-0.332218,-0.048742,0.0,0.689371,0.641882,0.0,0.335775,0.033333,0.843878,0.390901,0.0,0.664225,0.0,0.0,1.0,1.0,1.841333,-138.474011,7.0,0,0
-0.442959,0.023007,0.0,0.662856,0.603224,0.0,0.443556,0.038592,0.845743,0.371638,0.0,0.556444,0.0,0.0,1.0,1.0,2.521333,-157.591093,6.0,0,0
-0.399982,0.132016,0.0,0.665416,0.616285,0.0,0.421205,0.034062,0.802932,0.386478,0.0,0.578795,0.0,0.0,1.0,1.0,3.311333,-179.630168,6.0,0,0
-0.356556,0.257479,0.0,0.604798,0.663913,0.0,0.439804,0.030666,0.657489,0.67344,0.0,0.560196,0.0,0.0,1.0,1.0,4.181333,157.458874,5.0,0,0
-0.211459,0.267316,0.0,0.583166,0.737384,0.0,0.340841,0.028282,0.356892,0.855114,0.0,0.659159,0.0,0.0,1.0,1.0,5.151333,138.145832,4.0,0,0
-0.140428,0.251945,0.0,0.510168,0.652584,0.0,0.288438,0.025785,0.318467,0.90101,0.0,0.711562,0.0,0.0,1.0,1.0,5.711333,112.690922,3.0,0,0
-0.012801,0.029203,0.0,0.333063,0.396718,0.0,0.031886,0.011035,0.295964,0.787264,0.0,0.968114,0.0,0.0,1.0,1.0,6.711333,94.075447,3.0,0,2
