mean_x,mean_y,mean_z,std_x,std_y,std_z,R,log_rmsW,rX_ratio,rY_ratio,rZ_ratio,psi,elev_normalized,elev_sin,elev_cos,is_synthetic,time_s,azimuth_deg,az_sector,elev_class,psi_cls
-0.081899,-0.01674,-0.094892,0.594246,0.604697,0.514994,0.126461,0.020695,0.453741,0.529969,0.396764,0.873539,0.0,0.0,1.0,0.0,0.841333,166.88161,5.0,0,2
-0.005817,-0.000749,-0.057777,0.601232,0.59937,0.525264,0.058074,0.021213,0.443537,0.5445,0.378081,0.941926,0.0,0.0,1.0,0.0,1.571333,140.803654,4.0,0,2
0.097755,-0.041939,-0.087474,0.607144,0.597142,0.500507,0.13772,0.019644,0.619358,0.486357,0.375107,0.86228,0.0,0.0,1.0,0.0,2.521333,-173.082071,6.0,0,2
0.063479,-0.069071,-0.056244,0.482735,0.427164,0.34236,0.109379,0.013819,0.815986,0.473625,0.394534,0.890621,0.0,0.0,1.0,0.0,3.421333,-4.622719,11.0,0,2
0.021426,0.013455,-0.036984,0.324139,0.294637,0.246581,0.04481,0.009541,0.855464,0.581401,0.45533,0.95519,0.0,0.0,1.0,0.0,4.001333,14.568975,0.0,0,2
0.002548,-0.015394,-0.014042,0.240625,0.216103,0.186134,0.020991,0.004585,0.480635,0.392741,0.333609,0.979008,0.0,0.0,1.0,0.0,4.231333,171.144265,5.0,0,2
