mean_x,mean_y,mean_z,std_x,std_y,std_z,R,log_rmsW,rX_ratio,rY_ratio,rZ_ratio,psi,elev_normalized,elev_sin,elev_cos,is_synthetic,time_s,azimuth_deg,az_sector,elev_class,psi_cls
-0.144398,-0.36885,0.0,0.595652,0.698776,0.0,0.396108,0.022498,0.506748,0.790641,0.0,0.603892,0.0,0.0,1.0,1.0,0.461333,-94.615047,8.0,0,0
-0.280414,-0.313722,0.0,0.585282,0.693095,0.0,0.420777,0.027438,0.695748,0.627886,0.0,0.579223,0.0,0.0,1.0,1.0,1.071333,-110.851801,8.0,0,0
-0.33131,-0.106385,0.0,0.69414,0.63013,0.0,0.347971,0.033675,0.824364,0.359361,0.0,0.652029,0.0,0.0,1.0,1.0,1.891333,-134.769795,7.0,0,0
-0.337042,0.048387,0.0,0.692696,0.635785,0.0,0.340498,0.036323,0.86206,0.352573,0.0,0.659502,0.0,0.0,1.0,1.0,2.811333,-159.486058,6.0,0,0
-0.347443,0.124337,0.0,0.666323,0.647948,0.0,0.369021,0.034886,0.842659,0.41277,0.0,0.630979,0.0,0.0,1.0,1.0,3.481333,-179.613757,6.0,0,0
-0.274033,0.11873,0.0,0.670696,0.678952,0.0,0.298648,0.02833,0.809055,0.503762,0.0,0.701352,0.0,0.0,1.0,1.0,3.701333,179.979381,5.0,0,0
-0.26283,0.274585,0.0,0.646293,0.661686,0.0,0.380101,0.030963,0.704506,0.721736,0.0,0.619899,0.0,0.0,1.0,1.0,4.281333,157.275122,5.0,0,0
-0.213332,0.301223,0.0,0.600762,0.679832,0.0,0.369115,0.023067,0.476129,0.890402,0.0,0.630885,0.0,0.0,1.0,1.0,5.081333,132.197134,4.0,0,0
-0.122875,0.22317,0.0,0.430551,0.54686,0.0,0.254761,0.018312,0.402472,0.973274,0.0,0.745239,0.0,0.0,1.0,1.0,5.901333,114.029047,3.0,0,0
