mean_x,mean_y,mean_z,std_x,std_y,std_z,R,log_rmsW,rX_ratio,rY_ratio,rZ_ratio,psi,elev_normalized,elev_sin,elev_cos,is_synthetic,time_s,azimuth_deg,az_sector,elev_class,psi_cls
-0.094638,0.025285,-0.024575,0.607972,0.60368,0.505697,0.100994,0.021281,0.908331,0.769614,0.515325,0.899006,0.444444,0.642788,0.766044,0.0,0.391333,152.751947,5.0,0,2
-0.106716,0.009739,-0.035563,0.579263,0.614018,0.524087,0.112906,0.020181,0.870627,0.884217,0.565247,0.887094,0.444444,0.642788,0.766044,0.0,1.201333,156.124491,5.0,0,2
-0.047882,-0.018908,-0.02919,0.589966,0.610919,0.524589,0.05918,0.017438,0.794492,0.91569,0.600016,0.94082,0.444444,0.642788,0.766044,0.0,1.441333,134.416386,4.0,0,2
-0.0012,0.045222,-0.032767,0.580657,0.609839,0.536463,0.055858,0.021,0.629493,0.846788,0.616611,0.944142,0.444444,0.642788,0.766044,0.0,1.981333,126.281704,4.0,0,2
0.00309,0.082426,-0.102549,0.579165,0.589789,0.547162,0.131605,0.021593,0.512861,0.654972,0.57223,0.868395,0.444444,0.642788,0.766044,0.0,2.981333,86.498664,2.0,0,2
-0.009741,0.021815,-0.161739,0.591882,0.550671,0.561272,0.163494,0.019009,0.573916,0.470511,0.507907,0.836506,0.444444,0.642788,0.766044,0.0,3.771333,82.620198,2.0,0,1
-0.001834,0.008075,-0.117947,0.448057,0.384934,0.444309,0.118237,0.013637,0.578721,0.450287,0.477164,0.881763,0.444444,0.642788,0.766044,0.0,4.641333,98.376212,3.0,0,2
-0.009333,-0.027167,-0.000831,0.306112,0.309366,0.291688,0.028737,0.009021,0.638843,0.586797,0.564711,0.971263,0.444444,0.642788,0.766044,0.0,5.211333,1.675971,0.0,1,2
