mean_x,mean_y,mean_z,std_x,std_y,std_z,R,log_rmsW,rX_ratio,rY_ratio,rZ_ratio,psi,elev_normalized,elev_sin,elev_cos,is_synthetic,time_s,azimuth_deg,az_sector,elev_class,psi_cls
0.253503,-0.195628,-0.12555,0.604835,0.556831,0.45367,0.343943,0.023763,0.693786,0.462455,0.326865,0.656057,0.0,0.0,1.0,0.0,0.231333,23.919783,0.0,0,0
0.145803,-0.259869,-0.089988,0.567918,0.619392,0.443772,0.311269,0.021007,0.730634,1.107766,0.366561,0.688731,0.0,0.0,1.0,0.0,1.231333,-23.000193,11.0,0,0
0.093626,-0.240342,-0.061965,0.539734,0.634776,0.485155,0.265273,0.022113,0.707787,1.136683,0.538031,0.734727,0.0,0.0,1.0,0.0,1.921333,-23.334816,11.0,0,0
0.039777,-0.280995,-0.025869,0.516029,0.621529,0.515952,0.284973,0.025339,0.670653,1.128389,0.644137,0.715027,0.0,0.0,1.0,0.0,2.601333,-61.99524,9.0,0,0
1.1e-05,-0.254847,-0.022157,0.523463,0.611311,0.53558,0.255809,0.023827,0.608956,0.818054,0.664742,0.744191,0.0,0.0,1.0,0.0,2.831333,-8.461258,11.0,0,0
-0.033163,-0.186536,-0.020232,0.577526,0.599365,0.5205,0.190539,0.024282,0.563432,0.767264,0.590805,0.809461,0.0,0.0,1.0,0.0,3.481333,-99.492447,8.0,0,1
-0.066814,-0.126246,-0.018787,0.603896,0.635601,0.458874,0.144066,0.018403,0.756437,0.943973,0.422681,0.855934,0.0,0.0,1.0,0.0,4.351333,-97.723315,8.0,0,2
-0.103039,-0.06648,-0.03863,0.644093,0.615152,0.436123,0.128565,0.018171,0.816597,0.802468,0.366315,0.871435,0.0,0.0,1.0,0.0,5.241333,-103.295461,8.0,0,2
-0.004068,-0.023627,-0.013955,0.323624,0.272868,0.243844,0.027741,0.010283,0.496607,0.368428,0.306815,0.972259,0.0,0.0,1.0,0.0,6.781333,19.116195,0.0,0,2
