mean_x,mean_y,mean_z,std_x,std_y,std_z,R,log_rmsW,rX_ratio,rY_ratio,rZ_ratio,psi,elev_normalized,elev_sin,elev_cos,is_synthetic,time_s,azimuth_deg,az_sector,elev_class,psi_cls
-0.143898,0.121227,0.020769,0.600751,0.534428,0.563597,0.189299,0.022938,0.680967,0.628248,0.480048,0.810701,0.833333,0.965926,0.258819,0.0,0.631333,163.395551,5.0,1,1
-0.06542,0.074545,0.009224,0.597767,0.586876,0.536963,0.099608,0.02447,0.631826,0.776533,0.622861,0.900392,0.833333,0.965926,0.258819,0.0,1.441333,141.041552,4.0,1,2
-0.075794,0.137029,0.03375,0.550069,0.601501,0.55674,0.16019,0.031592,0.455409,0.750851,0.563646,0.83981,0.833333,0.965926,0.258819,0.0,2.021333,128.770191,4.0,2,1
0.00089,0.097687,-0.013932,0.537602,0.647362,0.531196,0.098679,0.029226,0.465331,0.827384,0.586803,0.901321,0.833333,0.965926,0.258819,0.0,2.841333,106.214691,3.0,0,2
0.009941,0.032484,-0.018463,0.546274,0.652469,0.523807,0.038664,0.025619,0.384903,0.795598,0.50467,0.961336,0.833333,0.965926,0.258819,0.0,3.071333,91.839367,3.0,0,2
-0.0273,-0.0238,-0.076824,0.53128,0.681079,0.496648,0.084933,0.020293,0.530759,0.877077,0.464229,0.915067,0.833333,0.965926,0.258819,0.0,3.851333,93.519941,3.0,0,2
-0.057,0.019856,-0.065929,0.473712,0.601299,0.441885,0.089386,0.013997,0.684231,1.084581,0.554919,0.910614,0.833333,0.965926,0.258819,0.0,4.431333,67.82091,2.0,0,2
-0.074146,0.011466,-0.024064,0.325846,0.420943,0.299394,0.078792,0.009094,0.796213,1.176471,0.508316,0.921208,0.833333,0.965926,0.258819,0.0,5.251333,68.998781,2.0,0,2
