mean_x,mean_y,mean_z,std_x,std_y,std_z,R,log_rmsW,rX_ratio,rY_ratio,rZ_ratio,psi,elev_normalized,elev_sin,elev_cos,is_synthetic,time_s,azimuth_deg,az_sector,elev_class,psi_cls
0.202982,0.102053,0.0,0.697746,0.679348,0.0,0.227192,0.024338,0.668042,0.566196,0.0,0.772808,0.0,0.0,1.0,1.0,0.651333,72.186684,2.0,0,0
0.287866,0.081208,0.0,0.706545,0.641336,0.0,0.299101,0.031011,0.860002,0.399172,0.0,0.700899,0.0,0.0,1.0,1.0,1.221333,44.939322,1.0,0,0
0.242491,0.063651,0.0,0.719522,0.647622,0.0,0.250706,0.027741,0.907094,0.321759,0.0,0.749294,0.0,0.0,1.0,1.0,1.461333,40.685255,1.0,0,0
0.336976,0.004071,0.0,0.6983,0.631495,0.0,0.337001,0.033992,0.912519,0.337683,0.0,0.662999,0.0,0.0,1.0,1.0,2.011333,21.64701,0.0,0,0
0.283119,-0.172728,0.0,0.693999,0.639041,0.0,0.33165,0.032437,0.893631,0.400585,0.0,0.66835,0.0,0.0,1.0,1.0,2.831333,-0.146315,11.0,0,0
0.149831,-0.190166,0.0,0.704127,0.667527,0.0,0.2421,0.0268,0.812693,0.476561,0.0,0.7579,0.0,0.0,1.0,1.0,3.061333,1.443306,0.0,0,0
0.150585,-0.327708,0.0,0.697122,0.619639,0.0,0.36065,0.028833,0.698103,0.594148,0.0,0.63935,0.0,0.0,1.0,1.0,3.631333,-23.126597,11.0,0,0
0.119149,-0.2656,0.0,0.618214,0.567807,0.0,0.291101,0.02019,0.467055,0.728281,0.0,0.708899,0.0,0.0,1.0,1.0,4.421333,-47.058824,10.0,0,0
0.053625,-0.122892,0.0,0.433813,0.427973,0.0,0.134082,0.015655,0.366976,0.765449,0.0,0.865918,0.0,0.0,1.0,1.0,5.221333,-69.853493,9.0,0,2
