mean_x,mean_y,mean_z,std_x,std_y,std_z,R,log_rmsW,rX_ratio,rY_ratio,rZ_ratio,psi,elev_normalized,elev_sin,elev_cos,is_synthetic,time_s,azimuth_deg,az_sector,elev_class,psi_cls
-0.232271,0.043934,-0.004684,0.558648,0.559641,0.564635,0.236436,0.035912,0.571151,0.52569,0.496737,0.763564,0.833333,0.965926,0.258819,0.0,0.751333,154.888198,5.0,1,0
-0.116479,0.073226,-0.041492,0.580325,0.591275,0.541263,0.143704,0.030898,0.638609,0.658331,0.561222,0.856296,0.833333,0.965926,0.258819,0.0,1.491333,144.909514,4.0,0,2
-0.056717,0.094036,-0.026042,0.569268,0.632092,0.513474,0.112862,0.028007,0.546879,0.699008,0.495792,0.887138,0.833333,0.965926,0.258819,0.0,2.311333,117.681288,3.0,0,2
0.012408,0.03795,-0.036739,0.564704,0.650278,0.505275,0.054258,0.0171,0.604221,0.952958,0.638578,0.945742,0.833333,0.965926,0.258819,0.0,2.541333,-166.920322,6.0,0,2
0.023025,0.062764,-0.006862,0.571719,0.648646,0.497863,0.067205,0.018313,1.235541,1.559227,1.127227,0.932795,0.833333,0.965926,0.258819,0.0,3.101333,112.877249,3.0,0,2
0.115227,-0.000413,-0.022616,0.569467,0.628739,0.516328,0.117427,0.020244,1.200241,1.335108,1.047882,0.882573,0.833333,0.965926,0.258819,0.0,3.931333,97.582497,3.0,0,2
0.070975,-0.059137,-0.071458,0.35733,0.264148,0.351056,0.116794,0.011767,0.685077,0.374128,0.67043,0.883206,0.833333,0.965926,0.258819,0.0,5.591333,-14.465431,11.0,0,2
