mean_x,mean_y,mean_z,std_x,std_y,std_z,R,log_rmsW,rX_ratio,rY_ratio,rZ_ratio,psi,elev_normalized,elev_sin,elev_cos,is_synthetic,time_s,azimuth_deg,az_sector,elev_class,psi_cls
-0.210726,-0.051291,0.081773,0.58477,0.659857,0.410986,0.231783,0.03683,0.866018,0.556391,0.31183,0.768217,0.444444,0.642788,0.766044,0.0,0.781333,165.610458,5.0,2,0
-0.098386,-0.025985,0.005941,0.591242,0.629058,0.494286,0.101933,0.026725,0.796226,0.7086,0.451504,0.898067,0.444444,0.642788,0.766044,0.0,1.611333,162.132959,5.0,1,2
-0.05271,0.003129,-0.048012,0.554708,0.633254,0.534961,0.071367,0.020861,0.537999,0.678867,0.524429,0.928633,0.444444,0.642788,0.766044,0.0,2.401333,127.156832,4.0,0,2
0.097337,-0.001922,0.044392,0.630992,0.627315,0.443707,0.106999,0.035925,0.923428,0.717342,0.394574,0.893001,0.444444,0.642788,0.766044,0.0,3.961333,78.479052,2.0,2,2
0.163669,-0.000827,0.0608,0.533773,0.499997,0.359367,0.174599,0.033766,0.890151,0.583719,0.322894,0.825401,0.444444,0.642788,0.766044,0.0,4.871333,38.81527,1.0,2,1
0.10495,-0.020973,0.035053,0.372404,0.295575,0.266098,0.112619,0.026242,0.761444,0.186454,0.280136,0.887381,0.444444,0.642788,0.766044,0.0,5.641333,9.735772,0.0,2,2
