mean_x,mean_y,mean_z,std_x,std_y,std_z,R,log_rmsW,rX_ratio,rY_ratio,rZ_ratio,psi,elev_normalized,elev_sin,elev_cos,is_synthetic,time_s,azimuth_deg,az_sector,elev_class,psi_cls
0.050986,-0.042995,-0.043362,0.623052,0.631139,0.455115,0.079551,0.01446,0.825463,1.14429,0.882658,0.920449,0.0,0.0,1.0,0.0,1.331333,172.516045,5.0,0,2
0.088128,-0.034865,-0.044219,0.627006,0.621934,0.457288,0.104582,0.013506,0.751829,0.789286,0.527881,0.895418,0.0,0.0,1.0,0.0,2.251333,137.386068,4.0,0,2
0.040671,-0.065834,-0.061932,0.632749,0.611644,0.46443,0.099115,0.014272,0.665771,0.635121,0.439119,0.900885,0.0,0.0,1.0,0.0,2.881333,26.448285,0.0,0,2
-0.003537,-0.071233,-0.069123,0.643523,0.604021,0.459534,0.099321,0.012377,0.733753,0.649066,0.428623,0.900679,0.0,0.0,1.0,0.0,3.101333,20.48866,0.0,0,2
0.04088,-0.098615,-0.08498,0.695621,0.577407,0.404657,0.136447,0.015976,1.090546,0.588458,0.294173,0.863553,0.0,0.0,1.0,0.0,3.761333,-85.546052,9.0,0,2
0.051525,-0.033354,-0.053065,0.581919,0.401776,0.344159,0.081137,0.014158,1.155882,0.530969,0.249838,0.918863,0.0,0.0,1.0,0.0,4.511333,4.415113,0.0,0,2
0.067423,-0.02873,-0.004694,0.407664,0.240098,0.125909,0.073439,0.010869,1.326239,0.612914,0.151966,0.926561,0.0,0.0,1.0,0.0,5.271333,-12.290902,11.0,1,2
