mean_x,mean_y,mean_z,std_x,std_y,std_z,R,log_rmsW,rX_ratio,rY_ratio,rZ_ratio,psi,elev_normalized,elev_sin,elev_cos,is_synthetic,time_s,azimuth_deg,az_sector,elev_class,psi_cls
0.006756,-0.052999,-0.103256,0.630499,0.599098,0.47962,0.11626,0.019449,0.53924,0.448995,0.401468,0.88374,0.0,0.0,1.0,0.0,0.691333,-25.222489,11.0,0,2
0.010673,-0.070724,-0.053231,0.623128,0.589747,0.505925,0.089159,0.020329,0.520483,0.481121,0.395567,0.910841,0.0,0.0,1.0,0.0,1.421333,144.669185,4.0,0,2
0.01,-0.113264,-0.026708,0.605107,0.589847,0.521797,0.116799,0.020741,0.468936,0.475035,0.371787,0.883201,0.0,0.0,1.0,0.0,2.231333,132.760636,4.0,0,2
0.068541,-0.121933,-0.024983,0.653945,0.599372,0.439201,0.14209,0.017829,0.476382,0.454243,0.276103,0.85791,0.0,0.0,1.0,0.0,3.091333,171.104556,5.0,0,2
0.021008,-0.191763,-0.062179,0.693834,0.546058,0.423441,0.202684,0.01446,0.513706,0.343303,0.196873,0.797316,0.0,0.0,1.0,0.0,3.901333,-53.231901,10.0,0,1
