mean_x,mean_y,mean_z,std_x,std_y,std_z,R,log_rmsW,rX_ratio,rY_ratio,rZ_ratio,psi,elev_normalized,elev_sin,elev_cos,is_synthetic,time_s,azimuth_deg,az_sector,elev_class,psi_cls
-0.0349,0.003291,-0.025268,0.575748,0.596911,0.557085,0.043212,0.018325,0.577608,1.072845,0.818052,0.956788,0.0,0.0,1.0,0.0,0.621333,121.73061,4.0,0,2
-0.023198,-0.003475,-0.052376,0.572422,0.620411,0.533028,0.057388,0.019622,0.660013,1.021976,0.800179,0.942612,0.0,0.0,1.0,0.0,1.531333,-77.336525,9.0,0,2
0.134667,-0.04373,-0.079671,0.588616,0.560464,0.559469,0.162465,0.018485,0.570368,0.506805,0.510569,0.837535,0.0,0.0,1.0,0.0,2.431333,139.269796,4.0,0,1
0.108464,-0.061917,-0.095527,0.629192,0.550081,0.526122,0.157237,0.015586,0.525579,0.534736,0.453992,0.842763,0.0,0.0,1.0,0.0,3.241333,-20.349829,11.0,0,1
0.006336,0.011746,-0.042671,0.55099,0.428631,0.398773,0.044709,0.012261,0.968399,0.700686,0.455175,0.95529,0.0,0.0,1.0,0.0,4.711333,-20.336133,11.0,0,2
0.045908,0.012897,-0.003373,0.385833,0.299021,0.250535,0.047805,0.009216,1.159686,0.876415,0.526081,0.952195,0.0,0.0,1.0,0.0,5.401333,8.561655,0.0,1,2
