mean_x,mean_y,mean_z,std_x,std_y,std_z,R,log_rmsW,rX_ratio,rY_ratio,rZ_ratio,psi,elev_normalized,elev_sin,elev_cos,is_synthetic,time_s,azimuth_deg,az_sector,elev_class,psi_cls
0.130386,-0.192967,-0.128758,0.585941,0.547827,0.534539,0.266112,0.02425,0.628953,0.589228,0.547593,0.733888,0.833333,0.965926,0.258819,0.0,0.481333,-10.317949,11.0,0,0
-0.017182,-0.177508,0.010817,0.576342,0.581338,0.545852,0.178666,0.031088,0.797543,0.886856,0.79323,0.821334,0.833333,0.965926,0.258819,0.0,1.891333,-60.991108,9.0,1,1
0.068381,-0.178408,0.005028,0.596653,0.556098,0.546103,0.19113,0.035428,0.752524,0.832325,0.676913,0.80887,0.833333,0.965926,0.258819,0.0,2.821333,-59.812453,10.0,1,1
0.112866,-0.270028,-0.00599,0.58392,0.550746,0.519641,0.292728,0.031377,0.651276,0.749226,0.520938,0.707272,0.833333,0.965926,0.258819,0.0,3.681333,-105.490565,8.0,1,0
0.093763,-0.196296,-0.051332,0.623755,0.538059,0.521021,0.223514,0.032498,0.749488,0.552178,0.541862,0.776486,0.833333,0.965926,0.258819,0.0,4.321333,-54.436825,10.0,0,0
0.011856,-0.113006,-0.026627,0.583557,0.47094,0.53398,0.116705,0.024185,0.791874,0.343023,0.584179,0.883295,0.833333,0.965926,0.258819,0.0,5.291333,-106.101048,8.0,0,2
0.044306,-0.056971,-0.007308,0.458797,0.308133,0.406661,0.07254,0.016038,0.706178,0.297145,0.556552,0.92746,0.833333,0.965926,0.258819,0.0,6.061333,174.07728,5.0,0,2
