mean_x,mean_y,mean_z,std_x,std_y,std_z,R,log_rmsW,rX_ratio,rY_ratio,rZ_ratio,psi,elev_normalized,elev_sin,elev_cos,is_synthetic,time_s,azimuth_deg,az_sector,elev_class,psi_cls
0.265341,0.077057,0.0,0.732854,0.621756,0.0,0.276303,0.03312,0.805231,0.405006,0.0,0.723697,0.0,0.0,1.0,1.0,0.651333,44.208463,1.0,0,0
0.30565,-0.121619,0.0,0.729614,0.599541,0.0,0.328958,0.029803,0.855507,0.32645,0.0,0.671043,0.0,0.0,1.0,1.0,1.541333,17.91338,0.0,0,0
0.182446,-0.245513,0.0,0.726808,0.614969,0.0,0.305881,0.028084,0.782925,0.535854,0.0,0.694119,0.0,0.0,1.0,1.0,2.421333,-4.600427,11.0,0,0
0.112395,-0.216727,0.0,0.62514,0.523383,0.0,0.244138,0.02436,0.780937,0.591747,0.0,0.755862,0.0,0.0,1.0,1.0,3.051333,-21.801064,11.0,0,0
0.018257,-0.168605,0.0,0.548454,0.509676,0.0,0.169591,0.020228,0.714201,0.659773,0.0,0.830409,0.0,0.0,1.0,1.0,3.321333,-24.415789,11.0,0,1
0.010188,-0.091024,0.0,0.407025,0.353941,0.0,0.091592,0.014404,0.764675,0.713796,0.0,0.908408,0.0,0.0,1.0,1.0,3.901333,-44.123881,10.0,0,2
