mean_x,mean_y,mean_z,std_x,std_y,std_z,R,log_rmsW,rX_ratio,rY_ratio,rZ_ratio,psi,elev_normalized,elev_sin,elev_cos,is_synthetic,time_s,azimuth_deg,az_sector,elev_class,psi_cls
0.281483,0.104591,0.0,0.721476,0.623939,0.0,0.300287,0.030002,0.885382,0.39621,0.0,0.699713,0.0,0.0,1.0,1.0,1.231333,45.999047,1.0,0,0
0.259081,0.00064,0.0,0.739401,0.62142,0.0,0.259082,0.030494,0.881098,0.361008,0.0,0.740918,0.0,0.0,1.0,1.0,2.181333,22.703955,0.0,0,0
0.302206,-0.085286,0.0,0.738954,0.596107,0.0,0.31401,0.030606,0.846967,0.414716,0.0,0.68599,0.0,0.0,1.0,1.0,2.741333,1.25279,0.0,0,0
0.16731,-0.081037,0.0,0.756655,0.626828,0.0,0.185902,0.026207,0.785785,0.478033,0.0,0.814098,0.0,0.0,1.0,1.0,2.981333,-5.763276,11.0,0,1
0.072662,-0.27362,0.0,0.708507,0.646428,0.0,0.283104,0.029163,0.565827,0.68677,0.0,0.716896,0.0,0.0,1.0,1.0,3.621333,-23.259572,11.0,0,0
0.049628,-0.236386,0.0,0.564551,0.576432,0.0,0.241539,0.025151,0.445073,0.756022,0.0,0.758461,0.0,0.0,1.0,1.0,4.331333,-46.278651,10.0,0,0
0.017746,-0.152003,0.0,0.312858,0.427824,0.0,0.153036,0.020328,0.339866,0.796571,0.0,0.846964,0.0,0.0,1.0,1.0,5.141333,-65.655396,9.0,0,2
