mean_x,mean_y,mean_z,std_x,std_y,std_z,R,log_rmsW,rX_ratio,rY_ratio,rZ_ratio,psi,elev_normalized,elev_sin,elev_cos,is_synthetic,time_s,azimuth_deg,az_sector,elev_class,psi_cls
0.081788,0.012469,-0.034224,0.587675,0.558587,0.57843,0.089532,0.007362,1.294238,1.119684,1.151533,0.910468,0.833333,0.965926,0.258819,0.0,1.481333,57.112427,1.0,0,2
0.085723,0.007246,-0.034756,0.585682,0.5616,0.577038,0.092785,0.005541,1.197687,1.09055,1.091117,0.907215,0.833333,0.965926,0.258819,0.0,2.321333,49.225494,1.0,0,2
-0.02973,0.032957,0.019773,0.592263,0.561908,0.57539,0.04859,0.01397,0.913124,0.834819,0.7937,0.95141,0.833333,0.965926,0.258819,0.0,3.711333,45.848987,1.0,1,2
-0.066933,0.058122,0.034674,0.602506,0.564336,0.556129,0.095186,0.015068,0.863215,0.79475,0.743515,0.904814,0.833333,0.965926,0.258819,0.0,4.811333,140.95402,4.0,2,2
-0.135391,0.149118,0.059668,0.581667,0.559384,0.551927,0.210065,0.018544,0.722563,0.716934,0.607288,0.789935,0.833333,0.965926,0.258819,0.0,6.711333,138.627316,4.0,2,1
-0.164262,0.095119,0.016327,0.601074,0.553335,0.544245,0.190516,0.006989,0.881807,0.767669,0.746307,0.809484,0.833333,0.965926,0.258819,0.0,9.361333,138.146122,4.0,1,1
