mean_x,mean_y,mean_z,std_x,std_y,std_z,R,log_rmsW,rX_ratio,rY_ratio,rZ_ratio,psi,elev_normalized,elev_sin,elev_cos,is_synthetic,time_s,azimuth_deg,az_sector,elev_class,psi_cls
0.331227,-0.17219,0.026423,0.63241,0.478445,0.480716,0.374245,0.044573,0.769119,0.458647,0.384582,0.625755,0.833333,0.965926,0.258819,0.0,6.501333,-28.283294,11.0,2,0
-0.015343,-0.029455,0.02674,0.59973,0.576066,0.553603,0.042638,0.002327,1.329277,1.25412,1.277889,0.957362,0.833333,0.965926,0.258819,0.0,12.631333,150.100183,5.0,2,2
0.163377,-0.335496,0.018924,0.588444,0.537424,0.474649,0.373641,0.04151,0.634709,0.68948,0.405584,0.626359,0.833333,0.965926,0.258819,0.0,16.411333,-60.853324,9.0,1,0
