mean_x,mean_y,mean_z,std_x,std_y,std_z,R,log_rmsW,rX_ratio,rY_ratio,rZ_ratio,psi,elev_normalized,elev_sin,elev_cos,is_synthetic,time_s,azimuth_deg,az_sector,elev_class,psi_cls
-0.909507,0.414291,0.0,0.014257,0.030615,0.0,0.99942,0.064974,0.835232,0.394892,0.0,0.00058,0.0,0.0,1.0,1.0,6.461333,155.031917,5.0,0,0
0.428281,-0.689433,0.0,0.465378,0.353094,0.0,0.81163,0.006072,0.607489,0.692436,0.0,0.18837,0.0,0.0,1.0,1.0,9.331333,-48.369816,10.0,0,0
0.162325,-0.329937,0.0,0.377526,0.420232,0.0,0.367706,0.00557,0.585603,0.712572,0.0,0.632294,0.0,0.0,1.0,1.0,12.341333,-61.044534,9.0,0,0
