mean_x,mean_y,mean_z,std_x,std_y,std_z,R,log_rmsW,rX_ratio,rY_ratio,rZ_ratio,psi,elev_normalized,elev_sin,elev_cos,is_synthetic,time_s,azimuth_deg,az_sector,elev_class,psi_cls
-0.070133,0.0521,0.056406,0.589195,0.559535,0.573448,0.103993,0.004566,1.143723,1.04812,1.216829,0.896007,0.833333,0.965926,0.258819,0.0,0.111333,139.309933,4.0,2,2
0.042333,-0.39851,0.016891,0.556396,0.552284,0.473834,0.401108,0.047993,0.520533,0.747235,0.411772,0.598892,0.833333,0.965926,0.258819,0.0,7.971333,-80.515147,9.0,1,0
