mean_x,mean_y,mean_z,std_x,std_y,std_z,R,log_rmsW,rX_ratio,rY_ratio,rZ_ratio,psi,elev_normalized,elev_sin,elev_cos,is_synthetic,time_s,azimuth_deg,az_sector,elev_class,psi_cls
-0.11543,-0.132127,-0.019112,0.620164,0.573253,0.505517,0.176485,0.002443,0.853023,0.698511,0.500766,0.823515,0.0,0.0,1.0,0.0,0.071333,-132.165376,7.0,0,1
-0.059993,-0.036049,-0.007678,0.468721,0.439722,0.389579,0.070411,0.00316,0.69768,0.484191,0.345318,0.929589,0.0,0.0,1.0,0.0,2.371333,-140.439437,7.0,0,2
