mean_x,mean_y,mean_z,std_x,std_y,std_z,R,log_rmsW,rX_ratio,rY_ratio,rZ_ratio,psi,elev_normalized,elev_sin,elev_cos,is_synthetic,time_s,azimuth_deg,az_sector,elev_class,psi_cls
-0.076353,0.84044,0.0,0.481353,0.236919,0.0,0.843901,0.06242,0.274871,0.880386,0.0,0.156099,0.0,0.0,1.0,1.0,1.191333,95.863175,3.0,0,0
-0.012777,0.837354,0.0,0.485464,0.250999,0.0,0.837451,0.071901,0.264105,0.886692,0.0,0.162549,0.0,0.0,1.0,1.0,2.641333,96.61273,3.0,0,0
0.10486,0.607224,0.0,0.409356,0.42552,0.0,0.616212,0.050468,0.278434,0.883417,0.0,0.383788,0.0,0.0,1.0,1.0,3.791333,85.407911,2.0,0,0
