mean_x,mean_y,mean_z,std_x,std_y,std_z,R,log_rmsW,rX_ratio,rY_ratio,rZ_ratio,psi,elev_normalized,elev_sin,elev_cos,is_synthetic,time_s,azimuth_deg,az_sector,elev_class,psi_cls
0.575821,0.603749,0.0,0.402346,0.376872,0.0,0.834316,0.047637,0.529083,0.757615,0.0,0.165684,0.0,0.0,1.0,1.0,0.401333,29.24756,0.0,0,0
0.480208,0.693964,0.0,0.379731,0.37897,0.0,0.843911,0.062443,0.47335,0.791498,0.0,0.156089,0.0,0.0,1.0,1.0,1.211333,52.580469,1.0,0,0
