mean_x,mean_y,mean_z,std_x,std_y,std_z,R,log_rmsW,rX_ratio,rY_ratio,rZ_ratio,psi,elev_normalized,elev_sin,elev_cos,is_synthetic,time_s,azimuth_deg,az_sector,elev_class,psi_cls
-0.084773,-0.439076,0.001644,0.534525,0.589321,0.408665,0.447188,0.051954,0.480255,0.803819,0.304908,0.552812,0.0,0.0,1.0,0.0,6.471333,-98.039407,8.0,1,0
-0.007109,-0.234786,-0.014313,0.573697,0.645682,0.445613,0.235329,0.047278,0.486613,0.800954,0.306002,0.764671,0.0,0.0,1.0,0.0,7.281333,-100.528048,8.0,0,0
0.067017,0.02444,-0.007727,0.325136,0.295221,0.237891,0.071751,0.002383,0.746431,0.613561,0.429605,0.928249,0.0,0.0,1.0,0.0,12.751333,16.236321,0.0,0,2
