mean_x,mean_y,mean_z,std_x,std_y,std_z,R,log_rmsW,rX_ratio,rY_ratio,rZ_ratio,psi,elev_normalized,elev_sin,elev_cos,is_synthetic,time_s,azimuth_deg,az_sector,elev_class,psi_cls
0.005673,-0.14102,0.020126,0.55952,0.560928,0.593263,0.142562,0.00756,1.138496,1.172578,1.383693,0.857438,0.444444,0.642788,0.766044,0.0,0.441333,-90.615378,8.0,1,2
0.102923,-0.095689,-0.004711,0.610603,0.557171,0.544755,0.140612,0.013607,1.023355,0.771166,0.760682,0.859388,0.444444,0.642788,0.766044,0.0,4.641333,-27.518421,11.0,1,2
0.177811,-0.146233,0.006641,0.618056,0.542233,0.520523,0.230315,0.015769,0.915146,0.719973,0.626032,0.769685,0.444444,0.642788,0.766044,0.0,6.531333,-29.710034,11.0,1,0
0.083505,-0.063637,0.009024,0.584391,0.599938,0.536006,0.105376,0.008982,0.978257,0.820237,0.73718,0.894624,0.444444,0.642788,0.766044,0.0,8.061333,-33.41925,10.0,1,2
