mean_x,mean_y,mean_z,std_x,std_y,std_z,R,log_rmsW,rX_ratio,rY_ratio,rZ_ratio,psi,elev_normalized,elev_sin,elev_cos,is_synthetic,time_s,azimuth_deg,az_sector,elev_class,psi_cls
-0.360667,-0.932074,0.0,0.031334,0.012502,0.0,0.999421,0.064974,0.345774,0.856734,0.0,0.000579,0.0,0.0,1.0,1.0,6.711333,-111.633219,8.0,0,0
0.311735,0.385783,0.0,0.502756,0.572312,0.0,0.495991,0.003278,0.582464,0.717139,0.0,0.504009,0.0,0.0,1.0,1.0,12.481333,51.324478,1.0,0,0
-0.699138,-0.519481,0.0,0.281265,0.208427,0.0,0.871008,0.059533,0.763339,0.520449,0.0,0.128992,0.0,0.0,1.0,1.0,17.461333,-145.706243,7.0,0,0
