mean_x,mean_y,mean_z,std_x,std_y,std_z,R,log_rmsW,rX_ratio,rY_ratio,rZ_ratio,psi,elev_normalized,elev_sin,elev_cos,is_synthetic,time_s,azimuth_deg,az_sector,elev_class,psi_cls
0.064205,0.094127,-0.01688,0.594836,0.587344,0.536462,0.115183,0.014156,0.869935,0.868087,0.802029,0.884817,0.833333,0.965926,0.258819,0.0,0.051333,63.719265,2.0,0,2
0.125927,0.127378,-0.01868,0.563833,0.586495,0.552886,0.180088,0.018986,0.671222,0.737908,0.614338,0.819912,0.833333,0.965926,0.258819,0.0,2.211333,55.471195,1.0,0,1
0.080287,0.075691,-0.013868,0.516562,0.516785,0.483143,0.111209,0.015111,0.706947,0.752592,0.644188,0.888791,0.833333,0.965926,0.258819,0.0,3.201333,50.634603,1.0,0,2
