mean_x,mean_y,mean_z,std_x,std_y,std_z,R,log_rmsW,rX_ratio,rY_ratio,rZ_ratio,psi,elev_normalized,elev_sin,elev_cos,is_synthetic,time_s,azimuth_deg,az_sector,elev_class,psi_cls
0.186497,-0.128238,-0.016264,0.666751,0.534999,0.466604,0.226915,0.04439,0.805138,0.471483,0.304887,0.773085,0.0,0.0,1.0,0.0,7.481333,-29.226423,11.0,0,0
-0.136106,0.059661,0.029603,0.58368,0.568709,0.559358,0.151528,0.003985,1.468968,1.332827,1.313275,0.848472,0.0,0.0,1.0,0.0,9.771333,171.028453,5.0,2,2
-0.134669,0.071761,0.036155,0.579056,0.571589,0.55978,0.15682,0.003269,1.554009,1.492517,1.535644,0.84318,0.0,0.0,1.0,0.0,11.101333,151.21232,5.0,2,1
-0.054372,0.033577,0.019836,0.586925,0.582803,0.557873,0.066912,0.00197,1.653161,1.63058,1.64471,0.933088,0.0,0.0,1.0,0.0,12.491333,151.471255,5.0,1,2
0.171241,-0.176211,-0.012137,0.603574,0.587648,0.479269,0.246011,0.003906,0.679006,0.663882,0.332585,0.753989,0.0,0.0,1.0,0.0,13.501333,148.074055,4.0,0,0
0.123053,-0.231862,-0.014919,0.580262,0.569122,0.423378,0.262915,0.043316,0.637282,0.742159,0.316528,0.737085,0.0,0.0,1.0,0.0,17.441333,-59.817875,10.0,0,0
