mean_x,mean_y,mean_z,std_x,std_y,std_z,R,log_rmsW,rX_ratio,rY_ratio,rZ_ratio,psi,elev_normalized,elev_sin,elev_cos,is_synthetic,time_s,azimuth_deg,az_sector,elev_class,psi_cls
0.07938,0.027424,-0.018649,0.598713,0.549213,0.576634,0.086029,0.008173,1.528892,1.147901,1.251389,0.913971,0.833333,0.965926,0.258819,0.0,0.111333,74.126865,2.0,0,2
0.093739,0.03616,-0.024737,0.593692,0.55434,0.574046,0.103472,0.005341,1.266374,1.069663,1.10794,0.896528,0.833333,0.965926,0.258819,0.0,1.821333,61.27594,2.0,0,2
0.042759,0.017533,-0.011727,0.478284,0.461196,0.45833,0.047679,0.003096,1.238037,1.071538,1.082251,0.952321,0.833333,0.965926,0.258819,0.0,3.201333,57.206514,1.0,0,2
