mean_x,mean_y,mean_z,std_x,std_y,std_z,R,log_rmsW,rX_ratio,rY_ratio,rZ_ratio,psi,elev_normalized,elev_sin,elev_cos,is_synthetic,time_s,azimuth_deg,az_sector,elev_class,psi_cls
-0.081913,0.013145,0.006447,0.619652,0.600779,0.498111,0.083211,0.013732,0.916705,0.711306,0.680383,0.916789,0.833333,0.965926,0.258819,0.0,0.311333,178.026894,5.0,1,2
-0.159284,0.028079,0.015014,0.639035,0.539833,0.523286,0.162436,0.016614,0.879442,0.617674,0.584426,0.837564,0.833333,0.965926,0.258819,0.0,2.211333,172.189812,5.0,1,1
-0.063602,0.015846,0.00876,0.546239,0.48764,0.46707,0.066129,0.011364,0.926109,0.722643,0.683893,0.933871,0.833333,0.965926,0.258819,0.0,3.741333,161.467268,5.0,1,2
