mean_x,mean_y,mean_z,std_x,std_y,std_z,R,log_rmsW,rX_ratio,rY_ratio,rZ_ratio,psi,elev_normalized,elev_sin,elev_cos,is_synthetic,time_s,azimuth_deg,az_sector,elev_class,psi_cls
0.888667,-0.456624,0.0,0.018631,0.030384,0.0,0.999117,0.011555,0.825892,0.414071,0.0,0.000883,0.0,0.0,1.0,1.0,0.221333,-24.533765,11.0,0,0
0.80809,-0.526477,0.0,0.14084,0.092549,0.0,0.964462,0.006311,0.774512,0.503671,0.0,0.035538,0.0,0.0,1.0,1.0,2.021333,-30.749713,10.0,0,0
0.255173,-0.243738,0.0,0.428405,0.292737,0.0,0.352876,0.004047,0.756608,0.530185,0.0,0.647124,0.0,0.0,1.0,1.0,3.251333,-35.019259,10.0,0,0
