mean_x,mean_y,mean_z,std_x,std_y,std_z,R,log_rmsW,rX_ratio,rY_ratio,rZ_ratio,psi,elev_normalized,elev_sin,elev_cos,is_synthetic,time_s,azimuth_deg,az_sector,elev_class,psi_cls
-0.104886,0.09552,0.023805,0.565137,0.573632,0.575145,0.143847,0.003354,1.284163,1.384242,1.361587,0.856153,0.0,0.0,1.0,0.0,0.111333,140.512041,4.0,2,2
0.05343,-0.29772,-0.008384,0.488946,0.608529,0.409539,0.302592,0.048063,0.427021,0.848156,0.295417,0.697408,0.0,0.0,1.0,0.0,8.771333,-78.375071,9.0,0,0
