mean_x,mean_y,mean_z,std_x,std_y,std_z,R,log_rmsW,rX_ratio,rY_ratio,rZ_ratio,psi,elev_normalized,elev_sin,elev_cos,is_synthetic,time_s,azimuth_deg,az_sector,elev_class,psi_cls
-0.271223,0.077817,0.002452,0.646656,0.514271,0.487561,0.282176,0.005308,0.891146,0.537751,0.475576,0.717824,0.0,0.0,1.0,0.0,0.051333,163.62365,5.0,1,0
0.202197,-0.302668,-0.015738,0.588147,0.559372,0.456547,0.364334,0.00615,0.717148,0.665513,0.385405,0.635666,0.0,0.0,1.0,0.0,5.071333,-46.53726,10.0,0,0
0.205515,-0.327208,-0.02205,0.579876,0.550735,0.45894,0.387024,0.005675,0.701709,0.728228,0.424085,0.612976,0.0,0.0,1.0,0.0,5.751333,-50.395269,10.0,0,0
0.170011,-0.322272,-0.020285,0.578613,0.562928,0.463814,0.364931,0.006943,0.669704,0.719806,0.401521,0.635069,0.0,0.0,1.0,0.0,7.421333,-59.999214,10.0,0,0
