mean_x,mean_y,mean_z,std_x,std_y,std_z,R,log_rmsW,rX_ratio,rY_ratio,rZ_ratio,psi,elev_normalized,elev_sin,elev_cos,is_synthetic,time_s,azimuth_deg,az_sector,elev_class,psi_cls
-0.330197,0.070597,0.037146,0.674216,0.51283,0.408684,0.339697,0.013327,0.816377,0.435542,0.288212,0.660303,0.0,0.0,1.0,0.0,0.051333,163.976944,5.0,2,0
-0.142808,0.052317,0.038882,0.692673,0.539859,0.451771,0.156981,0.011583,0.737768,0.423819,0.298764,0.843019,0.0,0.0,1.0,0.0,2.111333,161.388729,5.0,2,1
