mean_x,mean_y,mean_z,std_x,std_y,std_z,R,log_rmsW,rX_ratio,rY_ratio,rZ_ratio,psi,elev_normalized,elev_sin,elev_cos,is_synthetic,time_s,azimuth_deg,az_sector,elev_class,psi_cls
0.927449,0.372168,0.0,0.014067,0.031292,0.0,0.999335,0.013354,0.857987,0.342653,0.0,0.000665,0.0,0.0,1.0,1.0,0.251333,23.722116,0.0,0,0
-0.927675,-0.143061,0.0,0.177952,0.045232,0.0,0.938641,0.034946,0.909419,0.16282,0.0,0.061359,0.0,0.0,1.0,1.0,4.001333,-168.818581,6.0,0,0
-0.998363,-0.040444,0.0,0.010878,0.033564,0.0,0.999182,0.042673,0.92225,0.054847,0.0,0.000818,0.0,0.0,1.0,1.0,5.901333,-175.188718,6.0,0,0
-0.947904,-0.107515,0.0,0.098269,0.276121,0.0,0.953982,0.023967,0.922373,0.052733,0.0,0.046019,0.0,0.0,1.0,1.0,7.431333,-179.993056,6.0,0,0
-0.8051,-0.590803,0.0,0.026046,0.02979,0.0,0.998616,0.005943,0.737558,0.556382,0.0,0.001384,0.0,0.0,1.0,1.0,9.161333,-141.680136,7.0,0,0
-0.442583,-0.03667,0.0,0.550041,0.571671,0.0,0.4441,0.002935,0.810455,0.443524,0.0,0.5559,0.0,0.0,1.0,1.0,12.511333,-152.309655,6.0,0,0
0.498471,0.865883,0.0,0.029643,0.019517,0.0,0.999113,0.009496,0.447858,0.808069,0.0,0.000887,0.0,0.0,1.0,1.0,15.681333,62.531363,2.0,0,0
