mean_x,mean_y,mean_z,std_x,std_y,std_z,R,log_rmsW,rX_ratio,rY_ratio,rZ_ratio,psi,elev_normalized,elev_sin,elev_cos,is_synthetic,time_s,azimuth_deg,az_sector,elev_class,psi_cls
0.017055,0.111381,0.026568,0.565259,0.616132,0.536001,0.115769,0.012519,0.697256,0.98547,0.71554,0.884231,0.0,0.0,1.0,0.0,0.141333,62.538615,2.0,2,2
0.124816,0.144196,0.008814,0.562362,0.62459,0.507134,0.190917,0.016823,0.671297,0.834023,0.546014,0.809083,0.0,0.0,1.0,0.0,2.271333,55.498654,1.0,1,1
0.052628,0.057629,0.009283,0.391221,0.441595,0.353952,0.078594,0.009635,0.709564,0.88081,0.62613,0.921406,0.0,0.0,1.0,0.0,3.801333,49.427467,1.0,1,2
