mean_x,mean_y,mean_z,std_x,std_y,std_z,R,log_rmsW,rX_ratio,rY_ratio,rZ_ratio,psi,elev_normalized,elev_sin,elev_cos,is_synthetic,time_s,azimuth_deg,az_sector,elev_class,psi_cls
0.731892,0.587705,0.0,0.139013,0.119915,0.0,0.93865,0.034946,0.709097,0.592228,0.0,0.06135,0.0,0.0,1.0,1.0,4.861333,41.170498,1.0,0,0
0.844445,0.534113,0.0,0.020187,0.028943,0.0,0.999181,0.042673,0.77725,0.499434,0.0,0.000819,0.0,0.0,1.0,1.0,6.761333,34.795916,1.0,0,0
0.727714,0.546975,0.0,0.291844,0.244436,0.0,0.910357,0.024543,0.800122,0.461881,0.0,0.089643,0.0,0.0,1.0,1.0,8.291333,30.014553,1.0,0,0
0.60455,0.541617,0.0,0.401077,0.424621,0.0,0.811683,0.006303,0.594788,0.703041,0.0,0.188317,0.0,0.0,1.0,1.0,10.321333,52.690951,1.0,0,0
0.529796,0.449435,0.0,0.385691,0.442156,0.0,0.694748,0.006289,0.638442,0.6673,0.0,0.305252,0.0,0.0,1.0,1.0,13.021333,39.562248,1.0,0,0
