mean_x,mean_y,mean_z,std_x,std_y,std_z,R,log_rmsW,rX_ratio,rY_ratio,rZ_ratio,psi,elev_normalized,elev_sin,elev_cos,is_synthetic,time_s,azimuth_deg,az_sector,elev_class,psi_cls
-0.274458,-0.093561,-0.028572,0.694519,0.475083,0.45502,0.291371,0.063484,0.843014,0.387615,0.355434,0.708629,0.833333,0.965926,0.258819,0.0,1.981333,-165.733618,6.0,0,0
-0.251356,-0.052066,-0.034497,0.680063,0.501464,0.467926,0.258999,0.055836,0.851009,0.396092,0.369179,0.741,0.833333,0.965926,0.258819,0.0,3.161333,-174.050077,6.0,0,0
