mean_x,mean_y,mean_z,std_x,std_y,std_z,R,log_rmsW,rX_ratio,rY_ratio,rZ_ratio,psi,elev_normalized,elev_sin,elev_cos,is_synthetic,time_s,azimuth_deg,az_sector,elev_class,psi_cls
0.068671,0.081923,0.005691,0.607345,0.552109,0.561081,0.107049,0.004096,1.549473,1.136373,1.277483,0.892951,0.833333,0.965926,0.258819,0.0,0.081333,100.88356,3.0,1,2
0.052512,-0.355271,-0.025085,0.590277,0.570824,0.442865,0.360006,0.055455,0.595679,0.754943,0.367538,0.639994,0.833333,0.965926,0.258819,0.0,6.381333,-75.590384,9.0,0,0
0.018722,-0.346268,-0.031751,0.600173,0.568455,0.44203,0.348225,0.058577,0.600176,0.742348,0.36347,0.651775,0.833333,0.965926,0.258819,0.0,7.491333,-80.304449,9.0,0,0
0.027919,-0.281173,-0.01149,0.596411,0.579931,0.477456,0.282789,0.040198,0.597773,0.700246,0.364716,0.717211,0.833333,0.965926,0.258819,0.0,8.681333,-84.56778,9.0,0,0
0.024137,-0.165756,0.013459,0.6025,0.540854,0.562334,0.168044,0.005251,1.337762,1.134347,1.144037,0.831956,0.833333,0.965926,0.258819,0.0,12.291333,-82.220251,9.0,1,1
-0.010556,0.007544,0.003261,0.385737,0.349345,0.363372,0.013378,0.000431,0.963096,0.867697,0.961381,0.986622,0.833333,0.965926,0.258819,0.0,14.701333,-146.275085,7.0,1,2
