mean_x,mean_y,mean_z,std_x,std_y,std_z,R,log_rmsW,rX_ratio,rY_ratio,rZ_ratio,psi,elev_normalized,elev_sin,elev_cos,is_synthetic,time_s,azimuth_deg,az_sector,elev_class,psi_cls
0.996086,-0.08155,0.0,0.004292,0.033516,0.0,0.999419,0.064456,0.919614,0.088669,0.0,0.000581,0.0,0.0,1.0,1.0,1.871333,-5.013266,11.0,0,0
0.231809,0.115098,0.0,0.391936,0.194663,0.0,0.25881,0.000747,0.823756,0.4183,0.0,0.74119,0.0,0.0,1.0,1.0,6.731333,26.703737,0.0,0,0
