mean_x,mean_y,mean_z,std_x,std_y,std_z,R,log_rmsW,rX_ratio,rY_ratio,rZ_ratio,psi,elev_normalized,elev_sin,elev_cos,is_synthetic,time_s,azimuth_deg,az_sector,elev_class,psi_cls
0.987707,-0.11021,0.0,0.071574,0.034095,0.0,0.993837,0.005675,0.91932,0.091663,0.0,0.006163,0.0,0.0,1.0,1.0,0.121333,-3.554139,11.0,0,0
0.241109,-0.078309,0.0,0.789594,0.286875,0.0,0.253507,0.015412,0.865865,0.320842,0.0,0.746493,0.0,0.0,1.0,1.0,3.671333,-15.602224,11.0,0,0
-0.841726,-0.147788,0.0,0.227994,0.466556,0.0,0.854601,0.06966,0.873159,0.306791,0.0,0.145399,0.0,0.0,1.0,1.0,6.431333,-167.039336,6.0,0,0
-0.881265,-0.009448,0.0,0.216541,0.402605,0.0,0.881315,0.050522,0.879844,0.289181,0.0,0.118685,0.0,0.0,1.0,1.0,8.561333,179.641171,5.0,0,0
0.023192,0.16891,0.0,0.050772,0.368643,0.0,0.170494,0.000275,0.13243,0.914339,0.0,0.829506,0.0,0.0,1.0,1.0,15.141333,81.838305,2.0,0,1
