mean_x,mean_y,mean_z,std_x,std_y,std_z,R,log_rmsW,rX_ratio,rY_ratio,rZ_ratio,psi,elev_normalized,elev_sin,elev_cos,is_synthetic,time_s,azimuth_deg,az_sector,elev_class,psi_cls
-0.256791,-0.120285,-0.018024,0.695458,0.510937,0.417787,0.284139,0.058119,0.688911,0.366745,0.276488,0.715861,0.444444,0.642788,0.766044,0.0,1.791333,-164.912448,6.0,0,0
-0.263463,-0.063742,-0.022199,0.679894,0.532458,0.424575,0.271972,0.056053,0.700034,0.371908,0.272059,0.728028,0.444444,0.642788,0.766044,0.0,3.111333,-162.809881,6.0,0,0
-0.146086,-0.022189,-0.016936,0.538198,0.432944,0.339914,0.148729,0.037362,0.735791,0.372488,0.278852,0.851271,0.444444,0.642788,0.766044,0.0,4.031333,179.792253,5.0,0,2
