mean_x,mean_y,mean_z,std_x,std_y,std_z,R,log_rmsW,rX_ratio,rY_ratio,rZ_ratio,psi,elev_normalized,elev_sin,elev_cos,is_synthetic,time_s,azimuth_deg,az_sector,elev_class,psi_cls
-0.300029,0.186373,0.019714,0.583425,0.567144,0.461282,0.353753,0.026175,0.702272,0.532867,0.3232,0.646247,0.444444,0.642788,0.766044,0.0,0.211333,134.984962,4.0,1,0
-0.322394,0.136934,0.009131,0.63178,0.544437,0.426229,0.350388,0.047083,0.690891,0.452921,0.272464,0.649612,0.444444,0.642788,0.766044,0.0,1.241333,152.018148,5.0,1,0
-0.319324,0.16723,0.003005,0.615941,0.548978,0.435082,0.360476,0.056763,0.664474,0.472223,0.278176,0.639524,0.444444,0.642788,0.766044,0.0,2.661333,149.005615,4.0,1,0
