mean_x,mean_y,mean_z,std_x,std_y,std_z,R,log_rmsW,rX_ratio,rY_ratio,rZ_ratio,psi,elev_normalized,elev_sin,elev_cos,is_synthetic,time_s,azimuth_deg,az_sector,elev_class,psi_cls
-0.015559,0.227742,0.03553,0.54706,0.59619,0.540261,0.231022,0.004704,0.598516,0.798037,0.599775,0.768978,0.833333,0.965926,0.258819,0.0,0.051333,97.812035,3.0,2,0
-0.096838,0.234851,-0.008311,0.511042,0.665458,0.481041,0.254169,0.044068,0.463024,0.783776,0.381438,0.745831,0.833333,0.965926,0.258819,0.0,6.151333,115.37144,3.0,0,0
-0.062404,0.214163,-0.011777,0.521208,0.675105,0.471874,0.22338,0.050176,0.436426,0.784991,0.377063,0.77662,0.833333,0.965926,0.258819,0.0,8.081333,107.989713,3.0,0,0
