mean_x,mean_y,mean_z,std_x,std_y,std_z,R,log_rmsW,rX_ratio,rY_ratio,rZ_ratio,psi,elev_normalized,elev_sin,elev_cos,is_synthetic,time_s,azimuth_deg,az_sector,elev_class,psi_cls
-0.28435,0.322456,0.052988,0.497918,0.597529,0.455407,0.433175,0.011651,0.565416,0.718395,0.356377,0.566825,0.444444,0.642788,0.766044,0.0,0.071333,131.058247,4.0,2,0
0.033209,-0.142311,0.026404,0.546348,0.610746,0.553423,0.1485,0.014638,0.638898,0.911778,0.724169,0.8515,0.444444,0.642788,0.766044,0.0,4.001333,-79.618782,9.0,2,2
0.030898,-0.315796,0.028718,0.516714,0.575412,0.548077,0.318601,0.018167,0.52787,0.864037,0.617661,0.681399,0.444444,0.642788,0.766044,0.0,5.891333,-81.991479,9.0,2,0
0.018786,-0.241735,0.016639,0.536172,0.581906,0.561064,0.243034,0.01487,0.567158,0.879345,0.674913,0.756966,0.444444,0.642788,0.766044,0.0,6.891333,-85.461938,9.0,1,0
-0.027465,-0.064838,0.018512,0.603571,0.579846,0.542307,0.072808,0.002231,1.2019,1.412811,1.234293,0.927192,0.444444,0.642788,0.766044,0.0,12.441333,-68.383384,9.0,1,2
-0.138194,0.017667,0.043204,0.580522,0.565759,0.5671,0.145864,0.00717,1.349218,1.196623,1.245566,0.854136,0.444444,0.642788,0.766044,0.0,14.881333,161.898777,5.0,2,2
