mean_x,mean_y,mean_z,std_x,std_y,std_z,R,log_rmsW,rX_ratio,rY_ratio,rZ_ratio,psi,elev_normalized,elev_sin,elev_cos,is_synthetic,time_s,azimuth_deg,az_sector,elev_class,psi_cls
0.129012,0.930475,0.0,0.036712,0.17797,0.0,0.939376,0.034795,0.115944,0.916575,0.0,0.060624,0.0,0.0,1.0,1.0,0.361333,84.408847,2.0,0,0
0.247651,0.96805,0.0,0.032676,0.012208,0.0,0.999226,0.042675,0.225237,0.896002,0.0,0.000774,0.0,0.0,1.0,1.0,2.261333,78.145311,2.0,0,0
0.17159,0.689229,0.0,0.209862,0.421175,0.0,0.710267,0.024573,0.273507,0.882466,0.0,0.289733,0.0,0.0,1.0,1.0,3.791333,73.337793,2.0,0,0
0.000996,0.163054,0.0,0.14424,0.355227,0.0,0.163057,0.009731,0.31505,0.868512,0.0,0.836943,0.0,0.0,1.0,1.0,4.901333,70.062169,2.0,0,1
