mean_x,mean_y,mean_z,std_x,std_y,std_z,R,log_rmsW,rX_ratio,rY_ratio,rZ_ratio,psi,elev_normalized,elev_sin,elev_cos,is_synthetic,time_s,azimuth_deg,az_sector,elev_class,psi_cls
0.054286,0.05689,0.036471,0.540867,0.604473,0.578404,0.086681,0.006554,1.1388,1.53764,1.453917,0.913319,0.0,0.0,1.0,0.0,0.741333,62.158425,2.0,2,2
0.069391,0.061673,0.034192,0.548012,0.599355,0.574973,0.098933,0.003849,0.993845,1.247557,1.176938,0.901067,0.0,0.0,1.0,0.0,2.781333,52.924509,1.0,2,2
-0.133178,0.116198,0.041542,0.568225,0.596052,0.537314,0.181561,0.013724,0.865374,0.877845,0.730419,0.818439,0.0,0.0,1.0,0.0,4.871333,141.791987,4.0,2,1
-0.20362,0.203199,0.014344,0.543634,0.585315,0.52809,0.288022,0.01667,0.720689,0.824227,0.592462,0.711978,0.0,0.0,1.0,0.0,6.771333,138.394064,4.0,1,0
-0.157965,0.129997,0.023816,0.57297,0.591724,0.528281,0.20596,0.010942,0.754516,0.882022,0.69422,0.79404,0.0,0.0,1.0,0.0,8.301333,133.88589,4.0,2,1
