mean_x,mean_y,mean_z,std_x,std_y,std_z,R,log_rmsW,rX_ratio,rY_ratio,rZ_ratio,psi,elev_normalized,elev_sin,elev_cos,is_synthetic,time_s,azimuth_deg,az_sector,elev_class,psi_cls
0.83168,0.193932,0.0,0.228179,0.467582,0.0,0.853991,0.068547,0.859465,0.341546,0.0,0.146009,0.0,0.0,1.0,1.0,6.521333,14.417965,0.0,0,0
0.836338,0.082785,0.0,0.239595,0.486031,0.0,0.840425,0.063307,0.871392,0.314759,0.0,0.159575,0.0,0.0,1.0,1.0,8.221333,5.065445,0.0,0,0
-0.398731,0.70479,0.0,0.474458,0.344376,0.0,0.809763,0.006361,0.610083,0.690747,0.0,0.190237,0.0,0.0,1.0,1.0,10.361333,125.4616,4.0,0,0
-0.379904,0.716491,0.0,0.480699,0.333523,0.0,0.810979,0.00612,0.557263,0.73419,0.0,0.189021,0.0,0.0,1.0,1.0,11.081333,128.044994,4.0,0,0
-0.143147,0.33872,0.0,0.373679,0.423637,0.0,0.367726,0.00557,0.553289,0.737938,0.0,0.632274,0.0,0.0,1.0,1.0,13.841333,118.051411,3.0,0,0
