mean_x,mean_y,mean_z,std_x,std_y,std_z,R,log_rmsW,rX_ratio,rY_ratio,rZ_ratio,psi,elev_normalized,elev_sin,elev_cos,is_synthetic,time_s,azimuth_deg,az_sector,elev_class,psi_cls
-0.079362,-0.120678,0.002307,0.606211,0.562363,0.543398,0.144453,0.002294,0.751564,0.674786,0.6269,0.855547,0.833333,0.965926,0.258819,0.0,0.071333,-120.00451,7.0,1,2
-0.004898,-0.009899,-0.005259,0.233315,0.228357,0.218848,0.012233,0.000342,1.032646,1.07616,0.993032,0.987767,0.833333,0.965926,0.258819,0.0,3.201333,-136.334643,7.0,1,2
