mean_x,mean_y,mean_z,std_x,std_y,std_z,R,log_rmsW,rX_ratio,rY_ratio,rZ_ratio,psi,elev_normalized,elev_sin,elev_cos,is_synthetic,time_s,azimuth_deg,az_sector,elev_class,psi_cls
0.830007,0.548438,0.0,0.057048,0.045235,0.0,0.994834,0.005678,0.76281,0.521222,0.0,0.005166,0.0,0.0,1.0,1.0,0.361333,36.050905,1.0,0,0
0.305547,0.14572,0.0,0.757226,0.303554,0.0,0.338516,0.003017,0.844495,0.374673,0.0,0.661484,0.0,0.0,1.0,1.0,3.851333,24.403256,0.0,0,0
-0.989539,-0.139899,0.0,0.005691,0.033279,0.0,0.99938,0.063861,0.9148,0.129202,0.0,0.00062,0.0,0.0,1.0,1.0,8.201333,-171.888994,6.0,0,0
