mean_x,mean_y,mean_z,std_x,std_y,std_z,R,log_rmsW,rX_ratio,rY_ratio,rZ_ratio,psi,elev_normalized,elev_sin,elev_cos,is_synthetic,time_s,azimuth_deg,az_sector,elev_class,psi_cls
-0.536551,0.841153,0.0,0.032273,0.030494,0.0,0.99771,0.003031,0.502672,0.775161,0.0,0.00229,0.0,0.0,1.0,1.0,0.051333,124.314601,4.0,0,0
-0.172779,0.358886,0.0,0.212268,0.440681,0.0,0.398311,0.002855,0.410318,0.827749,0.0,0.601689,0.0,0.0,1.0,1.0,2.701333,116.093104,3.0,0,0
