mean_x,mean_y,mean_z,std_x,std_y,std_z,R,log_rmsW,rX_ratio,rY_ratio,rZ_ratio,psi,elev_normalized,elev_sin,elev_cos,is_synthetic,time_s,azimuth_deg,az_sector,elev_class,psi_cls
-0.08772,-0.028977,0.006763,0.550999,0.664136,0.496563,0.092629,0.013253,1.028635,0.764169,0.795697,0.907371,0.444444,0.642788,0.766044,0.0,0.391333,178.072911,5.0,1,2
-0.173299,0.011507,0.018662,0.622553,0.555042,0.523299,0.17468,0.016092,0.925403,0.652873,0.630317,0.82532,0.444444,0.642788,0.766044,0.0,2.281333,169.574556,5.0,1,1
-0.066302,0.005444,0.009947,0.488735,0.532666,0.438845,0.067265,0.010784,0.991545,0.747001,0.751017,0.932735,0.444444,0.642788,0.766044,0.0,3.821333,164.293747,5.0,1,2
-0.003222,-0.000743,-0.001991,0.231396,0.250151,0.23154,0.003859,0.005425,1.113792,0.868811,0.933268,0.996141,0.444444,0.642788,0.766044,0.0,4.921333,174.277992,5.0,1,2
