mean_x,mean_y,mean_z,std_x,std_y,std_z,R,log_rmsW,rX_ratio,rY_ratio,rZ_ratio,psi,elev_normalized,elev_sin,elev_cos,is_synthetic,time_s,azimuth_deg,az_sector,elev_class,psi_cls
-0.03377,0.250154,0.029638,0.535857,0.632015,0.49878,0.254157,0.046136,0.374437,0.703361,0.390533,0.745843,0.833333,0.965926,0.258819,0.0,1.981333,96.757305,3.0,2,0
-0.022617,0.041569,0.008451,0.260971,0.273783,0.241575,0.048072,0.000289,0.679544,0.722457,0.586248,0.951928,0.833333,0.965926,0.258819,0.0,6.851333,129.607518,4.0,1,2
