mean_x,mean_y,mean_z,std_x,std_y,std_z,R,log_rmsW,rX_ratio,rY_ratio,rZ_ratio,psi,elev_normalized,elev_sin,elev_cos,is_synthetic,time_s,azimuth_deg,az_sector,elev_class,psi_cls
0.294498,0.954863,0.0,0.032193,0.013667,0.0,0.999246,0.006414,0.272285,0.882844,0.0,0.000754,0.0,0.0,1.0,1.0,0.321333,75.108734,2.0,0,0
-0.676577,-0.443095,0.0,0.363301,0.459154,0.0,0.808758,0.006361,0.662035,0.641126,0.0,0.191242,0.0,0.0,1.0,1.0,4.861333,-139.507397,7.0,0,0
-0.711357,-0.386565,0.0,0.329648,0.485637,0.0,0.809605,0.007322,0.717424,0.580011,0.0,0.190395,0.0,0.0,1.0,1.0,6.981333,-148.130522,7.0,0,0
