mean_x,mean_y,mean_z,std_x,std_y,std_z,R,log_rmsW,rX_ratio,rY_ratio,rZ_ratio,psi,elev_normalized,elev_sin,elev_cos,is_synthetic,time_s,azimuth_deg,az_sector,elev_class,psi_cls
-0.039172,0.069734,0.041512,0.557918,0.624718,0.538803,0.090114,0.003398,1.464779,2.010032,1.355429,0.909886,0.444444,0.642788,0.766044,0.0,0.821333,124.595182,4.0,2,2
0.083623,-0.411348,0.017443,0.521947,0.570889,0.474502,0.420124,0.043348,0.480025,0.771596,0.408847,0.579876,0.444444,0.642788,0.766044,0.0,6.051333,-78.853745,9.0,1,0
