mean_x,mean_y,mean_z,std_x,std_y,std_z,R,log_rmsW,rX_ratio,rY_ratio,rZ_ratio,psi,elev_normalized,elev_sin,elev_cos,is_synthetic,time_s,azimuth_deg,az_sector,elev_class,psi_cls
0.035951,0.079954,0.029826,0.539757,0.611047,0.571566,0.0926,0.006606,1.123904,1.552929,1.373523,0.9074,0.0,0.0,1.0,0.0,0.071333,75.255008,2.0,2,2
0.015953,0.04207,0.022047,0.41154,0.452636,0.414336,0.050104,0.002441,0.957397,1.307139,1.182375,0.949896,0.0,0.0,1.0,0.0,3.411333,61.254525,2.0,2,2
