mean_x,mean_y,mean_z,std_x,std_y,std_z,R,log_rmsW,rX_ratio,rY_ratio,rZ_ratio,psi,elev_normalized,elev_sin,elev_cos,is_synthetic,time_s,azimuth_deg,az_sector,elev_class,psi_cls
0.825106,-0.210378,0.0,0.294489,0.433842,0.0,0.851503,0.070064,0.887449,0.261466,0.0,0.148497,0.0,0.0,1.0,1.0,6.611333,-10.294808,11.0,0,0
0.793596,-0.272614,0.0,0.323225,0.437506,0.0,0.839115,0.072055,0.871063,0.311119,0.0,0.160885,0.0,0.0,1.0,1.0,7.471333,-19.340059,11.0,0,0
