mean_x,mean_y,mean_z,std_x,std_y,std_z,R,log_rmsW,rX_ratio,rY_ratio,rZ_ratio,psi,elev_normalized,elev_sin,elev_cos,is_synthetic,time_s,azimuth_deg,az_sector,elev_class,psi_cls
-0.418072,0.091589,0.022592,0.624818,0.466959,0.455903,0.428583,0.01383,0.816604,0.377969,0.348178,0.571417,0.444444,0.642788,0.766044,0.0,0.261333,167.136255,5.0,2,0
-0.019721,0.003005,0.004505,0.677053,0.538054,0.501646,0.020451,0.008844,0.757595,0.423127,0.393536,0.979549,0.444444,0.642788,0.766044,0.0,2.801333,165.302199,5.0,1,2
0.232638,-0.073983,-0.003845,0.63611,0.531246,0.50352,0.244149,0.005374,0.784895,0.4864,0.448089,0.755851,0.444444,0.642788,0.766044,0.0,4.111333,3.937059,0.0,1,0
0.221779,-0.104085,0.007498,0.633407,0.533613,0.503961,0.245104,0.005938,0.802953,0.51527,0.467043,0.754896,0.444444,0.642788,0.766044,0.0,6.441333,-11.911597,11.0,1,0
0.057646,-0.030077,-0.003349,0.347581,0.291897,0.264114,0.065107,0.00237,0.783914,0.533653,0.464583,0.934893,0.444444,0.642788,0.766044,0.0,7.951333,-18.763847,11.0,1,2
