mean_x,mean_y,mean_z,std_x,std_y,std_z,R,log_rmsW,rX_ratio,rY_ratio,rZ_ratio,psi,elev_normalized,elev_sin,elev_cos,is_synthetic,time_s,azimuth_deg,az_sector,elev_class,psi_cls
-0.061495,0.258709,-0.012301,0.507111,0.639685,0.512558,0.266202,0.004768,0.473342,0.871108,0.485273,0.733798,0.0,0.0,1.0,0.0,0.051333,103.464856,3.0,0,0
-0.14749,0.344768,0.035818,0.523977,0.642684,0.412922,0.376698,0.045214,0.456135,0.745743,0.26044,0.623302,0.0,0.0,1.0,0.0,6.321333,115.923162,3.0,2,0
-0.055133,0.242433,0.019818,0.551802,0.668915,0.431113,0.249412,0.046099,0.417951,0.745381,0.262643,0.750588,0.0,0.0,1.0,0.0,8.261333,110.581954,3.0,1,0
-0.220271,-0.195658,0.004157,0.583748,0.545743,0.435175,0.29465,0.006313,0.671876,0.651461,0.36765,0.70535,0.0,0.0,1.0,0.0,12.931333,-133.400717,7.0,1,0
