mean_x,mean_y,mean_z,std_x,std_y,std_z,R,log_rmsW,rX_ratio,rY_ratio,rZ_ratio,psi,elev_normalized,elev_sin,elev_cos,is_synthetic,time_s,azimuth_deg,az_sector,elev_class,psi_cls
-0.192119,0.271515,0.070711,0.491428,0.574166,0.559645,0.340044,0.011045,0.513821,0.670778,0.513525,0.659956,0.833333,0.965926,0.258819,0.0,0.091333,131.045869,4.0,2,0
-0.026956,-0.073876,0.021501,0.577065,0.610028,0.536788,0.081527,0.01524,0.805818,0.859412,0.698916,0.918473,0.833333,0.965926,0.258819,0.0,3.071333,119.937959,3.0,1,2
-0.006777,-0.126197,0.008097,0.596917,0.602191,0.514697,0.126638,0.015155,0.829356,0.879026,0.710898,0.873362,0.833333,0.965926,0.258819,0.0,4.001333,-78.970015,9.0,1,2
0.025727,-0.288023,0.007349,0.580417,0.55767,0.518117,0.289263,0.019255,0.670896,0.791456,0.554703,0.710737,0.833333,0.965926,0.258819,0.0,5.901333,-83.459155,9.0,1,0
0.013035,-0.203472,0.001823,0.588586,0.577723,0.527428,0.203898,0.015868,0.720718,0.810167,0.597517,0.796102,0.833333,0.965926,0.258819,0.0,6.901333,-84.550111,9.0,1,1
-0.134436,0.000194,0.041561,0.582283,0.564755,0.567615,0.140714,0.008417,1.193026,1.130324,1.044486,0.859286,0.833333,0.965926,0.258819,0.0,14.881333,158.738825,5.0,2,2
-0.16295,0.027181,0.034635,0.582504,0.559469,0.56496,0.168793,0.005442,1.102613,0.997866,0.967287,0.831207,0.833333,0.965926,0.258819,0.0,16.521333,152.212214,5.0,2,1
