mean_x,mean_y,mean_z,std_x,std_y,std_z,R,log_rmsW,rX_ratio,rY_ratio,rZ_ratio,psi,elev_normalized,elev_sin,elev_cos,is_synthetic,time_s,azimuth_deg,az_sector,elev_class,psi_cls
-0.990941,0.127553,0.0,0.012583,0.033345,0.0,0.999116,0.011401,0.916837,0.113856,0.0,0.000884,0.0,0.0,1.0,1.0,0.511333,175.369179,5.0,0,0
-0.340842,-0.877439,0.0,0.064941,0.164751,0.0,0.941314,0.034987,0.319891,0.866731,0.0,0.058686,0.0,0.0,1.0,1.0,4.611333,-108.798004,8.0,0,0
-0.463593,-0.884708,0.0,0.031048,0.022346,0.0,0.998813,0.04266,0.424297,0.820685,0.0,0.001187,0.0,0.0,1.0,1.0,6.501333,-115.175578,8.0,0,0
-0.303682,-0.746521,0.0,0.289761,0.304367,0.0,0.805926,0.022862,0.460326,0.801032,0.0,0.194074,0.0,0.0,1.0,1.0,8.031333,-119.946056,8.0,0,0
-0.147703,-0.381231,0.0,0.229247,0.705968,0.0,0.408844,0.002911,0.048084,0.922627,0.0,0.591156,0.0,0.0,1.0,1.0,13.111333,-92.282146,8.0,0,0
-0.098016,0.124439,0.0,0.22553,0.286312,0.0,0.158405,9e-05,0.571926,0.725566,0.0,0.841595,0.0,0.0,1.0,1.0,14.681333,128.239264,4.0,0,1
