mean_x,mean_y,mean_z,std_x,std_y,std_z,R,log_rmsW,rX_ratio,rY_ratio,rZ_ratio,psi,elev_normalized,elev_sin,elev_cos,is_synthetic,time_s,azimuth_deg,az_sector,elev_class,psi_cls
-0.215342,0.310261,0.01039,0.520654,0.604472,0.469885,0.377812,0.044825,0.497469,0.671426,0.343916,0.622188,0.444444,0.642788,0.766044,0.0,6.471333,122.563308,4.0,1,0
-0.100812,0.058782,0.003008,0.565447,0.653278,0.489726,0.116737,0.034762,0.402719,0.627316,0.339599,0.883263,0.444444,0.642788,0.766044,0.0,8.991333,108.871185,3.0,1,2
-0.048866,-0.045204,-0.002209,0.295465,0.275966,0.229158,0.066605,0.002204,0.732218,0.618336,0.469504,0.933396,0.444444,0.642788,0.766044,0.0,14.321333,-143.118883,7.0,1,2
