mean_x,mean_y,mean_z,std_x,std_y,std_z,R,log_rmsW,rX_ratio,rY_ratio,rZ_ratio,psi,elev_normalized,elev_sin,elev_cos,is_synthetic,time_s,azimuth_deg,az_sector,elev_class,psi_cls
-0.28759,0.061002,0.01093,0.61418,0.528387,0.506981,0.294191,0.005313,0.859609,0.565363,0.524786,0.705809,0.444444,0.642788,0.766044,0.0,0.051333,167.999691,5.0,1,0
0.139623,-0.282445,0.009022,0.58051,0.553236,0.507529,0.3152,0.005966,0.660975,0.637757,0.436283,0.6848,0.444444,0.642788,0.766044,0.0,4.901333,-53.284106,10.0,1,0
0.115237,-0.278415,0.009238,0.570603,0.562924,0.516369,0.301463,0.006077,0.662736,0.713405,0.502764,0.698537,0.444444,0.642788,0.766044,0.0,7.441333,-62.033315,9.0,1,0
-0.006624,-0.004371,0.001179,0.330238,0.357569,0.304433,0.008023,0.001041,0.645269,0.722283,0.529705,0.991977,0.444444,0.642788,0.766044,0.0,9.351333,-74.293666,9.0,1,2
