mean_x,mean_y,mean_z,std_x,std_y,std_z,R,log_rmsW,rX_ratio,rY_ratio,rZ_ratio,psi,elev_normalized,elev_sin,elev_cos,is_synthetic,time_s,azimuth_deg,az_sector,elev_class,psi_cls
0.119785,0.272949,0.001834,0.532177,0.617944,0.496052,0.298082,0.005294,0.5496,0.793636,0.467091,0.701918,0.0,0.0,1.0,0.0,0.211333,69.42807,2.0,1,0
0.157742,0.262312,0.004749,0.54359,0.606856,0.492455,0.306125,0.005399,0.588066,0.768972,0.459111,0.693875,0.0,0.0,1.0,0.0,1.881333,63.723608,2.0,1,0
0.035857,0.311255,0.018001,0.517252,0.682777,0.409605,0.313831,0.050174,0.354163,0.732227,0.2551,0.686169,0.0,0.0,1.0,0.0,6.181333,83.217658,2.0,1,0
0.105345,0.149732,-0.003218,0.530578,0.594799,0.407709,0.183105,0.037762,0.410051,0.702432,0.256171,0.816895,0.0,0.0,1.0,0.0,8.341333,68.909757,2.0,1,1
