mean_x,mean_y,mean_z,std_x,std_y,std_z,R,log_rmsW,rX_ratio,rY_ratio,rZ_ratio,psi,elev_normalized,elev_sin,elev_cos,is_synthetic,time_s,azimuth_deg,az_sector,elev_class,psi_cls
0.024308,0.081281,0.007105,0.566477,0.62747,0.527206,0.085135,0.012857,0.808132,1.088472,0.718687,0.914865,0.444444,0.642788,0.766044,0.0,0.391333,63.384977,2.0,1,2
0.090639,0.101831,0.00666,0.565225,0.626749,0.518714,0.136489,0.015435,0.727796,0.897543,0.611046,0.863511,0.444444,0.642788,0.766044,0.0,2.281333,55.640731,1.0,1,2
0.060974,0.048457,0.007359,0.487465,0.539858,0.446505,0.078231,0.012001,0.770961,0.927121,0.650914,0.921769,0.444444,0.642788,0.766044,0.0,3.291333,50.402045,1.0,1,2
