mean_x,mean_y,mean_z,std_x,std_y,std_z,R,log_rmsW,rX_ratio,rY_ratio,rZ_ratio,psi,elev_normalized,elev_sin,elev_cos,is_synthetic,time_s,azimuth_deg,az_sector,elev_class,psi_cls
-0.197366,0.131991,-0.012258,0.596374,0.589411,0.490246,0.237751,0.024991,0.683964,0.585969,0.396714,0.762249,0.833333,0.965926,0.258819,0.0,0.051333,138.857718,4.0,0,0
-0.297862,0.120257,-0.013049,0.637378,0.529891,0.457832,0.321486,0.052022,0.829622,0.512721,0.381651,0.678514,0.833333,0.965926,0.258819,0.0,1.551333,153.936343,5.0,0,0
-0.290239,0.146284,-0.011549,0.612683,0.549572,0.465638,0.325224,0.055728,0.752714,0.544459,0.380199,0.674776,0.833333,0.965926,0.258819,0.0,2.621333,147.678004,4.0,0,0
0.040054,0.060471,-0.00319,0.439628,0.419664,0.422579,0.072603,0.007517,0.491162,0.506856,0.468004,0.927397,0.833333,0.965926,0.258819,0.0,9.401333,40.536137,1.0,1,2
