mean_x,mean_y,mean_z,std_x,std_y,std_z,R,log_rmsW,rX_ratio,rY_ratio,rZ_ratio,psi,elev_normalized,elev_sin,elev_cos,is_synthetic,time_s,azimuth_deg,az_sector,elev_class,psi_cls
-0.258702,0.025541,0.011516,0.61323,0.524243,0.530468,0.260215,0.005046,0.819985,0.557741,0.552017,0.739785,0.833333,0.965926,0.258819,0.0,0.051333,170.256658,5.0,1,0
-0.011672,0.015455,0.004187,0.217882,0.235016,0.202026,0.019815,0.000113,0.852914,0.9605,0.741714,0.980185,0.833333,0.965926,0.258819,0.0,9.721333,168.956177,5.0,1,2
