mean_x,mean_y,mean_z,std_x,std_y,std_z,R,log_rmsW,rX_ratio,rY_ratio,rZ_ratio,psi,elev_normalized,elev_sin,elev_cos,is_synthetic,time_s,azimuth_deg,az_sector,elev_class,psi_cls
-0.014105,-0.178802,0.025796,0.543734,0.584944,0.573898,0.181203,0.007743,1.19225,1.446434,1.481643,0.818797,0.0,0.0,1.0,0.0,0.431333,-88.689333,9.0,2,1
-0.017181,-0.194982,0.020245,0.542665,0.58486,0.569851,0.196781,0.006986,1.025247,1.311679,1.262032,0.803219,0.0,0.0,1.0,0.0,1.291333,-90.403302,8.0,1,1
0.090815,-0.036737,0.010565,0.62111,0.572019,0.526489,0.098532,0.013954,1.090938,0.72109,0.689259,0.901468,0.0,0.0,1.0,0.0,4.621333,-31.857267,10.0,1,2
0.198941,-0.151994,-0.014679,0.633836,0.535141,0.498978,0.250789,0.016389,0.949501,0.680872,0.549474,0.749211,0.0,0.0,1.0,0.0,6.511333,-33.00224,10.0,0,0
0.12291,-0.116253,-0.00516,0.623167,0.565469,0.513014,0.169258,0.01295,0.975158,0.714322,0.578481,0.830742,0.0,0.0,1.0,0.0,7.511333,-37.04811,10.0,1,1
0.112536,-0.057791,0.014121,0.59834,0.539494,0.57855,0.127294,0.003256,1.784498,1.263867,1.859884,0.872706,0.0,0.0,1.0,0.0,11.611333,-14.673001,11.0,1,2
