mean_x,mean_y,mean_z,std_x,std_y,std_z,R,log_rmsW,rX_ratio,rY_ratio,rZ_ratio,psi,elev_normalized,elev_sin,elev_cos,is_synthetic,time_s,azimuth_deg,az_sector,elev_class,psi_cls
-0.319664,0.149063,0.044716,0.638502,0.564605,0.383578,0.355534,0.05086,0.720614,0.497396,0.247844,0.644466,0.0,0.0,1.0,0.0,1.641333,156.720433,5.0,2,0
0.015135,0.198979,0.024047,0.603905,0.61615,0.463882,0.200998,0.025179,0.728747,0.662577,0.277754,0.799002,0.0,0.0,1.0,0.0,4.401333,148.405503,4.0,2,1
