mean_x,mean_y,mean_z,std_x,std_y,std_z,R,log_rmsW,rX_ratio,rY_ratio,rZ_ratio,psi,elev_normalized,elev_sin,elev_cos,is_synthetic,time_s,azimuth_deg,az_sector,elev_class,psi_cls
0.776035,-0.53041,0.0,0.150695,0.09914,0.0,0.939982,0.034964,0.772133,0.50731,0.0,0.060018,0.0,0.0,1.0,1.0,0.361333,-32.03115,10.0,0,0
0.756113,-0.652086,0.0,0.02789,0.02999,0.0,0.998461,0.042655,0.703359,0.599031,0.0,0.001539,0.0,0.0,1.0,1.0,2.251333,-38.284888,10.0,0,0
0.343379,-0.333536,0.0,0.358164,0.347959,0.0,0.478702,0.022557,0.674514,0.631326,0.0,0.521298,0.0,0.0,1.0,1.0,3.791333,-43.106994,10.0,0,0
