mean_x,mean_y,mean_z,std_x,std_y,std_z,R,log_rmsW,rX_ratio,rY_ratio,rZ_ratio,psi,elev_normalized,elev_sin,elev_cos,is_synthetic,time_s,azimuth_deg,az_sector,elev_class,psi_cls
0.207515,-0.137831,-0.012829,0.667126,0.511617,0.480569,0.249448,0.04396,0.803657,0.453813,0.360756,0.750552,0.444444,0.642788,0.766044,0.0,7.281333,-27.276815,11.0,0,0
0.081318,-0.196857,-0.025237,0.572496,0.557722,0.446631,0.214481,0.041019,0.651505,0.696244,0.377421,0.785519,0.444444,0.642788,0.766044,0.0,17.491333,-61.816573,9.0,0,1
