mean_x,mean_y,mean_z,std_x,std_y,std_z,R,log_rmsW,rX_ratio,rY_ratio,rZ_ratio,psi,elev_normalized,elev_sin,elev_cos,is_synthetic,time_s,azimuth_deg,az_sector,elev_class,psi_cls
0.042339,-0.166904,0.017744,0.546446,0.62425,0.53066,0.173103,0.015879,0.606058,1.035007,0.651965,0.826897,0.0,0.0,1.0,0.0,3.981333,-78.652444,9.0,1,1
0.042617,-0.344882,0.003818,0.498445,0.609929,0.508688,0.347526,0.019555,0.489964,0.968944,0.537203,0.652474,0.0,0.0,1.0,0.0,5.881333,-81.428639,9.0,1,0
0.023644,-0.255658,0.006029,0.52519,0.617151,0.526552,0.256819,0.016506,0.50807,0.972708,0.577758,0.743181,0.0,0.0,1.0,0.0,6.871333,-84.237874,9.0,1,0
-0.169039,0.055352,0.007088,0.60418,0.563121,0.534824,0.178012,0.003821,1.725208,1.572692,1.600253,0.821988,0.0,0.0,1.0,0.0,13.531333,-74.141574,9.0,1,1
-0.036134,0.011733,0.009575,0.346305,0.335468,0.338313,0.039179,0.002318,1.299257,1.18872,1.217663,0.960821,0.0,0.0,1.0,0.0,18.061333,153.986811,5.0,1,2
