mean_x,mean_y,mean_z,std_x,std_y,std_z,R,log_rmsW,rX_ratio,rY_ratio,rZ_ratio,psi,elev_normalized,elev_sin,elev_cos,is_synthetic,time_s,azimuth_deg,az_sector,elev_class,psi_cls
0.03193,0.248837,-0.007868,0.488039,0.694163,0.465784,0.251,0.049349,0.400251,0.871084,0.381457,0.749,0.833333,0.965926,0.258819,0.0,6.041333,87.541552,2.0,0,0
0.072633,0.241014,-0.006466,0.506689,0.688019,0.454413,0.251803,0.052703,0.437528,0.848396,0.378333,0.748197,0.833333,0.965926,0.258819,0.0,7.081333,75.115177,2.0,0,0
