mean_x,mean_y,mean_z,std_x,std_y,std_z,R,log_rmsW,rX_ratio,rY_ratio,rZ_ratio,psi,elev_normalized,elev_sin,elev_cos,is_synthetic,time_s,azimuth_deg,az_sector,elev_class,psi_cls
-0.109165,-0.001236,0.016438,0.623644,0.556811,0.537285,0.110402,0.013073,1.096608,0.660691,0.714961,0.889598,0.0,0.0,1.0,0.0,0.371333,174.097175,5.0,1,2
-0.214743,0.022129,0.00697,0.640448,0.528678,0.513489,0.215992,0.016308,0.964842,0.594577,0.578809,0.784008,0.0,0.0,1.0,0.0,2.271333,166.918618,5.0,1,1
-0.081922,0.012433,1.9e-05,0.544434,0.472775,0.449742,0.08286,0.010942,1.047884,0.702079,0.711177,0.91714,0.0,0.0,1.0,0.0,3.801333,158.395762,5.0,1,2
-0.002906,-0.013615,0.000466,0.252066,0.243438,0.236797,0.01393,0.005343,1.203081,0.857419,0.889912,0.98607,0.0,0.0,1.0,0.0,4.901333,168.436078,5.0,1,2
