mean_x,mean_y,mean_z,std_x,std_y,std_z,R,log_rmsW,rX_ratio,rY_ratio,rZ_ratio,psi,elev_normalized,elev_sin,elev_cos,is_synthetic,time_s,azimuth_deg,az_sector,elev_class,psi_cls
-0.124396,0.099814,0.049391,0.556811,0.581561,0.569092,0.166963,0.003759,1.125759,1.291096,1.265755,0.833037,0.444444,0.642788,0.766044,0.0,0.391333,143.260404,4.0,2,1
-0.026467,-0.009789,0.035166,0.5618,0.611509,0.555192,0.045088,0.001878,1.367718,1.711437,1.492629,0.954912,0.444444,0.642788,0.766044,0.0,3.881333,137.002763,4.0,2,2
0.058942,-0.332129,-0.004131,0.531001,0.60486,0.488185,0.337343,0.047876,0.426522,0.794213,0.376646,0.662656,0.444444,0.642788,0.766044,0.0,8.491333,-79.576287,9.0,1,0
