mean_x,mean_y,mean_z,std_x,std_y,std_z,R,log_rmsW,rX_ratio,rY_ratio,rZ_ratio,psi,elev_normalized,elev_sin,elev_cos,is_synthetic,time_s,azimuth_deg,az_sector,elev_class,psi_cls
-0.093735,0.10729,0.03035,0.580068,0.598214,0.53323,0.145666,0.01389,0.808637,0.831181,0.705143,0.854334,0.444444,0.642788,0.766044,0.0,4.901333,143.7218,4.0,2,2
-0.191289,0.168771,0.030902,0.554906,0.589412,0.527865,0.256963,0.016673,0.726388,0.802737,0.583773,0.743037,0.444444,0.642788,0.766044,0.0,6.791333,142.093263,4.0,2,0
-0.134647,0.109436,0.028174,0.562373,0.599415,0.541734,0.175784,0.013774,0.750971,0.866233,0.650919,0.824216,0.444444,0.642788,0.766044,0.0,7.781333,139.287349,4.0,2,1
