mean_x,mean_y,mean_z,std_x,std_y,std_z,R,log_rmsW,rX_ratio,rY_ratio,rZ_ratio,psi,elev_normalized,elev_sin,elev_cos,is_synthetic,time_s,azimuth_deg,az_sector,elev_class,psi_cls
0.014788,-0.138779,0.00903,0.600094,0.545204,0.568383,0.139856,0.007743,1.522448,1.220105,1.263956,0.860144,0.833333,0.965926,0.258819,0.0,0.371333,-87.93733,9.0,1,2
0.013585,-0.15432,0.005365,0.602717,0.546808,0.560084,0.15501,0.005213,1.349957,1.148409,1.15449,0.84499,0.833333,0.965926,0.258819,0.0,1.791333,-88.097114,9.0,1,1
0.0969,-0.096227,0.004274,0.60015,0.579473,0.534172,0.136629,0.013315,0.865405,0.779693,0.65363,0.863371,0.833333,0.965926,0.258819,0.0,3.611333,-93.059399,8.0,1,2
0.126725,-0.078161,0.01235,0.610238,0.587318,0.510123,0.149402,0.014453,0.835315,0.739817,0.601618,0.850598,0.833333,0.965926,0.258819,0.0,4.561333,-25.182824,11.0,1,2
0.18608,-0.150886,0.016406,0.612582,0.551174,0.513104,0.240128,0.016761,0.822963,0.692697,0.537406,0.759872,0.833333,0.965926,0.258819,0.0,6.461333,-32.29498,10.0,1,0
0.137798,-0.103845,0.00874,0.627578,0.568035,0.503575,0.172767,0.013102,0.84678,0.738837,0.574083,0.827233,0.833333,0.965926,0.258819,0.0,7.451333,-33.790883,10.0,1,1
