mean_x,mean_y,mean_z,std_x,std_y,std_z,R,log_rmsW,rX_ratio,rY_ratio,rZ_ratio,psi,elev_normalized,elev_sin,elev_cos,is_synthetic,time_s,azimuth_deg,az_sector,elev_class,psi_cls
-0.09978,0.402286,0.019955,0.472415,0.646902,0.431455,0.414955,0.020354,0.394907,0.854023,0.320183,0.585045,0.0,0.0,1.0,0.0,0.051333,107.269395,3.0,1,0
-0.035066,0.308112,0.006827,0.497961,0.68877,0.425927,0.310176,0.043344,0.400502,0.847985,0.334404,0.689824,0.0,0.0,1.0,0.0,1.971333,96.756395,3.0,1,0
