mean_x,mean_y,mean_z,std_x,std_y,std_z,R,log_rmsW,rX_ratio,rY_ratio,rZ_ratio,psi,elev_normalized,elev_sin,elev_cos,is_synthetic,time_s,azimuth_deg,az_sector,elev_class,psi_cls
0.250629,-0.02478,0.017995,0.618327,0.542014,0.510024,0.252493,0.005409,0.795467,0.622593,0.516655,0.747507,0.444444,0.642788,0.766044,0.0,5.541333,10.443513,0.0,1,0
-0.105187,-0.287621,0.038107,0.584193,0.573498,0.484287,0.308614,0.006686,0.643204,0.771396,0.456378,0.691386,0.444444,0.642788,0.766044,0.0,7.731333,-118.473662,8.0,2,0
-0.054698,-0.091043,-0.008051,0.587743,0.585823,0.547571,0.106515,0.01201,0.948837,0.986111,0.832324,0.893485,0.444444,0.642788,0.766044,0.0,9.981333,-124.56492,7.0,0,2
-0.126156,-0.170353,-0.000539,0.605796,0.560475,0.523374,0.211981,0.014639,0.923204,0.833791,0.672693,0.788019,0.444444,0.642788,0.766044,0.0,11.871333,-131.686233,7.0,1,1
-0.088872,-0.094593,0.010753,0.602207,0.572877,0.540466,0.130237,0.011593,0.954641,0.851306,0.697778,0.869763,0.444444,0.642788,0.766044,0.0,12.871333,-134.157878,7.0,1,2
-0.11847,-0.011396,0.026233,0.589408,0.569037,0.560188,0.121874,0.001327,1.554201,1.37384,1.485379,0.878126,0.444444,0.642788,0.766044,0.0,15.091333,170.037577,5.0,2,2
-0.086074,-0.024479,0.042239,0.580035,0.570135,0.57326,0.098955,0.001689,1.628335,1.433892,1.602917,0.901045,0.444444,0.642788,0.766044,0.0,16.161333,173.950145,5.0,2,2
-0.075546,-0.020796,0.040892,0.575274,0.573186,0.576744,0.088385,0.002611,1.454732,1.359731,1.539132,0.911615,0.444444,0.642788,0.766044,0.0,17.921333,171.063642,5.0,2,2
-0.051453,0.018486,0.019029,0.428407,0.434506,0.418239,0.05789,0.001342,1.340993,1.230103,1.354072,0.94211,0.444444,0.642788,0.766044,0.0,20.411333,153.127184,5.0,1,2
