mean_x,mean_y,mean_z,std_x,std_y,std_z,R,log_rmsW,rX_ratio,rY_ratio,rZ_ratio,psi,elev_normalized,elev_sin,elev_cos,is_synthetic,time_s,azimuth_deg,az_sector,elev_class,psi_cls
0.00228,-0.107948,0.015649,0.556817,0.578112,0.586261,0.1091,0.00155,0.98103,1.101834,1.243758,0.890899,0.444444,0.642788,0.766044,0.0,0.051333,-90.145438,8.0,1,2
-0.014336,-0.07308,0.003429,0.569079,0.575397,0.582588,0.074552,0.00485,0.707419,0.911833,0.811166,0.925448,0.444444,0.642788,0.766044,0.0,3.731333,-98.642023,8.0,1,2
0.002794,-0.059204,0.012879,0.593297,0.56398,0.571145,0.060653,0.001803,1.886051,1.563667,1.900551,0.939347,0.444444,0.642788,0.766044,0.0,6.151333,-15.813934,11.0,1,2
0.014096,-0.066551,0.025582,0.590084,0.558656,0.578266,0.072678,0.002136,1.7153,1.429398,1.712206,0.927322,0.444444,0.642788,0.766044,0.0,8.001333,-3.74096,11.0,2,2
0.008588,-0.021044,0.009184,0.295978,0.292826,0.293471,0.024514,0.000682,1.762101,1.708905,1.865736,0.975486,0.444444,0.642788,0.766044,0.0,11.741333,-37.414694,10.0,1,2
