mean_x,mean_y,mean_z,std_x,std_y,std_z,R,log_rmsW,rX_ratio,rY_ratio,rZ_ratio,psi,elev_normalized,elev_sin,elev_cos,is_synthetic,time_s,azimuth_deg,az_sector,elev_class,psi_cls
0.137827,-0.814464,0.0,0.509212,0.241569,0.0,0.826043,0.055063,0.361127,0.846327,0.0,0.173957,0.0,0.0,1.0,1.0,0.841333,-76.272473,9.0,0,0
0.085585,-0.823693,0.0,0.505892,0.241409,0.0,0.828128,0.054745,0.33032,0.858357,0.0,0.171872,0.0,0.0,1.0,1.0,1.861333,-83.966232,9.0,0,0
0.04903,-0.938282,0.0,0.294673,0.172557,0.0,0.939562,0.041787,0.1988,0.896278,0.0,0.060438,0.0,0.0,1.0,1.0,6.591333,-92.002152,8.0,0,0
-0.030564,-0.242116,0.0,0.053917,0.426017,0.0,0.244037,0.001374,0.108629,0.917472,0.0,0.755963,0.0,0.0,1.0,1.0,11.011333,-97.020428,8.0,0,0
