mean_x,mean_y,mean_z,std_x,std_y,std_z,R,log_rmsW,rX_ratio,rY_ratio,rZ_ratio,psi,elev_normalized,elev_sin,elev_cos,is_synthetic,time_s,azimuth_deg,az_sector,elev_class,psi_cls
0.319218,-0.205036,0.008194,0.621134,0.52604,0.439838,0.379483,0.039517,0.734605,0.475786,0.317306,0.620517,0.444444,0.642788,0.766044,0.0,5.701333,-22.156294,11.0,1,0
0.316928,-0.226117,0.006617,0.619357,0.521327,0.439316,0.389379,0.037746,0.741512,0.514484,0.326256,0.610621,0.444444,0.642788,0.766044,0.0,6.641333,-35.74047,10.0,1,0
0.317835,-0.242662,0.005156,0.612657,0.51948,0.441432,0.399913,0.039085,0.747101,0.526184,0.332113,0.600087,0.444444,0.642788,0.766044,0.0,7.831333,-35.813401,10.0,1,0
0.068496,-0.075069,-0.007017,0.374744,0.326334,0.251555,0.101864,0.015473,0.699488,0.599335,0.350307,0.898136,0.444444,0.642788,0.766044,0.0,11.621333,-45.296323,10.0,0,2
