mean_x,mean_y,mean_z,std_x,std_y,std_z,R,log_rmsW,rX_ratio,rY_ratio,rZ_ratio,psi,elev_normalized,elev_sin,elev_cos,is_synthetic,time_s,azimuth_deg,az_sector,elev_class,psi_cls
0.010107,-0.380467,0.000887,0.543342,0.574796,0.479094,0.380602,0.05275,0.471805,0.739654,0.397537,0.619398,0.444444,0.642788,0.766044,0.0,3.141333,-90.455194,8.0,1,0
-0.001546,-0.203618,0.01736,0.452769,0.479006,0.359357,0.204362,0.034397,0.504143,0.704143,0.385947,0.795638,0.444444,0.642788,0.766044,0.0,5.801333,-93.104416,8.0,1,1
-0.006521,-0.05898,0.009886,0.291256,0.299985,0.204713,0.060157,0.015073,0.5969,0.740123,0.397539,0.939843,0.444444,0.642788,0.766044,0.0,6.571333,-102.280771,8.0,1,2
