mean_x,mean_y,mean_z,std_x,std_y,std_z,R,log_rmsW,rX_ratio,rY_ratio,rZ_ratio,psi,elev_normalized,elev_sin,elev_cos,is_synthetic,time_s,azimuth_deg,az_sector,elev_class,psi_cls
-0.023364,-0.09204,-0.013701,0.601764,0.578903,0.541686,0.095942,0.012664,0.871774,0.81663,0.715347,0.904058,0.833333,0.965926,0.258819,0.0,10.021333,-112.653958,8.0,0,2
-0.068032,-0.19054,-0.010999,0.623056,0.544817,0.523363,0.20262,0.015898,0.808205,0.688632,0.56802,0.79738,0.833333,0.965926,0.258819,0.0,11.921333,-119.602302,8.0,0,1
-0.073788,-0.08171,0.003334,0.606107,0.572567,0.540875,0.110147,0.009446,0.834565,0.716285,0.608194,0.889853,0.833333,0.965926,0.258819,0.0,13.451333,-122.194966,7.0,1,2
-0.080083,-0.016821,0.043745,0.587294,0.578241,0.558622,0.092789,0.001777,1.409955,1.384449,1.265292,0.907211,0.833333,0.965926,0.258819,0.0,16.511333,156.833462,5.0,2,2
-0.071811,-0.028773,0.043926,0.586317,0.570587,0.568083,0.088962,0.0035,1.341275,1.316485,1.194333,0.911038,0.833333,0.965926,0.258819,0.0,18.181333,156.836431,5.0,2,2
-0.032124,-0.006308,0.028131,0.490655,0.475193,0.474149,0.043164,0.002049,1.381062,1.326663,1.264155,0.956836,0.833333,0.965926,0.258819,0.0,20.121333,165.153153,5.0,2,2
-0.001134,0.003414,0.003617,0.278444,0.268892,0.261505,0.005101,0.00058,1.460829,1.382011,1.160318,0.994899,0.833333,0.965926,0.258819,0.0,21.071333,145.804273,4.0,1,2
