mean_x,mean_y,mean_z,std_x,std_y,std_z,R,log_rmsW,rX_ratio,rY_ratio,rZ_ratio,psi,elev_normalized,elev_sin,elev_cos,is_synthetic,time_s,azimuth_deg,az_sector,elev_class,psi_cls
-0.226583,0.18811,0.056986,0.55767,0.607908,0.47904,0.299954,0.016248,0.629928,0.699229,0.408214,0.700046,0.444444,0.642788,0.766044,0.0,2.501333,141.357718,4.0,2,0
-0.207969,0.1833,0.063656,0.553913,0.623885,0.472265,0.284433,0.015964,0.619633,0.717516,0.412447,0.715567,0.444444,0.642788,0.766044,0.0,3.241333,139.765529,4.0,2,0
-0.194779,0.187599,0.062321,0.549346,0.632336,0.470471,0.277517,0.017004,0.60627,0.749144,0.418509,0.722483,0.444444,0.642788,0.766044,0.0,3.961333,137.727121,4.0,2,0
-0.19727,0.22122,0.073046,0.541654,0.62373,0.47369,0.30527,0.01899,0.590056,0.751017,0.416843,0.69473,0.444444,0.642788,0.766044,0.0,4.841333,133.91997,4.0,2,0
-0.142881,0.149977,0.049561,0.494811,0.588129,0.429498,0.212989,0.013616,0.569757,0.824073,0.430678,0.787011,0.444444,0.642788,0.766044,0.0,6.621333,130.926123,4.0,2,1
