mean_x,mean_y,mean_z,std_x,std_y,std_z,R,log_rmsW,rX_ratio,rY_ratio,rZ_ratio,psi,elev_normalized,elev_sin,elev_cos,is_synthetic,time_s,azimuth_deg,az_sector,elev_class,psi_cls
0.82296,-0.024672,0.0,0.290873,0.486346,0.0,0.82333,0.007895,0.494468,0.777826,0.0,0.17667,0.0,0.0,1.0,1.0,6.311333,15.860783,0.0,0,0
0.037189,-0.997335,0.0,0.044411,0.04401,0.0,0.998028,0.017763,0.044309,0.922777,0.0,0.001972,0.0,0.0,1.0,1.0,9.791333,-85.886431,9.0,0,0
-0.027073,-0.997329,0.0,0.047244,0.048253,0.0,0.997696,0.017041,0.034809,0.923232,0.0,0.002304,0.0,0.0,1.0,1.0,10.901333,-89.115068,9.0,0,0
-0.087385,-0.964961,0.0,0.069025,0.175054,0.0,0.968909,0.011312,0.065255,0.921704,0.0,0.031091,0.0,0.0,1.0,1.0,12.051333,-92.969135,8.0,0,0
