mean_x,mean_y,mean_z,std_x,std_y,std_z,R,log_rmsW,rX_ratio,rY_ratio,rZ_ratio,psi,elev_normalized,elev_sin,elev_cos,is_synthetic,time_s,azimuth_deg,az_sector,elev_class,psi_cls
0.20171,0.30285,0.05831,0.579438,0.546938,0.478843,0.368517,0.009958,0.562725,0.566659,0.357412,0.631483,0.444444,0.642788,0.766044,0.0,0.051333,63.86372,2.0,2,0
0.332251,0.231203,0.045045,0.593696,0.518537,0.461259,0.407277,0.010809,0.684432,0.509288,0.355334,0.592723,0.444444,0.642788,0.766044,0.0,3.961333,37.477323,1.0,2,0
0.214648,0.195728,0.019611,0.613013,0.56201,0.472824,0.29115,0.008758,0.676992,0.512267,0.355231,0.70885,0.444444,0.642788,0.766044,0.0,5.661333,31.024157,1.0,1,0
0.027462,0.048999,0.004068,0.257659,0.29381,0.221,0.056317,0.002244,0.625227,0.769736,0.486115,0.943683,0.444444,0.642788,0.766044,0.0,11.601333,59.833784,1.0,1,2
