mean_x,mean_y,mean_z,std_x,std_y,std_z,R,log_rmsW,rX_ratio,rY_ratio,rZ_ratio,psi,elev_normalized,elev_sin,elev_cos,is_synthetic,time_s,azimuth_deg,az_sector,elev_class,psi_cls
0.023365,-0.256695,0.017343,0.612427,0.592754,0.454793,0.258339,0.017379,0.656359,0.758311,0.388939,0.741661,0.833333,0.965926,0.258819,0.0,0.091333,-66.307665,9.0,1,0
0.025,-0.274169,0.013475,0.610167,0.575457,0.469637,0.275636,0.020177,0.686361,0.744245,0.449746,0.724364,0.833333,0.965926,0.258819,0.0,2.001333,-71.456156,9.0,1,0
0.036401,-0.258342,0.013484,0.602535,0.5552,0.510329,0.261243,0.023339,0.752865,0.781671,0.575329,0.738757,0.833333,0.965926,0.258819,0.0,3.751333,-74.726877,9.0,1,0
0.00261,-0.186679,0.010979,0.602018,0.571827,0.524955,0.18702,0.018573,0.764252,0.794725,0.60525,0.81298,0.833333,0.965926,0.258819,0.0,5.351333,-78.621243,9.0,1,1
0.148606,0.057475,0.006076,0.601458,0.574457,0.531764,0.159449,0.010148,0.657702,0.552118,0.436635,0.840551,0.833333,0.965926,0.258819,0.0,12.861333,-123.620482,7.0,1,1
0.302148,0.140799,-7.1e-05,0.60457,0.546474,0.47406,0.333343,0.014005,0.627245,0.45511,0.344691,0.666657,0.833333,0.965926,0.258819,0.0,14.041333,27.888393,0.0,1,0
0.114239,0.006754,0.008918,0.474094,0.395859,0.337836,0.114786,0.015538,0.6861,0.408816,0.340858,0.885214,0.833333,0.965926,0.258819,0.0,19.991333,3.943544,0.0,1,2
