mean_x,mean_y,mean_z,std_x,std_y,std_z,R,log_rmsW,rX_ratio,rY_ratio,rZ_ratio,psi,elev_normalized,elev_sin,elev_cos,is_synthetic,time_s,azimuth_deg,az_sector,elev_class,psi_cls
-0.358789,0.220445,0.0,0.799241,0.428562,0.0,0.4211,0.029365,0.727882,0.56577,0.0,0.5789,0.0,0.0,1.0,1.0,0.111333,176.998167,5.0,0,0
0.819882,0.569884,0.0,0.030684,0.045296,0.0,0.998486,0.04816,0.75194,0.536798,0.0,0.001514,0.0,0.0,1.0,1.0,1.611333,36.210995,1.0,0,0
0.86993,0.489444,0.0,0.034112,0.049872,0.0,0.998165,0.044403,0.801758,0.459019,0.0,0.001835,0.0,0.0,1.0,1.0,3.241333,31.461105,1.0,0,0
0.92043,0.38765,0.0,0.026275,0.042849,0.0,0.998732,0.054012,0.849838,0.362434,0.0,0.001268,0.0,0.0,1.0,1.0,5.201333,23.423103,0.0,0,0
0.419057,0.177854,0.0,0.463947,0.22766,0.0,0.455237,0.029181,0.874224,0.297093,0.0,0.544763,0.0,0.0,1.0,1.0,7.301333,18.030405,0.0,0,0
