mean_x,mean_y,mean_z,std_x,std_y,std_z,R,log_rmsW,rX_ratio,rY_ratio,rZ_ratio,psi,elev_normalized,elev_sin,elev_cos,is_synthetic,time_s,azimuth_deg,az_sector,elev_class,psi_cls
0.342637,-0.048311,0.011662,0.626916,0.544559,0.436533,0.346223,0.038084,0.704865,0.421432,0.306469,0.653777,0.444444,0.642788,0.766044,0.0,0.841333,3.506317,0.0,1,0
0.335862,-0.067983,0.012475,0.638544,0.53173,0.438113,0.3429,0.038144,0.743976,0.431903,0.326204,0.6571,0.444444,0.642788,0.766044,0.0,2.641333,-5.490065,11.0,1,0
0.173894,-0.080617,0.01441,0.645638,0.524317,0.520816,0.192214,0.021303,0.836589,0.412883,0.360384,0.807786,0.444444,0.642788,0.766044,0.0,7.001333,-14.804072,11.0,1,1
