mean_x,mean_y,mean_z,std_x,std_y,std_z,R,log_rmsW,rX_ratio,rY_ratio,rZ_ratio,psi,elev_normalized,elev_sin,elev_cos,is_synthetic,time_s,azimuth_deg,az_sector,elev_class,psi_cls
-0.094254,-0.421553,-0.044195,0.530009,0.573311,0.449289,0.434216,0.036344,0.482167,0.787329,0.367637,0.565784,0.833333,0.965926,0.258819,0.0,4.691333,-98.383503,8.0,0,0
0.023297,-0.361852,-0.025073,0.596335,0.560906,0.44458,0.363467,0.048868,0.579077,0.735275,0.363814,0.636533,0.833333,0.965926,0.258819,0.0,7.901333,-85.79232,9.0,0,0
0.018056,-0.362533,-0.034977,0.594387,0.569233,0.435545,0.364663,0.059239,0.567127,0.744557,0.356176,0.635337,0.833333,0.965926,0.258819,0.0,8.621333,-86.214468,9.0,0,0
-0.02052,-0.335519,-0.029243,0.613387,0.556994,0.446826,0.337415,0.057654,0.587561,0.686763,0.359352,0.662585,0.833333,0.965926,0.258819,0.0,10.621333,-93.122751,8.0,0,0
-0.001213,-0.335692,-0.02164,0.618609,0.552596,0.445859,0.336391,0.052436,0.614279,0.686462,0.374068,0.663609,0.833333,0.965926,0.258819,0.0,11.611333,-94.429272,8.0,0,0
