mean_x,mean_y,mean_z,std_x,std_y,std_z,R,log_rmsW,rX_ratio,rY_ratio,rZ_ratio,psi,elev_normalized,elev_sin,elev_cos,is_synthetic,time_s,azimuth_deg,az_sector,elev_class,psi_cls
-0.168924,0.157176,-0.016562,0.533139,0.602884,0.546606,0.23133,0.005729,0.602532,0.721465,0.635905,0.76867,0.0,0.0,1.0,0.0,0.941333,131.622589,4.0,0,0
0.202156,-0.411592,-0.0187,0.545142,0.57718,0.39882,0.458939,0.014738,0.533008,0.723448,0.263862,0.541061,0.0,0.0,1.0,0.0,6.091333,-61.954608,9.0,0,0
0.134167,-0.40425,0.00996,0.551147,0.585074,0.415171,0.42605,0.025298,0.491192,0.766597,0.264431,0.57395,0.0,0.0,1.0,0.0,12.061333,-76.945711,9.0,1,0
0.297089,-0.40507,-0.012588,0.568253,0.521508,0.390661,0.502496,0.06345,0.608216,0.625512,0.23457,0.497504,0.0,0.0,1.0,0.0,14.391333,-48.540618,10.0,0,0
0.231166,-0.421284,-0.020749,0.560414,0.548093,0.392659,0.480987,0.066082,0.525641,0.628971,0.227808,0.519013,0.0,0.0,1.0,0.0,16.401333,-60.481091,9.0,0,0
0.166681,-0.330819,-0.012902,0.568085,0.549766,0.383105,0.370662,0.052054,0.519248,0.645897,0.240656,0.629338,0.0,0.0,1.0,0.0,18.191333,-62.131591,9.0,0,0
