mean_x,mean_y,mean_z,std_x,std_y,std_z,R,log_rmsW,rX_ratio,rY_ratio,rZ_ratio,psi,elev_normalized,elev_sin,elev_cos,is_synthetic,time_s,azimuth_deg,az_sector,elev_class,psi_cls
-0.077671,-0.172729,0.005571,0.572396,0.578577,0.549231,0.189471,0.004341,1.239228,1.300599,1.21752,0.810529,0.444444,0.642788,0.766044,0.0,0.131333,-116.504319,8.0,1,1
-0.071122,-0.115672,-0.003521,0.579193,0.57977,0.556692,0.135833,0.004528,1.285162,1.315208,1.234288,0.864167,0.444444,0.642788,0.766044,0.0,1.861333,-115.40192,8.0,1,2
-0.042356,-0.039548,-0.009618,0.534758,0.502131,0.494412,0.058742,0.005229,1.024268,0.860599,0.789445,0.941258,0.444444,0.642788,0.766044,0.0,10.431333,-146.554214,7.0,0,2
