mean_x,mean_y,mean_z,std_x,std_y,std_z,R,log_rmsW,rX_ratio,rY_ratio,rZ_ratio,psi,elev_normalized,elev_sin,elev_cos,is_synthetic,time_s,azimuth_deg,az_sector,elev_class,psi_cls
-0.017206,-0.123951,0.021084,0.546069,0.601583,0.568913,0.126903,0.001611,1.044801,1.249613,1.294716,0.873097,0.0,0.0,1.0,0.0,0.071333,-87.412825,9.0,1,2
0.036772,-0.039971,-0.002922,0.579292,0.577679,0.572396,0.054391,0.00506,0.723103,1.043965,0.861893,0.945609,0.0,0.0,1.0,0.0,4.351333,-96.214662,8.0,1,2
0.075496,-0.02333,0.009986,0.585474,0.553475,0.586943,0.079647,0.00184,1.845335,1.565248,2.240871,0.920353,0.0,0.0,1.0,0.0,6.851333,17.257003,0.0,1,2
0.050801,-0.046797,0.01003,0.592018,0.55036,0.584532,0.069795,0.002256,1.851132,1.39446,1.986749,0.930205,0.0,0.0,1.0,0.0,8.741333,-5.839195,11.0,1,2
