mean_x,mean_y,mean_z,std_x,std_y,std_z,R,log_rmsW,rX_ratio,rY_ratio,rZ_ratio,psi,elev_normalized,elev_sin,elev_cos,is_synthetic,time_s,azimuth_deg,az_sector,elev_class,psi_cls
-0.997126,0.019906,0.0,0.025231,0.068262,0.0,0.997325,0.055049,0.92006,0.06621,0.0,0.002675,0.0,0.0,1.0,1.0,0.041333,178.795555,5.0,0,0
-0.981113,0.185108,0.0,0.041056,0.037822,0.0,0.998422,0.047512,0.907407,0.173713,0.0,0.001578,0.0,0.0,1.0,1.0,2.771333,169.916957,5.0,0,0
-0.955972,0.281221,0.0,0.036996,0.075115,0.0,0.996478,0.05528,0.883012,0.267975,0.0,0.003522,0.0,0.0,1.0,1.0,4.691333,164.858636,5.0,0,0
-0.154506,0.985925,0.0,0.033416,0.027864,0.0,0.997958,0.003854,0.150917,0.911469,0.0,0.002042,0.0,0.0,1.0,1.0,10.031333,100.73699,3.0,0,0
-0.081293,0.994335,0.0,0.033597,0.030366,0.0,0.997653,0.003947,0.081511,0.920276,0.0,0.002347,0.0,0.0,1.0,1.0,11.301333,97.038826,3.0,0,0
0.565617,-0.822826,0.0,0.030481,0.026502,0.0,0.998481,0.007066,0.549089,0.743003,0.0,0.001519,0.0,0.0,1.0,1.0,16.011333,-53.021572,10.0,0,0
