mean_x,mean_y,mean_z,std_x,std_y,std_z,R,log_rmsW,rX_ratio,rY_ratio,rZ_ratio,psi,elev_normalized,elev_sin,elev_cos,is_synthetic,time_s,azimuth_deg,az_sector,elev_class,psi_cls
0.087345,-0.05709,-0.004598,0.61333,0.557328,0.549664,0.104448,0.00362,1.244994,0.822427,0.8707,0.895552,0.0,0.0,1.0,0.0,0.061333,-25.71452,11.0,1,2
0.07904,-0.046786,-0.006791,0.598386,0.556118,0.549639,0.0921,0.002165,1.338047,0.910737,0.949561,0.9079,0.0,0.0,1.0,0.0,1.051333,-29.129443,11.0,0,2
0.017624,-0.007386,-0.003262,0.299757,0.290261,0.280384,0.019385,0.000159,1.209554,1.016786,0.980157,0.980615,0.0,0.0,1.0,0.0,2.501333,-34.38026,10.0,1,2
