mean_x,mean_y,mean_z,std_x,std_y,std_z,R,log_rmsW,rX_ratio,rY_ratio,rZ_ratio,psi,elev_normalized,elev_sin,elev_cos,is_synthetic,time_s,azimuth_deg,az_sector,elev_class,psi_cls
-0.989556,0.11297,0.0,0.041114,0.033706,0.0,0.995984,0.002243,0.920518,0.078729,0.0,0.004016,0.0,0.0,1.0,1.0,0.051333,175.744149,5.0,0,0
-0.374255,-0.209347,0.0,0.641176,0.617092,0.0,0.428828,0.00592,0.823063,0.419666,0.0,0.571172,0.0,0.0,1.0,1.0,4.371333,161.038262,5.0,0,0
0.30105,-0.951559,0.0,0.03294,0.027336,0.0,0.998045,0.003051,0.263659,0.885458,0.0,0.001955,0.0,0.0,1.0,1.0,6.171333,-69.822552,9.0,0,0
0.157117,-0.985541,0.0,0.033449,0.027238,0.0,0.997986,0.00399,0.154689,0.910837,0.0,0.002014,0.0,0.0,1.0,1.0,8.721333,-78.716954,9.0,0,0
0.083888,-0.99418,0.0,0.033513,0.029612,0.0,0.997713,0.003988,0.083044,0.920139,0.0,0.002287,0.0,0.0,1.0,1.0,9.991333,-82.771183,9.0,0,0
