mean_x,mean_y,mean_z,std_x,std_y,std_z,R,log_rmsW,rX_ratio,rY_ratio,rZ_ratio,psi,elev_normalized,elev_sin,elev_cos,is_synthetic,time_s,azimuth_deg,az_sector,elev_class,psi_cls
-0.268878,-0.273749,-0.022212,0.622682,0.499153,0.464097,0.384353,0.054002,0.745839,0.567756,0.390272,0.615647,0.444444,0.642788,0.766044,0.0,0.101333,-137.497988,7.0,0,0
-0.283076,-0.191177,-0.011611,0.6571,0.49484,0.454464,0.341783,0.044504,0.834052,0.508811,0.385729,0.658217,0.444444,0.642788,0.766044,0.0,3.991333,-148.153898,7.0,0,0
