mean_x,mean_y,mean_z,std_x,std_y,std_z,R,log_rmsW,rX_ratio,rY_ratio,rZ_ratio,psi,elev_normalized,elev_sin,elev_cos,is_synthetic,time_s,azimuth_deg,az_sector,elev_class,psi_cls
-0.159949,0.242963,0.026841,0.525202,0.664367,0.444322,0.292122,0.010745,0.428879,0.741395,0.290333,0.707878,0.0,0.0,1.0,0.0,0.051333,123.559369,4.0,2,0
-0.127085,0.316439,0.025904,0.501903,0.660281,0.441777,0.341987,0.011258,0.44449,0.786694,0.323957,0.658013,0.0,0.0,1.0,0.0,1.111333,115.984095,3.0,2,0
-0.009545,0.22066,0.003579,0.370792,0.553987,0.347604,0.220895,0.008639,0.349554,0.793509,0.317676,0.779105,0.0,0.0,1.0,0.0,5.781333,92.075718,3.0,1,1
