mean_x,mean_y,mean_z,std_x,std_y,std_z,R,log_rmsW,rX_ratio,rY_ratio,rZ_ratio,psi,elev_normalized,elev_sin,elev_cos,is_synthetic,time_s,azimuth_deg,az_sector,elev_class,psi_cls
0.092514,-0.268275,0.01921,0.569989,0.598832,0.485399,0.284428,0.015436,0.613073,0.800972,0.449694,0.715572,0.444444,0.642788,0.766044,0.0,0.091333,-64.936155,9.0,1,0
0.087586,-0.287573,0.04161,0.554414,0.594084,0.497582,0.303482,0.017258,0.576633,0.789599,0.479661,0.696518,0.444444,0.642788,0.766044,0.0,1.561333,-68.85387,9.0,2,0
0.066678,-0.294893,0.036077,0.540013,0.575605,0.53325,0.304482,0.022297,0.597894,0.837612,0.584225,0.695518,0.444444,0.642788,0.766044,0.0,3.741333,-72.728033,9.0,2,0
0.015498,-0.151812,0.015892,0.568097,0.586507,0.556524,0.153426,0.014189,0.629103,0.879397,0.657969,0.846574,0.444444,0.642788,0.766044,0.0,5.901333,-78.230881,9.0,1,2
-0.015532,-0.053738,0.013726,0.591179,0.575017,0.56259,0.057597,0.002706,2.400057,2.470763,2.124274,0.942403,0.444444,0.642788,0.766044,0.0,9.181333,-104.831601,8.0,1,2
0.169252,-0.015465,0.01409,0.531235,0.413205,0.355693,0.17054,0.014974,0.837896,0.418762,0.351665,0.829459,0.444444,0.642788,0.766044,0.0,19.791333,-0.205684,11.0,1,1
