mean_x,mean_y,mean_z,std_x,std_y,std_z,R,log_rmsW,rX_ratio,rY_ratio,rZ_ratio,psi,elev_normalized,elev_sin,elev_cos,is_synthetic,time_s,azimuth_deg,az_sector,elev_class,psi_cls
0.189608,0.227058,0.034037,0.546235,0.567297,0.53956,0.297766,0.009378,0.563505,0.57225,0.488639,0.702234,0.833333,0.965926,0.258819,0.0,0.161333,45.564445,1.0,2,0
0.220958,0.217126,0.032867,0.573652,0.537018,0.534312,0.311522,0.010329,0.593876,0.543293,0.470992,0.688478,0.833333,0.965926,0.258819,0.0,1.231333,38.501945,1.0,2,0
0.245328,0.222994,0.034794,0.579637,0.529595,0.521945,0.333351,0.009633,0.612863,0.522498,0.438637,0.666649,0.833333,0.965926,0.258819,0.0,2.191333,40.202583,1.0,2,0
0.10281,0.174251,0.001629,0.587333,0.571567,0.536104,0.202327,0.006139,0.752297,0.607747,0.523064,0.797673,0.833333,0.965926,0.258819,0.0,6.511333,20.584387,0.0,1,1
0.027708,0.037462,0.00065,0.24308,0.255527,0.232032,0.046599,0.002181,0.64494,0.709576,0.594284,0.953401,0.833333,0.965926,0.258819,0.0,11.651333,57.009376,1.0,1,2
