mean_x,mean_y,mean_z,std_x,std_y,std_z,R,log_rmsW,rX_ratio,rY_ratio,rZ_ratio,psi,elev_normalized,elev_sin,elev_cos,is_synthetic,time_s,azimuth_deg,az_sector,elev_class,psi_cls
0.732505,-0.60866,0.0,0.097875,0.288492,0.0,0.952381,0.011208,0.652743,0.652977,0.0,0.047619,0.0,0.0,1.0,1.0,0.071333,-39.245512,10.0,0,0
0.644058,-0.761593,0.0,0.035438,0.06187,0.0,0.997414,0.011936,0.603062,0.69994,0.0,0.002586,0.0,0.0,1.0,1.0,1.681333,-48.004298,10.0,0,0
0.530759,-0.844841,0.0,0.035494,0.056536,0.0,0.997728,0.012376,0.492806,0.781488,0.0,0.002272,0.0,0.0,1.0,1.0,4.101333,-55.754967,10.0,0,0
0.61101,-0.406663,0.0,0.367755,0.24527,0.0,0.733967,0.005548,0.769119,0.511867,0.0,0.266033,0.0,0.0,1.0,1.0,10.531333,-32.118534,10.0,0,0
0.170632,-0.121225,0.0,0.331619,0.235621,0.0,0.20931,0.002924,0.75341,0.534718,0.0,0.79069,0.0,0.0,1.0,1.0,11.581333,-35.36807,10.0,0,1
