mean_x,mean_y,mean_z,std_x,std_y,std_z,R,log_rmsW,rX_ratio,rY_ratio,rZ_ratio,psi,elev_normalized,elev_sin,elev_cos,is_synthetic,time_s,azimuth_deg,az_sector,elev_class,psi_cls
0.056345,-0.299886,-0.003111,0.537708,0.604726,0.501937,0.30515,0.002864,0.540855,0.917371,0.448737,0.69485,0.0,0.0,1.0,0.0,0.051333,-75.508592,9.0,1,0
0.03319,-0.264124,0.003117,0.542086,0.603771,0.520193,0.266219,0.003512,0.412824,0.747005,0.355245,0.733781,0.0,0.0,1.0,0.0,1.251333,-78.285086,9.0,1,0
0.04519,-0.051931,0.007737,0.585845,0.549316,0.591767,0.069273,0.002347,1.999562,1.57393,2.310256,0.930727,0.0,0.0,1.0,0.0,14.861333,2.749413,0.0,1,2
-0.300096,-0.028123,-0.036277,0.672693,0.530753,0.416678,0.303586,0.057769,0.876411,0.478925,0.337663,0.696414,0.0,0.0,1.0,0.0,18.531333,-179.645305,6.0,0,0
-0.345151,0.077529,-0.005567,0.652435,0.516944,0.426529,0.353795,0.061675,0.84721,0.475669,0.332182,0.646205,0.0,0.0,1.0,0.0,22.261333,164.468617,5.0,1,0
