mean_x,mean_y,mean_z,std_x,std_y,std_z,R,log_rmsW,rX_ratio,rY_ratio,rZ_ratio,psi,elev_normalized,elev_sin,elev_cos,is_synthetic,time_s,azimuth_deg,az_sector,elev_class,psi_cls
0.282795,-0.085556,-0.031255,0.640299,0.556133,0.438707,0.297102,0.042975,0.774236,0.500223,0.328975,0.702898,0.833333,0.965926,0.258819,0.0,5.141333,-33.382798,10.0,0,0
0.229567,-0.151087,-0.021068,0.644388,0.55076,0.453272,0.27563,0.031943,0.767068,0.566315,0.359752,0.72437,0.833333,0.965926,0.258819,0.0,9.621333,-40.541269,10.0,0,0
