mean_x,mean_y,mean_z,std_x,std_y,std_z,R,log_rmsW,rX_ratio,rY_ratio,rZ_ratio,psi,elev_normalized,elev_sin,elev_cos,is_synthetic,time_s,azimuth_deg,az_sector,elev_class,psi_cls
0.775642,0.328051,0.0,0.431203,0.322112,0.0,0.842162,0.011636,0.911338,0.148778,0.0,0.157838,0.0,0.0,1.0,1.0,0.051333,22.646531,0.0,0,0
0.992153,0.105065,0.0,0.0504,0.044617,0.0,0.9977,0.012764,0.917677,0.106987,0.0,0.0023,0.0,0.0,1.0,1.0,1.161333,8.481641,0.0,0,0
0.701453,-0.094976,0.0,0.450741,0.0711,0.0,0.707853,0.01074,0.915926,0.1213,0.0,0.292146,0.0,0.0,1.0,1.0,5.581333,-6.154923,11.0,0,0
0.334657,-0.052645,0.0,0.467631,0.076601,0.0,0.338772,0.006499,0.91247,0.144949,0.0,0.661228,0.0,0.0,1.0,1.0,6.321333,-9.019171,11.0,0,0
