mean_x,mean_y,mean_z,std_x,std_y,std_z,R,log_rmsW,rX_ratio,rY_ratio,rZ_ratio,psi,elev_normalized,elev_sin,elev_cos,is_synthetic,time_s,azimuth_deg,az_sector,elev_class,psi_cls
0.137152,-0.334069,-0.025557,0.58598,0.546594,0.476232,0.36203,0.02053,0.597041,0.647027,0.374217,0.63797,0.444444,0.642788,0.766044,0.0,1.531333,-63.731304,9.0,0,0
0.118213,-0.375101,0.001336,0.548985,0.562954,0.476468,0.393289,0.019469,0.535906,0.709136,0.38832,0.606711,0.444444,0.642788,0.766044,0.0,4.001333,-62.566059,9.0,1,0
-0.009308,-0.148652,0.012776,0.579052,0.601532,0.529604,0.14949,0.01397,0.552698,0.777665,0.408187,0.85051,0.444444,0.642788,0.766044,0.0,6.231333,-69.141866,9.0,1,2
-0.079555,-0.012122,0.039545,0.574775,0.569478,0.580735,0.089665,0.003406,1.626338,1.535421,1.665342,0.910335,0.444444,0.642788,0.766044,0.0,7.861333,169.357464,5.0,2,2
-0.079528,0.005824,0.041934,0.571619,0.572597,0.580719,0.090095,0.003314,1.556687,1.631302,1.698049,0.909905,0.444444,0.642788,0.766044,0.0,10.071333,164.18368,5.0,2,2
