mean_x,mean_y,mean_z,std_x,std_y,std_z,R,log_rmsW,rX_ratio,rY_ratio,rZ_ratio,psi,elev_normalized,elev_sin,elev_cos,is_synthetic,time_s,azimuth_deg,az_sector,elev_class,psi_cls
0.069027,-0.46174,0.014073,0.546102,0.575844,0.389885,0.467083,0.065172,0.41772,0.729734,0.231226,0.532917,0.0,0.0,1.0,0.0,1.501333,-77.596572,9.0,1,0
-0.021469,-0.449278,0.029294,0.561587,0.582134,0.377585,0.450743,0.069226,0.396907,0.679515,0.218282,0.549257,0.0,0.0,1.0,0.0,3.851333,-89.595908,9.0,2,0
-0.017401,-0.227232,0.020576,0.455614,0.505106,0.306297,0.228824,0.040344,0.456877,0.736533,0.260332,0.771176,0.0,0.0,1.0,0.0,5.791333,-91.923234,8.0,1,0
