mean_x,mean_y,mean_z,std_x,std_y,std_z,R,log_rmsW,rX_ratio,rY_ratio,rZ_ratio,psi,elev_normalized,elev_sin,elev_cos,is_synthetic,time_s,azimuth_deg,az_sector,elev_class,psi_cls
-0.115133,0.225631,0.013512,0.542339,0.586548,0.545398,0.253668,0.004578,0.543234,0.671354,0.536164,0.746332,0.833333,0.965926,0.258819,0.0,2.521333,107.026874,3.0,1,0
0.063159,-0.313839,-0.003774,0.599186,0.572267,0.459317,0.320153,0.022118,0.620641,0.738758,0.388938,0.679847,0.833333,0.965926,0.258819,0.0,12.051333,-80.60104,9.0,1,0
0.143163,-0.276997,-0.051305,0.627242,0.569276,0.427361,0.315999,0.056304,0.716544,0.705993,0.359296,0.684002,0.833333,0.965926,0.258819,0.0,14.911333,-54.947408,10.0,0,0
0.069589,-0.273602,-0.031141,0.627244,0.574356,0.442729,0.284025,0.051774,0.718868,0.721867,0.371547,0.715975,0.833333,0.965926,0.258819,0.0,16.581333,-62.834441,9.0,0,0
0.060909,-0.232223,-0.027003,0.609084,0.562005,0.405245,0.241592,0.041006,0.753411,0.748237,0.388055,0.758408,0.833333,0.965926,0.258819,0.0,18.191333,-63.950888,9.0,0,0
