mean_x,mean_y,mean_z,std_x,std_y,std_z,R,log_rmsW,rX_ratio,rY_ratio,rZ_ratio,psi,elev_normalized,elev_sin,elev_cos,is_synthetic,time_s,azimuth_deg,az_sector,elev_class,psi_cls
0.277029,0.031216,-0.019706,0.630166,0.573588,0.44247,0.279477,0.03913,0.719908,0.533122,0.347999,0.720523,0.833333,0.965926,0.258819,0.0,0.841333,1.983506,0.0,0,0
0.286552,0.036664,-0.020984,0.617732,0.577566,0.448238,0.289649,0.039381,0.73494,0.553831,0.36593,0.710351,0.833333,0.965926,0.258819,0.0,2.021333,-0.230177,11.0,0,0
0.290114,0.044045,-0.013214,0.627036,0.567204,0.445886,0.293736,0.041096,0.748698,0.535897,0.364214,0.706264,0.833333,0.965926,0.258819,0.0,2.751333,3.395736,0.0,0,0
0.284395,-0.000665,-0.004392,0.635644,0.560699,0.447965,0.28443,0.035738,0.753665,0.514371,0.360064,0.71557,0.833333,0.965926,0.258819,0.0,4.111333,-4.850231,11.0,1,0
0.229773,0.002523,-0.014874,0.627632,0.583804,0.460666,0.230268,0.035321,0.73331,0.494719,0.322831,0.769732,0.833333,0.965926,0.258819,0.0,6.461333,-14.846415,11.0,0,0
