mean_x,mean_y,mean_z,std_x,std_y,std_z,R,log_rmsW,rX_ratio,rY_ratio,rZ_ratio,psi,elev_normalized,elev_sin,elev_cos,is_synthetic,time_s,azimuth_deg,az_sector,elev_class,psi_cls
-0.149537,0.21619,0.059493,0.547018,0.560605,0.560207,0.269516,0.004946,0.656308,0.707346,0.606362,0.730484,0.833333,0.965926,0.258819,0.0,0.221333,130.279781,4.0,2,0
-0.011613,-0.283012,-0.016434,0.580468,0.535912,0.543435,0.283726,0.003954,0.68255,0.760948,0.620111,0.716274,0.833333,0.965926,0.258819,0.0,7.311333,-92.85261,8.0,0,0
