mean_x,mean_y,mean_z,std_x,std_y,std_z,R,log_rmsW,rX_ratio,rY_ratio,rZ_ratio,psi,elev_normalized,elev_sin,elev_cos,is_synthetic,time_s,azimuth_deg,az_sector,elev_class,psi_cls
0.011216,-0.364749,-0.024457,0.596466,0.558163,0.445989,0.36574,0.049555,0.566568,0.728259,0.360108,0.63426,0.833333,0.965926,0.258819,0.0,1.111333,-87.775355,9.0,0,0
-0.019775,-0.358049,-0.037459,0.595744,0.566182,0.44106,0.360546,0.062139,0.561779,0.72285,0.35175,0.639454,0.833333,0.965926,0.258819,0.0,2.561333,-88.337934,9.0,0,0
-0.028496,-0.325707,-0.029515,0.617077,0.558361,0.446857,0.32828,0.05901,0.588219,0.668767,0.356429,0.67172,0.833333,0.965926,0.258819,0.0,3.881333,-96.426533,8.0,0,0
-0.009867,-0.330781,-0.021989,0.619985,0.551277,0.449127,0.331658,0.052719,0.606944,0.675661,0.372624,0.668342,0.833333,0.965926,0.258819,0.0,4.711333,-96.073298,8.0,0,0
-0.007028,-0.170509,-0.010058,0.473169,0.450515,0.330213,0.17095,0.032792,0.622809,0.68601,0.388305,0.82905,0.833333,0.965926,0.258819,0.0,5.881333,-96.168163,8.0,0,1
