mean_x,mean_y,mean_z,std_x,std_y,std_z,R,log_rmsW,rX_ratio,rY_ratio,rZ_ratio,psi,elev_normalized,elev_sin,elev_cos,is_synthetic,time_s,azimuth_deg,az_sector,elev_class,psi_cls
-0.8772,-0.47632,0.0,0.033699,0.049664,0.0,0.998179,0.044226,0.808597,0.445392,0.0,0.001821,0.0,0.0,1.0,1.0,0.051333,-148.621776,7.0,0,0
-0.927061,-0.371563,0.0,0.026927,0.041618,0.0,0.99875,0.047843,0.857043,0.34495,0.0,0.00125,0.0,0.0,1.0,1.0,2.001333,-156.281613,6.0,0,0
-0.960142,-0.275617,0.0,0.023785,0.039512,0.0,0.998918,0.049754,0.885577,0.26327,0.0,0.001082,0.0,0.0,1.0,1.0,3.751333,-162.526168,6.0,0,0
-0.722444,0.688975,0.0,0.028981,0.029394,0.0,0.998305,0.005804,0.66134,0.645122,0.0,0.001695,0.0,0.0,1.0,1.0,7.781333,137.805668,4.0,0,0
-0.652707,0.754689,0.0,0.031628,0.03101,0.0,0.997788,0.005923,0.603033,0.699931,0.0,0.002212,0.0,0.0,1.0,1.0,9.431333,133.544339,4.0,0,0
0.079826,-0.336292,0.0,0.188576,0.468057,0.0,0.345637,0.014541,0.131504,0.914444,0.0,0.654363,0.0,0.0,1.0,1.0,20.251333,-81.770987,9.0,0,0
