mean_x,mean_y,mean_z,std_x,std_y,std_z,R,log_rmsW,rX_ratio,rY_ratio,rZ_ratio,psi,elev_normalized,elev_sin,elev_cos,is_synthetic,time_s,azimuth_deg,az_sector,elev_class,psi_cls
0.03691,-0.373973,0.00611,0.492807,0.597762,0.508494,0.375839,0.025234,0.492446,0.944995,0.539236,0.624161,0.0,0.0,1.0,0.0,0.051333,-79.768788,9.0,1,0
0.020833,-0.374376,0.002018,0.494369,0.604131,0.500028,0.374961,0.023025,0.478173,0.943831,0.529996,0.625039,0.0,0.0,1.0,0.0,0.751333,-86.123136,9.0,1,0
0.006105,-0.409166,0.003536,0.490142,0.611523,0.467263,0.409227,0.023052,0.387349,0.871713,0.378276,0.590773,0.0,0.0,1.0,0.0,2.821333,-91.842474,8.0,1,0
-0.063604,-0.057509,-0.011017,0.592638,0.550422,0.581618,0.086453,0.001887,1.853683,1.329284,1.636886,0.913547,0.0,0.0,1.0,0.0,9.641333,-160.680539,6.0,0,2
0.07298,0.026291,0.020656,0.567107,0.577054,0.582137,0.080274,0.005759,0.901913,0.956715,0.921186,0.919726,0.0,0.0,1.0,0.0,16.011333,38.415844,1.0,1,2
