mean_x,mean_y,mean_z,std_x,std_y,std_z,R,log_rmsW,rX_ratio,rY_ratio,rZ_ratio,psi,elev_normalized,elev_sin,elev_cos,is_synthetic,time_s,azimuth_deg,az_sector,elev_class,psi_cls
-0.064749,-0.428488,-0.036701,0.511338,0.555069,0.491212,0.434904,0.034735,0.42767,0.735148,0.398974,0.565096,0.444444,0.642788,0.766044,0.0,5.211333,-104.366205,8.0,0,0
0.050337,-0.426382,0.028361,0.521477,0.563588,0.474649,0.430278,0.043896,0.455869,0.770797,0.409782,0.569722,0.444444,0.642788,0.766044,0.0,8.421333,-82.646245,9.0,2,0
0.017804,-0.382228,0.001832,0.539604,0.576005,0.480237,0.382646,0.052625,0.467392,0.743845,0.397735,0.617354,0.444444,0.642788,0.766044,0.0,10.391333,-87.426726,9.0,1,0
-0.000394,-0.400064,0.012218,0.546649,0.55795,0.479235,0.400251,0.049587,0.488877,0.745409,0.418052,0.599749,0.444444,0.642788,0.766044,0.0,11.121333,-89.528189,9.0,1,0
-0.008303,-0.296819,0.014798,0.538271,0.539663,0.440453,0.297304,0.039226,0.500496,0.721299,0.402871,0.702696,0.444444,0.642788,0.766044,0.0,12.781333,-93.659102,8.0,1,0
