mean_x,mean_y,mean_z,std_x,std_y,std_z,R,log_rmsW,rX_ratio,rY_ratio,rZ_ratio,psi,elev_normalized,elev_sin,elev_cos,is_synthetic,time_s,azimuth_deg,az_sector,elev_class,psi_cls
0.013403,-0.131518,-0.033684,0.559946,0.596938,0.558105,0.136423,0.00176,1.354438,1.778777,1.327553,0.863577,0.833333,0.965926,0.258819,0.0,13.231333,6.518997,0.0,0,2
-0.367658,-0.072917,-0.0131,0.631826,0.495451,0.463318,0.375048,0.061457,0.759915,0.388355,0.347921,0.624952,0.833333,0.965926,0.258819,0.0,18.471333,-173.78733,6.0,0,0
-0.322163,0.072371,-0.009131,0.661666,0.48969,0.461835,0.330318,0.064713,0.748933,0.384229,0.334149,0.669682,0.833333,0.965926,0.258819,0.0,22.251333,169.313834,5.0,0,0
