mean_x,mean_y,mean_z,std_x,std_y,std_z,R,log_rmsW,rX_ratio,rY_ratio,rZ_ratio,psi,elev_normalized,elev_sin,elev_cos,is_synthetic,time_s,azimuth_deg,az_sector,elev_class,psi_cls
0.060132,-0.035698,0.001185,0.614418,0.565912,0.54516,0.06994,0.003553,1.180693,0.836153,0.965173,0.93006,0.444444,0.642788,0.766044,0.0,0.051333,-26.430201,11.0,1,2
0.011716,0.001569,0.001826,0.278394,0.264695,0.246643,0.011961,0.000166,1.135532,0.964872,0.916171,0.988039,0.444444,0.642788,0.766044,0.0,2.591333,-34.099003,10.0,1,2
