mean_x,mean_y,mean_z,std_x,std_y,std_z,R,log_rmsW,rX_ratio,rY_ratio,rZ_ratio,psi,elev_normalized,elev_sin,elev_cos,is_synthetic,time_s,azimuth_deg,az_sector,elev_class,psi_cls
0.909725,0.413348,0.0,0.016877,0.030855,0.0,0.999228,0.005958,0.840027,0.384587,0.0,0.000772,0.0,0.0,1.0,1.0,0.071333,26.343951,0.0,0,0
-0.096464,0.24379,0.0,0.874472,0.40767,0.0,0.262181,0.004607,0.866606,0.317281,0.0,0.737819,0.0,0.0,1.0,1.0,4.551333,11.970302,0.0,0,0
-0.736269,0.335294,0.0,0.309058,0.49993,0.0,0.809021,0.004811,0.8122,0.43736,0.0,0.190979,0.0,0.0,1.0,1.0,7.311333,157.444734,5.0,0,0
