mean_x,mean_y,mean_z,std_x,std_y,std_z,R,log_rmsW,rX_ratio,rY_ratio,rZ_ratio,psi,elev_normalized,elev_sin,elev_cos,is_synthetic,time_s,azimuth_deg,az_sector,elev_class,psi_cls
-0.314169,0.943303,0.0,0.03577,0.050167,0.0,0.994245,0.002465,0.321418,0.866166,0.0,0.005755,0.0,0.0,1.0,1.0,0.071333,110.745403,3.0,0,0
-0.202416,0.975843,0.0,0.033687,0.037542,0.0,0.996615,0.00465,0.206514,0.900503,0.0,0.003385,0.0,0.0,1.0,1.0,2.081333,104.517411,3.0,0,0
-0.163108,0.983356,0.0,0.033594,0.036479,0.0,0.996792,0.003935,0.155356,0.910723,0.0,0.003208,0.0,0.0,1.0,1.0,2.771333,102.098064,3.0,0,0
0.23789,0.970008,0.0,0.032958,0.019743,0.0,0.998753,0.008268,0.242019,0.891616,0.0,0.001247,0.0,0.0,1.0,1.0,9.731333,78.479235,2.0,0,0
0.285211,0.944055,0.0,0.151011,0.062718,0.0,0.986198,0.01101,0.281921,0.879814,0.0,0.013802,0.0,0.0,1.0,1.0,11.011333,74.30046,2.0,0,0
0.511545,0.64724,0.0,0.386487,0.412347,0.0,0.824984,0.056672,0.509311,0.77708,0.0,0.175016,0.0,0.0,1.0,1.0,13.381333,55.570904,1.0,0,0
0.623232,0.515923,0.0,0.355144,0.46827,0.0,0.809071,0.054173,0.644056,0.669145,0.0,0.190929,0.0,0.0,1.0,1.0,15.911333,46.289559,1.0,0,0
