mean_x,mean_y,mean_z,std_x,std_y,std_z,R,log_rmsW,rX_ratio,rY_ratio,rZ_ratio,psi,elev_normalized,elev_sin,elev_cos,is_synthetic,time_s,azimuth_deg,az_sector,elev_class,psi_cls
0.23371,-0.44398,-0.017088,0.573828,0.505296,0.404187,0.502026,0.022724,0.610942,0.692445,0.275955,0.497974,0.0,0.0,1.0,0.0,1.131333,-56.794025,10.0,0,0
0.126098,-0.410896,0.002079,0.566083,0.560116,0.425516,0.429815,0.020796,0.528221,0.785421,0.288054,0.570185,0.0,0.0,1.0,0.0,5.301333,-68.598291,9.0,1,0
-0.084693,0.020973,0.049184,0.583406,0.575177,0.564562,0.100159,0.003058,1.968322,1.854306,1.789658,0.899841,0.0,0.0,1.0,0.0,7.661333,159.661835,5.0,2,2
