mean_x,mean_y,mean_z,std_x,std_y,std_z,R,log_rmsW,rX_ratio,rY_ratio,rZ_ratio,psi,elev_normalized,elev_sin,elev_cos,is_synthetic,time_s,azimuth_deg,az_sector,elev_class,psi_cls
-0.753084,-0.30032,0.0,0.308762,0.496597,0.0,0.810757,0.008978,0.748216,0.537975,0.0,0.189243,0.0,0.0,1.0,1.0,0.111333,-151.036667,6.0,0,0
-0.786866,-0.184646,0.0,0.271896,0.522319,0.0,0.808241,0.010049,0.803855,0.455095,0.0,0.191759,0.0,0.0,1.0,1.0,3.271333,-161.740935,6.0,0,0
-0.611926,-0.067094,0.0,0.461973,0.480902,0.0,0.615593,0.007377,0.835033,0.389223,0.0,0.384407,0.0,0.0,1.0,1.0,5.251333,-167.329245,6.0,0,0
