mean_x,mean_y,mean_z,std_x,std_y,std_z,R,log_rmsW,rX_ratio,rY_ratio,rZ_ratio,psi,elev_normalized,elev_sin,elev_cos,is_synthetic,time_s,azimuth_deg,az_sector,elev_class,psi_cls
-0.24521,-0.303539,0.012315,0.611918,0.486104,0.486656,0.390404,0.053736,0.679229,0.555781,0.400883,0.609596,0.833333,0.965926,0.258819,0.0,0.311333,-131.834589,7.0,1,0
-0.306014,-0.229924,-0.00563,0.63703,0.478823,0.467312,0.382807,0.047777,0.751319,0.477604,0.366322,0.617193,0.833333,0.965926,0.258819,0.0,3.911333,-145.192693,7.0,1,0
