mean_x,mean_y,mean_z,std_x,std_y,std_z,R,log_rmsW,rX_ratio,rY_ratio,rZ_ratio,psi,elev_normalized,elev_sin,elev_cos,is_synthetic,time_s,azimuth_deg,az_sector,elev_class,psi_cls
-0.543306,0.838578,0.0,0.03003,0.026335,0.0,0.999197,0.069224,0.516618,0.765936,0.0,0.000803,0.0,0.0,1.0,1.0,0.271333,124.593967,4.0,0,0
-0.369654,0.928254,0.0,0.033977,0.023034,0.0,0.99915,0.074022,0.352459,0.854,0.0,0.00085,0.0,0.0,1.0,1.0,3.641333,113.08576,3.0,0,0
