mean_x,mean_y,mean_z,std_x,std_y,std_z,R,log_rmsW,rX_ratio,rY_ratio,rZ_ratio,psi,elev_normalized,elev_sin,elev_cos,is_synthetic,time_s,azimuth_deg,az_sector,elev_class,psi_cls
-0.214916,0.254091,0.003582,0.526301,0.598942,0.503488,0.332812,0.004897,0.663013,0.828103,0.51158,0.667188,0.0,0.0,1.0,0.0,0.051333,130.996135,4.0,1,0
-0.07069,0.021086,-0.008081,0.551157,0.674506,0.485548,0.074209,0.004028,0.610055,0.846823,0.517121,0.925791,0.0,0.0,1.0,0.0,4.271333,119.60693,3.0,0,2
-0.032304,-0.087895,0.0024,0.3359,0.355701,0.243713,0.093674,0.002822,0.468098,0.714282,0.2757,0.906326,0.0,0.0,1.0,0.0,11.641333,-106.23864,8.0,1,2
