mean_x,mean_y,mean_z,std_x,std_y,std_z,R,log_rmsW,rX_ratio,rY_ratio,rZ_ratio,psi,elev_normalized,elev_sin,elev_cos,is_synthetic,time_s,azimuth_deg,az_sector,elev_class,psi_cls
-0.585984,0.588421,0.0,0.517016,0.195675,0.0,0.830432,0.021158,0.708109,0.59341,0.0,0.169568,0.0,0.0,1.0,1.0,8.191333,142.628436,4.0,0,0
-0.278787,0.537733,0.0,0.70219,0.348698,0.0,0.605705,0.031114,0.650617,0.65594,0.0,0.394295,0.0,0.0,1.0,1.0,10.061333,136.076714,4.0,0,0
-0.597424,0.79203,0.0,0.106977,0.064,0.0,0.992082,0.03841,0.564689,0.731209,0.0,0.007918,0.0,0.0,1.0,1.0,11.951333,129.775553,4.0,0,0
-0.115493,0.840311,0.0,0.444539,0.268419,0.0,0.848211,0.02049,0.528147,0.757984,0.0,0.151789,0.0,0.0,1.0,1.0,13.481333,124.920456,4.0,0,0
0.400547,0.914002,0.0,0.032706,0.02877,0.0,0.997917,0.002316,0.380047,0.842091,0.0,0.002083,0.0,0.0,1.0,1.0,16.361333,68.663606,2.0,0,0
0.480567,0.874375,0.0,0.032551,0.030148,0.0,0.997735,0.003536,0.435128,0.814995,0.0,0.002265,0.0,0.0,1.0,1.0,17.901333,62.494538,2.0,0,0
0.541322,0.745798,0.0,0.173792,0.258516,0.0,0.921544,0.003996,0.507004,0.772332,0.0,0.078456,0.0,0.0,1.0,1.0,19.601333,58.025076,1.0,0,0
0.354531,0.450287,0.0,0.312683,0.413099,0.0,0.573106,0.002016,0.531387,0.755757,0.0,0.426894,0.0,0.0,1.0,1.0,20.301333,54.382903,1.0,0,0
