mean_x,mean_y,mean_z,std_x,std_y,std_z,R,log_rmsW,rX_ratio,rY_ratio,rZ_ratio,psi,elev_normalized,elev_sin,elev_cos,is_synthetic,time_s,azimuth_deg,az_sector,elev_class,psi_cls
-0.053861,-0.035902,0.019839,0.596111,0.572459,0.558838,0.067702,0.00291,0.930463,0.85217,0.874549,0.932298,0.833333,0.965926,0.258819,0.0,0.051333,-110.784455,8.0,1,2
-0.077149,0.086232,0.043138,0.591307,0.555432,0.571479,0.123486,0.002839,0.993342,0.901822,0.944146,0.876514,0.833333,0.965926,0.258819,0.0,0.961333,140.035306,4.0,2,2
0.161086,0.002623,-0.002279,0.671668,0.463336,0.555154,0.161124,0.015575,0.837956,0.302865,0.506116,0.838876,0.833333,0.965926,0.258819,0.0,7.301333,116.344874,3.0,1,1
0.215318,-0.066785,-0.013154,0.692478,0.421737,0.540005,0.225821,0.017624,0.824443,0.328598,0.499813,0.774179,0.833333,0.965926,0.258819,0.0,8.021333,-7.127407,11.0,0,0
0.275095,-0.07181,0.034475,0.66119,0.470984,0.508901,0.286395,0.015398,0.745299,0.364534,0.419686,0.713605,0.833333,0.965926,0.258819,0.0,10.881333,-14.481423,11.0,2,0
