mean_x,mean_y,mean_z,std_x,std_y,std_z,R,log_rmsW,rX_ratio,rY_ratio,rZ_ratio,psi,elev_normalized,elev_sin,elev_cos,is_synthetic,time_s,azimuth_deg,az_sector,elev_class,psi_cls
-0.968438,0.242669,0.0,0.027347,0.049594,0.0,0.998379,0.02045,0.894784,0.229968,0.0,0.001621,0.0,0.0,1.0,1.0,2.071333,168.436463,5.0,0,0
-0.927881,0.37018,0.0,0.019678,0.039991,0.0,0.998998,0.055538,0.859875,0.337869,0.0,0.001002,0.0,0.0,1.0,1.0,4.371333,159.643131,5.0,0,0
-0.851448,-0.016243,0.0,0.243238,0.464336,0.0,0.851602,0.070075,0.893991,0.238132,0.0,0.148397,0.0,0.0,1.0,1.0,8.371333,-174.892507,6.0,0,0
-0.837041,0.05335,0.0,0.262893,0.476869,0.0,0.838739,0.072079,0.891976,0.244979,0.0,0.161261,0.0,0.0,1.0,1.0,9.241333,-177.909489,6.0,0,0
-0.821227,0.143283,0.0,0.281153,0.475405,0.0,0.833633,0.071725,0.888714,0.24255,0.0,0.166367,0.0,0.0,1.0,1.0,10.621333,170.688932,5.0,0,0
-0.743018,0.38366,0.0,0.275498,0.45718,0.0,0.836224,0.045909,0.881498,0.262496,0.0,0.163776,0.0,0.0,1.0,1.0,12.531333,170.663759,5.0,0,0
