mean_x,mean_y,mean_z,std_x,std_y,std_z,R,log_rmsW,rX_ratio,rY_ratio,rZ_ratio,psi,elev_normalized,elev_sin,elev_cos,is_synthetic,time_s,azimuth_deg,az_sector,elev_class,psi_cls
0.41209,0.021823,-0.016706,0.592569,0.562128,0.402865,0.413006,0.041064,0.754829,0.467838,0.278194,0.586994,0.0,0.0,1.0,0.0,0.821333,2.61208,0.0,0,0
0.420038,-0.004746,-0.013993,0.591208,0.55215,0.41104,0.420298,0.041571,0.79514,0.470605,0.288093,0.579702,0.0,0.0,1.0,0.0,2.091333,-2.260517,11.0,0,0
0.429974,-0.078229,-0.005138,0.60377,0.538208,0.393407,0.437063,0.037289,0.800347,0.447629,0.270535,0.562937,0.0,0.0,1.0,0.0,4.481333,-5.438767,11.0,1,0
0.299225,-0.046957,-0.011456,0.636239,0.528776,0.47299,0.303103,0.036484,0.797322,0.407685,0.239607,0.696897,0.0,0.0,1.0,0.0,6.571333,-11.752185,11.0,0,0
