mean_x,mean_y,mean_z,std_x,std_y,std_z,R,log_rmsW,rX_ratio,rY_ratio,rZ_ratio,psi,elev_normalized,elev_sin,elev_cos,is_synthetic,time_s,azimuth_deg,az_sector,elev_class,psi_cls
0.050291,-0.24637,0.015334,0.550442,0.593577,0.530202,0.251918,0.002536,0.58297,0.801464,0.535908,0.748082,0.444444,0.642788,0.766044,0.0,0.111333,-80.949979,9.0,1,0
0.017632,-0.216043,0.03074,0.551991,0.583714,0.553691,0.218931,0.002652,0.524982,0.835961,0.549518,0.781069,0.444444,0.642788,0.766044,0.0,2.101333,-79.453291,9.0,2,1
-0.264401,-0.032477,-0.022601,0.667336,0.54869,0.426753,0.267345,0.058142,0.798763,0.490871,0.334625,0.732655,0.444444,0.642788,0.766044,0.0,18.431333,-179.433301,6.0,0,0
-0.315977,0.071835,0.002899,0.663856,0.525546,0.422003,0.324052,0.061047,0.809059,0.467702,0.319474,0.675948,0.444444,0.642788,0.766044,0.0,22.081333,165.396088,5.0,1,0
