mean_x,mean_y,mean_z,std_x,std_y,std_z,R,log_rmsW,rX_ratio,rY_ratio,rZ_ratio,psi,elev_normalized,elev_sin,elev_cos,is_synthetic,time_s,azimuth_deg,az_sector,elev_class,psi_cls
0.014844,-0.297705,0.004733,0.581303,0.550728,0.519533,0.298112,0.022939,0.736676,0.826849,0.613515,0.701888,0.833333,0.965926,0.258819,0.0,0.051333,-84.321131,9.0,1,0
0.01221,-0.30327,0.002252,0.572306,0.562908,0.513294,0.303524,0.019416,0.64843,0.789575,0.55131,0.696476,0.833333,0.965926,0.258819,0.0,1.461333,-86.912488,9.0,1,0
0.006905,-0.336694,-0.003157,0.564693,0.569625,0.493182,0.33678,0.021791,0.531797,0.715695,0.435491,0.66322,0.833333,0.965926,0.258819,0.0,2.791333,-89.557342,9.0,1,0
0.001074,-0.300892,-0.011706,0.578186,0.562713,0.508312,0.301121,0.0234,0.632225,0.754179,0.518089,0.698879,0.833333,0.965926,0.258819,0.0,4.711333,-91.038893,8.0,0,0
-0.014446,-0.051175,-0.003304,0.579164,0.580589,0.569733,0.053278,0.002232,1.214857,1.425088,1.29119,0.946722,0.833333,0.965926,0.258819,0.0,9.321333,-146.992839,7.0,1,2
-0.0241,-0.062862,-0.001713,0.57632,0.578697,0.573017,0.067346,0.002451,1.287276,1.521667,1.340503,0.932654,0.833333,0.965926,0.258819,0.0,10.011333,-149.808808,7.0,1,2
-0.02667,-0.044238,0.000271,0.57721,0.583903,0.568363,0.051656,0.001909,1.401049,1.755789,1.368376,0.948344,0.833333,0.965926,0.258819,0.0,12.121333,-162.911604,6.0,1,2
0.022665,-0.021988,-0.015199,0.578785,0.576692,0.57535,0.035045,0.002455,1.133417,1.094594,1.094141,0.964955,0.833333,0.965926,0.258819,0.0,13.091333,-160.174745,6.0,0,2
0.068674,-0.038918,-0.020987,0.576712,0.576809,0.572682,0.081677,0.006294,1.002423,0.989332,0.94547,0.918323,0.833333,0.965926,0.258819,0.0,16.021333,32.555636,1.0,0,2
