mean_x,mean_y,mean_z,std_x,std_y,std_z,R,log_rmsW,rX_ratio,rY_ratio,rZ_ratio,psi,elev_normalized,elev_sin,elev_cos,is_synthetic,time_s,azimuth_deg,az_sector,elev_class,psi_cls
-0.177753,-0.351474,0.046831,0.579137,0.575087,0.420153,0.39664,0.009509,0.53687,0.726738,0.306396,0.60336,0.0,0.0,1.0,0.0,7.371333,-98.189066,8.0,2,0
-0.077847,-0.116125,0.000352,0.588655,0.592303,0.531975,0.139805,0.012811,0.83765,0.871998,0.649646,0.860195,0.0,0.0,1.0,0.0,9.951333,-118.100592,8.0,1,2
-0.168918,-0.212631,-0.004715,0.611678,0.551344,0.498097,0.271602,0.015318,0.856338,0.747768,0.541725,0.728398,0.0,0.0,1.0,0.0,11.851333,-129.30146,7.0,1,0
-0.137314,-0.125103,0.010346,0.610062,0.570771,0.51708,0.186045,0.012142,0.886496,0.742285,0.562436,0.813955,0.0,0.0,1.0,0.0,12.851333,-130.957012,7.0,1,1
-0.123116,0.032385,0.019874,0.602979,0.568613,0.544439,0.128846,0.001145,1.766636,1.526653,1.570624,0.871154,0.0,0.0,1.0,0.0,14.521333,164.057201,5.0,1,2
-0.08399,0.023175,0.047184,0.583432,0.580943,0.558764,0.099084,0.001331,2.039565,1.908035,1.915053,0.900916,0.0,0.0,1.0,0.0,16.201333,170.415887,5.0,2,2
-0.075767,0.016218,0.050512,0.581746,0.578706,0.563942,0.092494,0.00195,1.949093,1.810386,1.936447,0.907506,0.0,0.0,1.0,0.0,17.771333,164.182396,5.0,2,2
-0.027262,0.02345,0.007434,0.296573,0.299891,0.26611,0.036721,0.000653,1.163917,1.0926,1.064761,0.963279,0.0,0.0,1.0,0.0,21.011333,143.856019,4.0,1,2
