mean_x,mean_y,mean_z,std_x,std_y,std_z,R,log_rmsW,rX_ratio,rY_ratio,rZ_ratio,psi,elev_normalized,elev_sin,elev_cos,is_synthetic,time_s,azimuth_deg,az_sector,elev_class,psi_cls
-0.054324,-0.182371,0.004117,0.592757,0.559384,0.547253,0.190334,0.004384,1.167055,1.118319,1.0744,0.809666,0.833333,0.965926,0.258819,0.0,0.051333,-108.793209,8.0,1,1
-0.032877,-0.045292,-0.001746,0.398578,0.387771,0.385096,0.055994,0.002684,0.899796,0.862323,0.832039,0.944006,0.833333,0.965926,0.258819,0.0,11.081333,-138.301486,7.0,1,2
