mean_x,mean_y,mean_z,std_x,std_y,std_z,R,log_rmsW,rX_ratio,rY_ratio,rZ_ratio,psi,elev_normalized,elev_sin,elev_cos,is_synthetic,time_s,azimuth_deg,az_sector,elev_class,psi_cls
-0.277734,0.122966,-0.015542,0.629557,0.533929,0.475466,0.304135,0.041583,0.757288,0.502101,0.380367,0.695865,0.833333,0.965926,0.258819,0.0,13.041333,153.096957,5.0,0,0
-0.256731,0.159693,-0.01368,0.609432,0.559239,0.473543,0.302655,0.041137,0.73288,0.576962,0.384195,0.697345,0.833333,0.965926,0.258819,0.0,14.871333,145.079536,4.0,0,0
-0.217568,0.193429,-0.009484,0.582098,0.5948,0.471725,0.291274,0.041589,0.659784,0.625631,0.377639,0.708726,0.833333,0.965926,0.258819,0.0,17.681333,136.146958,4.0,0,0
-0.078579,0.063808,-0.020571,0.409453,0.418122,0.310842,0.103292,0.032059,0.636611,0.571608,0.372091,0.896708,0.833333,0.965926,0.258819,0.0,19.361333,138.594137,4.0,0,2
