mean_x,mean_y,mean_z,std_x,std_y,std_z,R,log_rmsW,rX_ratio,rY_ratio,rZ_ratio,psi,elev_normalized,elev_sin,elev_cos,is_synthetic,time_s,azimuth_deg,az_sector,elev_class,psi_cls
-0.226496,-0.966908,0.0,0.035171,0.055526,0.0,0.993082,0.005114,0.202499,0.901414,0.0,0.006918,0.0,0.0,1.0,1.0,0.051333,-101.235789,8.0,0,0
-0.076767,-0.22452,0.0,0.137284,0.401398,0.0,0.237281,0.000183,0.29284,0.876239,0.0,0.762719,0.0,0.0,1.0,1.0,2.521333,-108.647821,8.0,0,0
