mean_x,mean_y,mean_z,std_x,std_y,std_z,R,log_rmsW,rX_ratio,rY_ratio,rZ_ratio,psi,elev_normalized,elev_sin,elev_cos,is_synthetic,time_s,azimuth_deg,az_sector,elev_class,psi_cls
-0.139217,-0.44874,0.014726,0.53412,0.586481,0.387027,0.47007,0.045705,0.385639,0.672136,0.224629,0.52993,0.0,0.0,1.0,0.0,5.241333,-100.377669,8.0,1,0
0.091131,-0.45854,0.013001,0.540788,0.577113,0.39466,0.467688,0.064445,0.424699,0.729392,0.233456,0.532311,0.0,0.0,1.0,0.0,8.631333,-75.623198,9.0,1,0
0.038537,-0.45857,0.010509,0.557684,0.574369,0.383675,0.460306,0.068563,0.423283,0.721337,0.235011,0.539694,0.0,0.0,1.0,0.0,9.901333,-76.08528,9.0,1,0
0.006338,-0.453011,0.021737,0.559216,0.578833,0.382751,0.453576,0.067801,0.402273,0.683024,0.222607,0.546424,0.0,0.0,1.0,0.0,10.951333,-87.161899,9.0,1,0
-0.019921,-0.266543,0.018073,0.504258,0.533311,0.344527,0.267897,0.040741,0.452972,0.740222,0.260585,0.732103,0.0,0.0,1.0,0.0,13.051333,-88.881038,9.0,1,0
