mean_x,mean_y,mean_z,std_x,std_y,std_z,R,log_rmsW,rX_ratio,rY_ratio,rZ_ratio,psi,elev_normalized,elev_sin,elev_cos,is_synthetic,time_s,azimuth_deg,az_sector,elev_class,psi_cls
-0.118298,0.231472,0.049455,0.487801,0.625078,0.548862,0.264612,0.010361,0.433254,0.75197,0.49948,0.735388,0.833333,0.965926,0.258819,0.0,0.051333,-147.202756,7.0,2,0
-0.111106,0.305078,0.062779,0.468684,0.619597,0.535785,0.330693,0.011655,0.432034,0.735557,0.484385,0.669307,0.833333,0.965926,0.258819,0.0,1.161333,115.469508,3.0,2,0
0.002131,0.258008,0.056395,0.423278,0.563587,0.472918,0.264108,0.009084,0.42302,0.792044,0.509798,0.735892,0.833333,0.965926,0.258819,0.0,5.431333,94.766416,3.0,2,0
