mean_x,mean_y,mean_z,std_x,std_y,std_z,R,log_rmsW,rX_ratio,rY_ratio,rZ_ratio,psi,elev_normalized,elev_sin,elev_cos,is_synthetic,time_s,azimuth_deg,az_sector,elev_class,psi_cls
0.152723,0.047236,0.010947,0.583545,0.606836,0.515315,0.160236,0.016622,0.792003,0.808167,0.608079,0.839764,0.444444,0.642788,0.766044,0.0,3.161333,38.016217,1.0,1,1
0.123703,0.000545,0.001715,0.593066,0.591725,0.531804,0.123716,0.015186,0.894826,0.869412,0.710403,0.876284,0.444444,0.642788,0.766044,0.0,4.571333,33.892122,1.0,1,2
0.175907,-0.016259,0.004042,0.602291,0.567263,0.533135,0.176703,0.017481,0.915296,0.765344,0.705354,0.823297,0.444444,0.642788,0.766044,0.0,6.861333,16.563038,0.0,1,1
0.060202,-0.089518,0.047802,0.571672,0.595105,0.55235,0.117995,0.00263,1.487798,1.708699,1.352902,0.882005,0.444444,0.642788,0.766044,0.0,10.971333,-50.606159,10.0,2,2
0.042822,-0.090863,0.04335,0.573567,0.594799,0.552464,0.109403,0.003629,1.344797,1.568893,1.217689,0.890597,0.444444,0.642788,0.766044,0.0,13.971333,-56.668541,10.0,2,2
-0.002649,0.406415,0.048972,0.479263,0.615206,0.47355,0.409363,0.014864,0.336157,0.724989,0.346495,0.590637,0.444444,0.642788,0.766044,0.0,16.801333,92.226843,3.0,2,0
0.038401,0.388955,0.041549,0.497362,0.6155,0.468299,0.393049,0.013116,0.39576,0.759747,0.357917,0.606951,0.444444,0.642788,0.766044,0.0,18.271333,90.865059,3.0,2,0
0.079938,0.391571,0.050545,0.517369,0.594402,0.465544,0.402831,0.013547,0.423502,0.710132,0.347062,0.597169,0.444444,0.642788,0.766044,0.0,19.931333,79.408648,2.0,2,0
0.059094,0.155985,0.041744,0.550884,0.65708,0.484973,0.171948,0.010551,0.451566,0.656292,0.365788,0.828052,0.444444,0.642788,0.766044,0.0,22.121333,70.668564,2.0,2,1
