mean_x,mean_y,mean_z,std_x,std_y,std_z,R,log_rmsW,rX_ratio,rY_ratio,rZ_ratio,psi,elev_normalized,elev_sin,elev_cos,is_synthetic,time_s,azimuth_deg,az_sector,elev_class,psi_cls
-0.129152,0.10385,0.047645,0.55809,0.584482,0.563164,0.172439,0.002281,1.015626,1.119566,1.042917,0.827561,0.444444,0.642788,0.766044,0.0,1.071333,143.678359,4.0,2,1
-0.141883,0.143285,0.053763,0.546139,0.593164,0.553474,0.208691,0.006702,1.037502,1.260713,1.06818,0.791309,0.444444,0.642788,0.766044,0.0,2.721333,138.051279,4.0,2,1
0.377949,-0.03981,-0.047037,0.651362,0.446404,0.479384,0.382939,0.018218,0.742502,0.30181,0.339367,0.617061,0.444444,0.642788,0.766044,0.0,8.091333,-3.023393,11.0,0,0
0.396801,-0.02568,-0.013265,0.651417,0.442683,0.470533,0.397852,0.01801,0.778758,0.299306,0.323634,0.602148,0.444444,0.642788,0.766044,0.0,9.091333,-5.132829,11.0,0,0
0.388801,-0.057488,0.004195,0.653443,0.454185,0.460694,0.393051,0.017085,0.820232,0.341558,0.333972,0.606949,0.444444,0.642788,0.766044,0.0,9.831333,-3.324302,11.0,1,0
0.331274,-0.130372,0.023691,0.648566,0.44825,0.452977,0.356792,0.010432,0.812782,0.377392,0.346432,0.643208,0.444444,0.642788,0.766044,0.0,12.101333,-16.510505,11.0,2,0
