mean_x,mean_y,mean_z,std_x,std_y,std_z,R,log_rmsW,rX_ratio,rY_ratio,rZ_ratio,psi,elev_normalized,elev_sin,elev_cos,is_synthetic,time_s,azimuth_deg,az_sector,elev_class,psi_cls
0.431427,-0.186108,-0.019186,0.594627,0.519522,0.394173,0.470248,0.04708,0.78699,0.442003,0.245191,0.529752,0.0,0.0,1.0,0.0,5.591333,-22.698856,11.0,0,0
0.430596,-0.215879,-0.02293,0.591357,0.509154,0.398141,0.482226,0.045606,0.778842,0.466783,0.257336,0.517774,0.0,0.0,1.0,0.0,8.041333,-25.23191,11.0,0,0
0.402212,-0.249783,-0.019469,0.591518,0.515918,0.399237,0.473861,0.041318,0.749125,0.492165,0.255396,0.526139,0.0,0.0,1.0,0.0,9.081333,-23.769913,11.0,0,0
