mean_x,mean_y,mean_z,std_x,std_y,std_z,R,log_rmsW,rX_ratio,rY_ratio,rZ_ratio,psi,elev_normalized,elev_sin,elev_cos,is_synthetic,time_s,azimuth_deg,az_sector,elev_class,psi_cls
-0.287069,-0.293533,0.020767,0.627531,0.529178,0.396438,0.411098,0.054306,0.774213,0.61969,0.313412,0.588902,0.0,0.0,1.0,0.0,0.081333,-134.709429,7.0,1,0
-0.295322,-0.212277,0.005192,0.667116,0.50429,0.410297,0.363735,0.04194,0.902962,0.557396,0.345555,0.636265,0.0,0.0,1.0,0.0,4.021333,-146.119589,7.0,1,0
