mean_x,mean_y,mean_z,std_x,std_y,std_z,R,log_rmsW,rX_ratio,rY_ratio,rZ_ratio,psi,elev_normalized,elev_sin,elev_cos,is_synthetic,time_s,azimuth_deg,az_sector,elev_class,psi_cls
-0.811392,0.582494,0.0,0.024261,0.029079,0.0,0.998827,0.006559,0.730642,0.565434,0.0,0.001173,0.0,0.0,1.0,1.0,0.051333,146.62205,4.0,0,0
-0.749867,0.659812,0.0,0.025479,0.027625,0.0,0.998826,0.007576,0.70365,0.59869,0.0,0.001174,0.0,0.0,1.0,1.0,1.751333,141.332421,4.0,0,0
-0.643794,0.762159,0.0,0.031507,0.030724,0.0,0.997676,0.002196,0.570656,0.72657,0.0,0.002324,0.0,0.0,1.0,1.0,4.291333,132.898825,4.0,0,0
-0.560944,0.825726,0.0,0.030979,0.027891,0.0,0.99824,0.005991,0.511937,0.769073,0.0,0.00176,0.0,0.0,1.0,1.0,6.091333,126.883181,4.0,0,0
-0.152023,0.432554,0.0,0.165383,0.469801,0.0,0.458491,0.003847,0.318881,0.867098,0.0,0.541509,0.0,0.0,1.0,1.0,11.081333,109.831022,3.0,0,0
