mean_x,mean_y,mean_z,std_x,std_y,std_z,R,log_rmsW,rX_ratio,rY_ratio,rZ_ratio,psi,elev_normalized,elev_sin,elev_cos,is_synthetic,time_s,azimuth_deg,az_sector,elev_class,psi_cls
-0.043623,0.313319,0.03932,0.446374,0.574873,0.40984,0.318775,0.010078,0.401133,0.767968,0.352672,0.681225,0.444444,0.642788,0.766044,0.0,5.411333,100.974864,3.0,2,0
-0.001444,0.061618,0.007987,0.188029,0.271104,0.177795,0.062151,0.004078,0.358094,0.709305,0.314559,0.937849,0.444444,0.642788,0.766044,0.0,6.721333,93.582886,3.0,1,2
