mean_x,mean_y,mean_z,std_x,std_y,std_z,R,log_rmsW,rX_ratio,rY_ratio,rZ_ratio,psi,elev_normalized,elev_sin,elev_cos,is_synthetic,time_s,azimuth_deg,az_sector,elev_class,psi_cls
-0.968379,-0.246336,0.0,0.016602,0.035668,0.0,0.999219,0.065625,0.898237,0.216127,0.0,0.000781,0.0,0.0,1.0,1.0,1.371333,-166.3592,6.0,0,0
-0.986083,-0.11509,0.0,0.067517,0.099029,0.0,0.992777,0.067031,0.917342,0.109827,0.0,0.007223,0.0,0.0,1.0,1.0,3.741333,-170.864114,6.0,0,0
-0.888286,0.202892,0.0,0.139972,0.387491,0.0,0.911163,0.054032,0.913531,0.137672,0.0,0.088837,0.0,0.0,1.0,1.0,4.521333,-174.295271,6.0,0,0
0.964681,0.258595,0.0,0.028085,0.041182,0.0,0.998739,0.048375,0.891056,0.244055,0.0,0.001261,0.0,0.0,1.0,1.0,14.801333,17.396047,0.0,0,0
0.980049,0.183717,0.0,0.052612,0.053671,0.0,0.99712,0.050602,0.905686,0.182414,0.0,0.00288,0.0,0.0,1.0,1.0,16.101333,11.898654,0.0,0,0
0.563893,0.135419,0.0,0.613043,0.277243,0.0,0.579925,0.036373,0.91939,0.089598,0.0,0.420075,0.0,0.0,1.0,1.0,18.171333,5.139033,0.0,0,0
