mean_x,mean_y,mean_z,std_x,std_y,std_z,R,log_rmsW,rX_ratio,rY_ratio,rZ_ratio,psi,elev_normalized,elev_sin,elev_cos,is_synthetic,time_s,azimuth_deg,az_sector,elev_class,psi_cls
0.196994,0.077443,-0.006459,0.561633,0.59378,0.535852,0.211768,0.0205,0.652014,0.666015,0.54491,0.788232,0.833333,0.965926,0.258819,0.0,3.181333,34.549186,1.0,0,1
0.164651,0.014428,-0.016611,0.569544,0.591066,0.546493,0.166114,0.019221,0.697951,0.690823,0.593871,0.833886,0.833333,0.965926,0.258819,0.0,4.591333,31.671319,1.0,0,1
0.208476,-0.008125,-0.009885,0.574474,0.583103,0.535101,0.208868,0.021746,0.689146,0.6498,0.550757,0.791132,0.833333,0.965926,0.258819,0.0,6.881333,16.510951,0.0,0,1
0.024471,-0.073888,0.024571,0.579161,0.584813,0.562021,0.081621,0.002415,1.415956,1.530305,1.295872,0.918379,0.833333,0.965926,0.258819,0.0,10.491333,-47.151075,10.0,2,2
0.02262,-0.02153,0.035799,0.571151,0.591734,0.566812,0.047505,0.004305,1.194456,1.129727,1.010413,0.952495,0.833333,0.965926,0.258819,0.0,14.861333,-56.772293,10.0,2,2
0.113613,0.25092,0.037254,0.500653,0.610827,0.546791,0.277951,0.012792,0.440026,0.677537,0.489046,0.722049,0.833333,0.965926,0.258819,0.0,20.781333,74.844381,2.0,2,0
