mean_x,mean_y,mean_z,std_x,std_y,std_z,R,log_rmsW,rX_ratio,rY_ratio,rZ_ratio,psi,elev_normalized,elev_sin,elev_cos,is_synthetic,time_s,azimuth_deg,az_sector,elev_class,psi_cls
-0.129276,0.127419,0.029359,0.561304,0.573748,0.567379,0.183874,0.00545,0.70223,0.660701,0.770429,0.816126,0.444444,0.642788,0.766044,0.0,0.981333,137.034339,4.0,2,1
0.098116,-0.358932,0.012077,0.530832,0.588826,0.482574,0.372296,0.02183,0.464456,0.752439,0.374391,0.627704,0.444444,0.642788,0.766044,0.0,12.021333,-77.983808,9.0,1,0
0.171246,-0.360977,0.007276,0.549258,0.566643,0.466421,0.399603,0.036749,0.589646,0.717362,0.382946,0.600397,0.444444,0.642788,0.766044,0.0,13.401333,-68.079923,9.0,1,0
0.168361,-0.324432,-0.020638,0.56721,0.573694,0.46381,0.366098,0.047189,0.603613,0.714558,0.378908,0.633902,0.444444,0.642788,0.766044,0.0,14.321333,-56.94929,10.0,0,0
0.127879,-0.320553,-0.012722,0.560597,0.584843,0.47372,0.345353,0.049022,0.573077,0.725935,0.394219,0.654647,0.444444,0.642788,0.766044,0.0,15.791333,-60.233984,9.0,0,0
0.100137,-0.340226,0.004526,0.554967,0.590308,0.466621,0.354686,0.047183,0.558024,0.761401,0.398461,0.645314,0.444444,0.642788,0.766044,0.0,16.941333,-67.679718,9.0,1,0
