mean_x,mean_y,mean_z,std_x,std_y,std_z,R,log_rmsW,rX_ratio,rY_ratio,rZ_ratio,psi,elev_normalized,elev_sin,elev_cos,is_synthetic,time_s,azimuth_deg,az_sector,elev_class,psi_cls
-0.061062,-0.204827,0.001384,0.564969,0.591264,0.534289,0.21374,0.00454,1.063867,1.165511,1.022776,0.78626,0.0,0.0,1.0,0.0,0.081333,-108.949915,8.0,1,1
-0.063935,-0.155575,-0.004007,0.575988,0.581204,0.54966,0.168248,0.005009,1.155376,1.228132,1.106217,0.831752,0.0,0.0,1.0,0.0,1.691333,-113.585724,8.0,1,1
-0.081507,-0.107785,-0.01822,0.601457,0.561501,0.551656,0.136357,0.003862,1.286764,1.131062,1.083503,0.863643,0.0,0.0,1.0,0.0,7.011333,-130.138554,7.0,0,2
-0.038916,-0.040642,-0.013281,0.426735,0.37787,0.384356,0.057816,0.002613,1.186041,0.805772,0.836473,0.942184,0.0,0.0,1.0,0.0,11.051333,-145.080839,7.0,0,2
