mean_x,mean_y,mean_z,std_x,std_y,std_z,R,log_rmsW,rX_ratio,rY_ratio,rZ_ratio,psi,elev_normalized,elev_sin,elev_cos,is_synthetic,time_s,azimuth_deg,az_sector,elev_class,psi_cls
0.174998,-0.328127,0.00503,0.563996,0.591724,0.439822,0.37191,0.018137,0.59094,0.797166,0.342135,0.62809,0.0,0.0,1.0,0.0,0.051333,-63.284074,9.0,1,0
0.162777,-0.364419,0.016768,0.544731,0.587556,0.445485,0.399473,0.018735,0.57939,0.832444,0.363086,0.600527,0.0,0.0,1.0,0.0,1.151333,-66.58646,9.0,1,0
0.151466,-0.382679,0.016389,0.530522,0.582557,0.457721,0.411891,0.021303,0.569564,0.854886,0.401211,0.588109,0.0,0.0,1.0,0.0,1.971333,-68.229342,9.0,1,0
0.114266,-0.365047,0.020458,0.525628,0.574569,0.49683,0.38306,0.025173,0.57707,0.90093,0.514948,0.61694,0.0,0.0,1.0,0.0,3.721333,-72.823649,9.0,1,0
0.063972,-0.257212,0.017719,0.542161,0.602231,0.522313,0.265639,0.019754,0.566705,0.945426,0.550153,0.734361,0.0,0.0,1.0,0.0,5.321333,-76.932297,9.0,1,0
-0.032196,-0.058278,0.007259,0.587,0.573877,0.567071,0.066975,0.00214,2.122355,1.969853,1.962319,0.933025,0.0,0.0,1.0,0.0,11.511333,-124.703799,7.0,1,2
0.118528,0.028512,0.016966,0.62283,0.575801,0.515107,0.123084,0.007827,0.841308,0.647888,0.46431,0.876916,0.0,0.0,1.0,0.0,12.531333,-129.371343,7.0,1,2
0.133102,-0.006565,-0.00027,0.48088,0.367779,0.298419,0.133264,0.012983,0.935463,0.419299,0.293281,0.866736,0.0,0.0,1.0,0.0,20.061333,2.470934,0.0,1,2
