mean_x,mean_y,mean_z,std_x,std_y,std_z,R,log_rmsW,rX_ratio,rY_ratio,rZ_ratio,psi,elev_normalized,elev_sin,elev_cos,is_synthetic,time_s,azimuth_deg,az_sector,elev_class,psi_cls
-0.102603,-0.02905,0.029263,0.586653,0.565651,0.568892,0.110578,0.006671,1.341125,1.16298,1.209731,0.889422,0.444444,0.642788,0.766044,0.0,10.931333,173.556614,5.0,2,2
-0.297373,0.133388,-0.001309,0.64144,0.536365,0.441169,0.325921,0.042024,0.685457,0.450595,0.280253,0.674079,0.444444,0.642788,0.766044,0.0,13.021333,151.875433,5.0,1,0
-0.30188,0.209086,0.019682,0.578015,0.572667,0.450239,0.367744,0.038215,0.631698,0.552189,0.320086,0.632256,0.444444,0.642788,0.766044,0.0,16.101333,146.998966,4.0,1,0
-0.289805,0.229814,0.038523,0.579281,0.566077,0.453547,0.371867,0.036691,0.641903,0.567752,0.327936,0.628133,0.444444,0.642788,0.766044,0.0,17.171333,139.102635,4.0,2,0
-0.196054,0.163238,0.020554,0.544223,0.520461,0.419729,0.255942,0.038635,0.62251,0.534639,0.298977,0.744058,0.444444,0.642788,0.766044,0.0,18.641333,140.995854,4.0,1,0
