mean_x,mean_y,mean_z,std_x,std_y,std_z,R,log_rmsW,rX_ratio,rY_ratio,rZ_ratio,psi,elev_normalized,elev_sin,elev_cos,is_synthetic,time_s,azimuth_deg,az_sector,elev_class,psi_cls
0.271713,-0.960191,0.0,0.033194,0.028819,0.0,0.997895,0.002303,0.249602,0.889523,0.0,0.002105,0.0,0.0,1.0,1.0,13.221333,-71.522642,9.0,0,0
0.188675,-0.979805,0.0,0.033425,0.028438,0.0,0.997806,0.004033,0.179389,0.906296,0.0,0.002194,0.0,0.0,1.0,1.0,14.691333,-77.551681,9.0,0,0
0.082619,-0.711855,0.0,0.069429,0.692708,0.0,0.716634,0.004259,0.109264,0.917253,0.0,0.283366,0.0,0.0,1.0,1.0,16.241333,-81.730115,9.0,0,0
0.013571,0.133623,0.0,0.065819,0.988194,0.0,0.134311,0.032258,0.024886,0.923537,0.0,0.865689,0.0,0.0,1.0,1.0,17.091333,-85.042205,9.0,0,2
0.016506,0.999059,0.0,0.03632,0.016166,0.0,0.999195,0.07495,0.03787,0.923102,0.0,0.000805,0.0,0.0,1.0,1.0,18.461333,88.116747,2.0,0,0
0.236278,0.97086,0.0,0.03741,0.014038,0.0,0.999198,0.081177,0.222061,0.89679,0.0,0.000802,0.0,0.0,1.0,1.0,22.281333,76.383145,2.0,0,0
