mean_x,mean_y,mean_z,std_x,std_y,std_z,R,log_rmsW,rX_ratio,rY_ratio,rZ_ratio,psi,elev_normalized,elev_sin,elev_cos,is_synthetic,time_s,azimuth_deg,az_sector,elev_class,psi_cls
-0.151539,0.17661,0.037498,0.590476,0.590897,0.496605,0.235715,0.018898,0.602884,0.628549,0.400572,0.764285,0.833333,0.965926,0.258819,0.0,1.611333,138.221353,4.0,2,0
-0.150178,0.182137,0.038361,0.571223,0.621448,0.479904,0.239162,0.017501,0.587038,0.689307,0.417076,0.760838,0.833333,0.965926,0.258819,0.0,3.241333,134.965714,4.0,2,0
-0.132176,0.213753,0.038823,0.551875,0.625613,0.489259,0.254299,0.021807,0.525306,0.689698,0.403993,0.745701,0.833333,0.965926,0.258819,0.0,4.851333,130.536494,4.0,2,0
-0.125843,0.181394,0.041551,0.546338,0.643861,0.477106,0.224648,0.018292,0.511712,0.750823,0.400527,0.775352,0.833333,0.965926,0.258819,0.0,6.281333,127.467652,4.0,2,0
-0.052957,0.059947,0.014641,0.386268,0.465011,0.330283,0.081317,0.011997,0.498306,0.794891,0.393258,0.918683,0.833333,0.965926,0.258819,0.0,7.301333,122.011698,4.0,1,2
