mean_x,mean_y,mean_z,std_x,std_y,std_z,R,log_rmsW,rX_ratio,rY_ratio,rZ_ratio,psi,elev_normalized,elev_sin,elev_cos,is_synthetic,time_s,azimuth_deg,az_sector,elev_class,psi_cls
0.009518,0.258454,0.038545,0.540985,0.587506,0.542021,0.261486,0.005151,0.61487,0.797445,0.612356,0.738514,0.833333,0.965926,0.258819,0.0,0.091333,96.563632,3.0,2,0
0.031894,0.256095,0.023803,0.544038,0.588069,0.53947,0.259168,0.004795,0.622499,0.802854,0.608188,0.740832,0.833333,0.965926,0.258819,0.0,1.621333,90.144725,3.0,2,0
-0.124801,-0.198959,0.010989,0.585,0.53125,0.565893,0.235119,0.006117,0.786956,0.787195,0.934583,0.764881,0.833333,0.965926,0.258819,0.0,5.901333,-124.330245,7.0,1,0
-0.050555,-0.136973,0.018478,0.59377,0.537988,0.579952,0.147169,0.015429,0.691831,0.735087,0.733971,0.852831,0.833333,0.965926,0.258819,0.0,11.331333,-142.877107,7.0,1,2
0.025965,-0.241225,0.005428,0.590817,0.562954,0.524511,0.24268,0.0178,0.741844,0.8116,0.591346,0.75732,0.833333,0.965926,0.258819,0.0,12.631333,-86.26884,9.0,1,0
-0.001575,-0.316726,-0.001847,0.585749,0.557295,0.495982,0.316735,0.020321,0.628162,0.753719,0.491946,0.683265,0.833333,0.965926,0.258819,0.0,14.491333,-87.59011,9.0,1,0
-0.004473,-0.325444,-0.008935,0.576545,0.560021,0.497954,0.325597,0.022331,0.610917,0.75215,0.493325,0.674403,0.833333,0.965926,0.258819,0.0,15.881333,-91.125142,8.0,0,0
-0.187309,-0.045257,0.057515,0.605645,0.531905,0.556603,0.201099,0.008806,0.797269,0.771385,0.997909,0.798901,0.833333,0.965926,0.258819,0.0,19.591333,-109.156749,8.0,2,1
-0.238752,0.04177,0.008768,0.615348,0.527758,0.532898,0.242537,0.00362,0.783358,0.57775,0.580148,0.757463,0.833333,0.965926,0.258819,0.0,23.591333,170.891795,5.0,1,0
