mean_x,mean_y,mean_z,std_x,std_y,std_z,R,log_rmsW,rX_ratio,rY_ratio,rZ_ratio,psi,elev_normalized,elev_sin,elev_cos,is_synthetic,time_s,azimuth_deg,az_sector,elev_class,psi_cls
-0.850987,0.032748,0.0,0.251702,0.459778,0.0,0.851617,0.070076,0.897733,0.223652,0.0,0.148383,0.0,0.0,1.0,1.0,1.671333,-178.195199,6.0,0,0
-0.823033,0.183505,0.0,0.288065,0.45383,0.0,0.843242,0.072275,0.888653,0.243416,0.0,0.156758,0.0,0.0,1.0,1.0,4.151333,168.647261,5.0,0,0
