mean_x,mean_y,mean_z,std_x,std_y,std_z,R,log_rmsW,rX_ratio,rY_ratio,rZ_ratio,psi,elev_normalized,elev_sin,elev_cos,is_synthetic,time_s,azimuth_deg,az_sector,elev_class,psi_cls
-0.308653,0.149321,0.056889,0.632831,0.572185,0.38901,0.347563,0.044258,0.689603,0.489246,0.25242,0.652437,0.0,0.0,1.0,0.0,13.361333,161.131257,5.0,2,0
-0.301335,0.205613,0.044285,0.57753,0.61147,0.396892,0.367479,0.040889,0.601002,0.565968,0.254577,0.632521,0.0,0.0,1.0,0.0,15.891333,149.213766,4.0,2,0
-0.286138,0.235121,0.033221,0.566188,0.611258,0.40931,0.371834,0.039291,0.610765,0.618475,0.276544,0.628166,0.0,0.0,1.0,0.0,16.981333,143.129164,4.0,2,0
-0.206821,0.126716,0.040343,0.532741,0.598801,0.369503,0.245885,0.041624,0.588918,0.589192,0.247628,0.754115,0.0,0.0,1.0,0.0,18.581333,142.295047,4.0,2,0
-0.083929,0.038135,0.021605,0.398946,0.449046,0.27313,0.094684,0.032636,0.570247,0.558784,0.234832,0.905316,0.0,0.0,1.0,0.0,19.371333,152.805015,5.0,1,2
