mean_x,mean_y,mean_z,std_x,std_y,std_z,R,log_rmsW,rX_ratio,rY_ratio,rZ_ratio,psi,elev_normalized,elev_sin,elev_cos,is_synthetic,time_s,azimuth_deg,az_sector,elev_class,psi_cls
-0.325542,-0.758295,0.0,0.453196,0.337081,0.0,0.825221,0.05371,0.38632,0.836523,0.0,0.174779,0.0,0.0,1.0,1.0,6.091333,-113.578101,8.0,0,0
-0.394347,-0.726805,0.0,0.432102,0.359907,0.0,0.826895,0.053179,0.424545,0.81961,0.0,0.173105,0.0,0.0,1.0,1.0,7.681333,-116.452544,8.0,0,0
-0.441664,-0.695256,0.0,0.426444,0.373761,0.0,0.82368,0.048914,0.470914,0.794654,0.0,0.17632,0.0,0.0,1.0,1.0,8.551333,-117.100838,8.0,0,0
-0.425607,-0.686446,0.0,0.384646,0.385803,0.0,0.807682,0.035203,0.503227,0.772202,0.0,0.192318,0.0,0.0,1.0,1.0,10.351333,-121.153626,7.0,0,0
-0.07238,-0.178388,0.0,0.178823,0.360752,0.0,0.192513,0.001372,0.398787,0.831327,0.0,0.807487,0.0,0.0,1.0,1.0,11.851333,-114.134373,8.0,0,1
