mean_x,mean_y,mean_z,std_x,std_y,std_z,R,log_rmsW,rX_ratio,rY_ratio,rZ_ratio,psi,elev_normalized,elev_sin,elev_cos,is_synthetic,time_s,azimuth_deg,az_sector,elev_class,psi_cls
0.067191,-0.400037,0.019204,0.553043,0.551228,0.474729,0.406095,0.043838,0.532599,0.749943,0.410846,0.593906,0.833333,0.965926,0.258819,0.0,1.121333,-75.475077,9.0,1,0
0.060658,-0.416653,0.007161,0.542674,0.552088,0.472624,0.421106,0.052396,0.51537,0.760057,0.401064,0.578894,0.833333,0.965926,0.258819,0.0,2.251333,-77.688157,9.0,1,0
-0.026789,-0.369382,0.002385,0.58231,0.550692,0.469548,0.370359,0.049541,0.536108,0.673991,0.34339,0.629641,0.833333,0.965926,0.258819,0.0,4.031333,-81.973781,9.0,1,0
-0.182282,-0.244021,0.018825,0.62623,0.478349,0.534686,0.305168,0.012865,0.674256,0.488725,0.48896,0.694832,0.833333,0.965926,0.258819,0.0,10.651333,-129.755389,7.0,1,0
-0.092387,0.15272,0.054085,0.565876,0.590135,0.544726,0.186505,0.016833,0.687429,0.790229,0.621347,0.813495,0.833333,0.965926,0.258819,0.0,12.871333,129.721339,4.0,2,1
-0.091079,0.212846,0.051669,0.549747,0.598991,0.531703,0.23721,0.021813,0.63864,0.794522,0.586384,0.76279,0.833333,0.965926,0.258819,0.0,14.811333,120.982178,4.0,2,0
-0.081428,0.224952,0.050024,0.545148,0.597209,0.535179,0.24441,0.020923,0.636467,0.783,0.606734,0.75559,0.833333,0.965926,0.258819,0.0,16.111333,117.670471,3.0,2,0
-0.039391,0.144113,0.027427,0.497749,0.556216,0.462593,0.151896,0.016432,0.474652,0.791809,0.470459,0.848104,0.833333,0.965926,0.258819,0.0,18.171333,109.230074,3.0,2,2
