mean_x,mean_y,mean_z,std_x,std_y,std_z,R,log_rmsW,rX_ratio,rY_ratio,rZ_ratio,psi,elev_normalized,elev_sin,elev_cos,is_synthetic,time_s,azimuth_deg,az_sector,elev_class,psi_cls
0.019486,-0.090167,0.002255,0.593645,0.561717,0.568708,0.092276,0.001575,1.276408,1.075945,1.085041,0.907724,0.833333,0.965926,0.258819,0.0,0.081333,-85.842239,9.0,1,2
0.013924,-0.074329,-0.001713,0.590844,0.562556,0.573274,0.075641,0.004015,1.022035,0.919659,0.894867,0.924359,0.833333,0.965926,0.258819,0.0,3.741333,-89.720515,9.0,1,2
0.036017,-0.100712,-0.009018,0.561789,0.594681,0.564957,0.107338,0.00243,1.206982,1.726785,1.202501,0.892662,0.833333,0.965926,0.258819,0.0,6.381333,17.284287,0.0,0,2
0.008339,-0.118684,-0.008496,0.557377,0.598548,0.562863,0.119279,0.002727,1.225467,1.762322,1.265578,0.880721,0.833333,0.965926,0.258819,0.0,8.731333,2.863859,0.0,0,2
-0.00057,-0.031367,0.004882,0.296048,0.324412,0.299294,0.03175,0.001401,1.361552,2.084318,1.431192,0.96825,0.833333,0.965926,0.258819,0.0,11.691333,-14.407457,11.0,1,2
