mean_x,mean_y,mean_z,std_x,std_y,std_z,R,log_rmsW,rX_ratio,rY_ratio,rZ_ratio,psi,elev_normalized,elev_sin,elev_cos,is_synthetic,time_s,azimuth_deg,az_sector,elev_class,psi_cls
0.120421,-0.44716,-0.004808,0.507507,0.602353,0.406363,0.463116,0.056583,0.451529,0.829817,0.291124,0.536884,0.0,0.0,1.0,0.0,2.061333,-75.057608,9.0,1,0
-0.065115,-0.411909,-0.013257,0.566638,0.594635,0.38889,0.417235,0.047855,0.416669,0.757521,0.243897,0.582765,0.0,0.0,1.0,0.0,4.481333,-77.109506,9.0,0,0
-0.072644,0.148086,0.002678,0.479428,0.584066,0.44893,0.164965,0.014778,0.494361,0.885571,0.448849,0.835035,0.0,0.0,1.0,0.0,18.161333,114.483579,3.0,1,1
-0.027154,0.035763,0.002392,0.356333,0.414937,0.321816,0.044967,0.009692,0.498481,0.893425,0.448086,0.955033,0.0,0.0,1.0,0.0,18.951333,111.252101,3.0,1,2
