mean_x,mean_y,mean_z,std_x,std_y,std_z,R,log_rmsW,rX_ratio,rY_ratio,rZ_ratio,psi,elev_normalized,elev_sin,elev_cos,is_synthetic,time_s,azimuth_deg,az_sector,elev_class,psi_cls
0.088062,-0.411033,-0.010429,0.512414,0.586168,0.465861,0.42049,0.051914,0.46201,0.794058,0.378619,0.57951,0.444444,0.642788,0.766044,0.0,1.871333,-76.022315,9.0,0,0
-0.047452,-0.377525,0.0047,0.53577,0.57948,0.482009,0.380525,0.038278,0.474713,0.78129,0.406286,0.619475,0.444444,0.642788,0.766044,0.0,4.501333,-76.052779,9.0,1,0
-0.117051,0.208338,0.039422,0.536524,0.631785,0.504288,0.242198,0.016655,0.631534,0.918886,0.558582,0.757802,0.444444,0.642788,0.766044,0.0,16.521333,124.099252,4.0,2,0
-0.059931,0.123367,0.014205,0.493386,0.57322,0.450193,0.137887,0.013888,0.552839,0.891033,0.473325,0.862113,0.444444,0.642788,0.766044,0.0,18.171333,115.151424,3.0,1,2
-0.019567,0.031347,0.003313,0.354961,0.403139,0.322183,0.037101,0.009291,0.5373,0.917719,0.457578,0.962899,0.444444,0.642788,0.766044,0.0,18.971333,114.528174,3.0,1,2
