mean_x,mean_y,mean_z,std_x,std_y,std_z,R,log_rmsW,rX_ratio,rY_ratio,rZ_ratio,psi,elev_normalized,elev_sin,elev_cos,is_synthetic,time_s,azimuth_deg,az_sector,elev_class,psi_cls
-0.102338,-0.18472,0.018535,0.54808,0.655564,0.474227,0.211986,0.010566,0.635794,0.751717,0.381097,0.788014,0.0,0.0,1.0,0.0,0.061333,-86.365012,9.0,1,1
-0.261371,0.266677,0.069774,0.5266,0.605669,0.459953,0.379868,0.018955,0.611831,0.745875,0.374701,0.620132,0.0,0.0,1.0,0.0,2.021333,139.302978,4.0,2,0
-0.236542,0.281338,0.065727,0.516606,0.621149,0.455925,0.373394,0.017381,0.575982,0.760166,0.369232,0.626606,0.0,0.0,1.0,0.0,3.221333,136.699121,4.0,2,0
-0.207614,0.331544,0.065713,0.504927,0.61606,0.456263,0.396665,0.020293,0.547408,0.809737,0.381462,0.603335,0.0,0.0,1.0,0.0,5.171333,130.145791,4.0,2,0
-0.125289,0.18497,0.035066,0.441739,0.541571,0.374613,0.226144,0.013513,0.520567,0.854962,0.380495,0.773856,0.0,0.0,1.0,0.0,6.901333,126.50037,4.0,2,0
