mean_x,mean_y,mean_z,std_x,std_y,std_z,R,log_rmsW,rX_ratio,rY_ratio,rZ_ratio,psi,elev_normalized,elev_sin,elev_cos,is_synthetic,time_s,azimuth_deg,az_sector,elev_class,psi_cls
0.038346,-0.323009,0.027044,0.509435,0.575477,0.550242,0.3264,0.022455,0.558917,0.877803,0.64938,0.6736,0.444444,0.642788,0.766044,0.0,0.061333,-86.162343,9.0,2,0
-0.00402,-0.368289,0.021095,0.494168,0.584326,0.527506,0.368915,0.021066,0.427644,0.815967,0.506266,0.631085,0.444444,0.642788,0.766044,0.0,2.841333,-96.287777,8.0,1,0
0.03353,-0.017748,0.010482,0.592235,0.578368,0.559633,0.039359,0.005154,1.173453,1.132809,0.980159,0.960641,0.444444,0.642788,0.766044,0.0,16.061333,33.306372,1.0,1,2
