mean_x,mean_y,mean_z,std_x,std_y,std_z,R,log_rmsW,rX_ratio,rY_ratio,rZ_ratio,psi,elev_normalized,elev_sin,elev_cos,is_synthetic,time_s,azimuth_deg,az_sector,elev_class,psi_cls
-0.126298,0.140288,0.01904,0.558674,0.573291,0.568469,0.189722,0.002199,1.047059,1.134552,1.080519,0.810278,0.0,0.0,1.0,0.0,1.081333,137.013282,4.0,1,1
0.430431,-0.052606,0.009439,0.614369,0.547137,0.367511,0.433736,0.017108,0.850509,0.495557,0.260342,0.566264,0.0,0.0,1.0,0.0,8.541333,-5.901276,11.0,1,0
0.452255,-0.034151,0.004862,0.620108,0.516139,0.378605,0.453569,0.018286,0.846196,0.405245,0.258002,0.546431,0.0,0.0,1.0,0.0,9.721333,-4.691147,11.0,1,0
0.462335,-0.052688,-0.000119,0.621904,0.49937,0.383842,0.465328,0.017649,0.858761,0.384427,0.25508,0.534672,0.0,0.0,1.0,0.0,10.911333,-5.217413,11.0,1,0
0.440241,-0.081622,0.001099,0.637931,0.489328,0.3913,0.447745,0.012525,0.859377,0.365518,0.247155,0.552255,0.0,0.0,1.0,0.0,11.981333,-9.954588,11.0,1,0
