mean_x,mean_y,mean_z,std_x,std_y,std_z,R,log_rmsW,rX_ratio,rY_ratio,rZ_ratio,psi,elev_normalized,elev_sin,elev_cos,is_synthetic,time_s,azimuth_deg,az_sector,elev_class,psi_cls
0.153853,-0.344155,0.025836,0.569734,0.499324,0.532257,0.377864,0.016402,0.644407,0.66209,0.516804,0.622136,0.833333,0.965926,0.258819,0.0,1.241333,-65.986999,9.0,2,0
0.018881,-0.216814,0.019811,0.581858,0.562622,0.545071,0.218534,0.013756,0.594922,0.708953,0.523396,0.781466,0.833333,0.965926,0.258819,0.0,5.971333,-68.916195,9.0,1,1
-0.072203,-0.027682,0.047229,0.582908,0.56576,0.576114,0.09061,0.004427,1.483078,1.4019,1.423547,0.90939,0.833333,0.965926,0.258819,0.0,8.031333,157.039051,5.0,2,2
-0.054266,-0.032551,0.045032,0.583277,0.563146,0.580151,0.077668,0.004742,1.467463,1.399386,1.428548,0.922332,0.833333,0.965926,0.258819,0.0,8.951333,152.73673,5.0,2,2
-0.030827,-0.007294,0.034621,0.450456,0.4324,0.443057,0.046927,0.002726,1.263538,1.17599,1.169005,0.953073,0.833333,0.965926,0.258819,0.0,12.831333,144.087955,4.0,2,2
