mean_x,mean_y,mean_z,std_x,std_y,std_z,R,log_rmsW,rX_ratio,rY_ratio,rZ_ratio,psi,elev_normalized,elev_sin,elev_cos,is_synthetic,time_s,azimuth_deg,az_sector,elev_class,psi_cls
-0.247391,0.2545,0.036203,0.525019,0.585243,0.50452,0.356767,0.004872,0.674214,0.787321,0.515573,0.643233,0.444444,0.642788,0.766044,0.0,0.051333,134.728853,4.0,2,0
-0.222337,0.270538,0.043745,0.521037,0.59842,0.495846,0.3529,0.004686,0.648416,0.826029,0.505656,0.6471,0.444444,0.642788,0.766044,0.0,1.561333,131.478842,4.0,2,0
-0.2108,0.280988,0.045347,0.519396,0.601941,0.492378,0.354185,0.00443,0.632793,0.844154,0.505295,0.645815,0.444444,0.642788,0.766044,0.0,2.581333,127.616294,4.0,2,0
-0.064853,-0.08565,0.003585,0.544823,0.642241,0.528273,0.107493,0.003663,0.649515,0.890331,0.628704,0.892507,0.444444,0.642788,0.766044,0.0,4.561333,121.068587,4.0,1,2
-0.03023,-0.306806,-0.013628,0.56013,0.576739,0.508306,0.308593,0.004299,0.619573,0.842295,0.542855,0.691407,0.444444,0.642788,0.766044,0.0,7.311333,-92.32962,8.0,0,0
