mean_x,mean_y,mean_z,std_x,std_y,std_z,R,log_rmsW,rX_ratio,rY_ratio,rZ_ratio,psi,elev_normalized,elev_sin,elev_cos,is_synthetic,time_s,azimuth_deg,az_sector,elev_class,psi_cls
0.214477,0.262196,0.021919,0.561206,0.61969,0.431032,0.339452,0.010517,0.555362,0.633166,0.290332,0.660548,0.0,0.0,1.0,0.0,0.051333,57.644359,1.0,1,0
0.293166,0.243256,0.023249,0.57588,0.599667,0.403857,0.381654,0.010604,0.626009,0.637599,0.273012,0.618346,0.0,0.0,1.0,0.0,2.131333,49.533571,1.0,2,0
0.345561,0.188224,0.029737,0.599327,0.577144,0.389855,0.39462,0.011452,0.714209,0.574727,0.269841,0.60538,0.0,0.0,1.0,0.0,4.051333,32.791429,1.0,2,0
0.241771,0.16513,0.011929,0.615121,0.595981,0.424891,0.293025,0.009801,0.684151,0.539814,0.269447,0.706975,0.0,0.0,1.0,0.0,5.551333,32.609054,1.0,1,0
0.131744,0.250308,0.001527,0.535142,0.604476,0.482464,0.282865,0.005421,0.574733,0.779656,0.460849,0.717135,0.0,0.0,1.0,0.0,10.081333,65.560116,2.0,1,0
