mean_x,mean_y,mean_z,std_x,std_y,std_z,R,log_rmsW,rX_ratio,rY_ratio,rZ_ratio,psi,elev_normalized,elev_sin,elev_cos,is_synthetic,time_s,azimuth_deg,az_sector,elev_class,psi_cls
0.55306,0.831104,0.0,0.030969,0.027326,0.0,0.998303,0.005804,0.520796,0.763102,0.0,0.001697,0.0,0.0,1.0,1.0,8.031333,59.019767,1.0,0,0
0.629857,0.773864,0.0,0.0318,0.030744,0.0,0.99779,0.005923,0.585716,0.714485,0.0,0.00221,0.0,0.0,1.0,1.0,9.681333,53.543099,1.0,0,0
0.28496,0.248066,0.0,0.365166,0.318482,0.0,0.377807,0.002727,0.694002,0.609845,0.0,0.622193,0.0,0.0,1.0,1.0,13.241333,41.274791,1.0,0,0
