mean_x,mean_y,mean_z,std_x,std_y,std_z,R,log_rmsW,rX_ratio,rY_ratio,rZ_ratio,psi,elev_normalized,elev_sin,elev_cos,is_synthetic,time_s,azimuth_deg,az_sector,elev_class,psi_cls
0.795318,0.201563,0.0,0.290001,0.492671,0.0,0.820462,0.008092,0.861341,0.32401,0.0,0.179538,0.0,0.0,1.0,1.0,0.901333,14.241371,0.0,0,0
0.78849,0.189009,0.0,0.270005,0.519245,0.0,0.810827,0.00516,0.81365,0.430301,0.0,0.189173,0.0,0.0,1.0,1.0,3.281333,17.572956,0.0,0,0
-0.938216,-0.162885,0.0,0.179365,0.241528,0.0,0.952251,0.027064,0.894224,0.236458,0.0,0.047749,0.0,0.0,1.0,1.0,11.741333,-171.141036,6.0,0,0
-0.700243,-0.471086,0.0,0.289095,0.451831,0.0,0.843956,0.062421,0.703035,0.596967,0.0,0.156044,0.0,0.0,1.0,1.0,13.801333,-144.885397,7.0,0,0
-0.756572,-0.342089,0.0,0.266087,0.489655,0.0,0.830317,0.070448,0.774873,0.499924,0.0,0.169683,0.0,0.0,1.0,1.0,16.401333,-154.657484,6.0,0,0
-0.786348,-0.316337,0.0,0.245226,0.470587,0.0,0.847592,0.068207,0.795469,0.461245,0.0,0.152408,0.0,0.0,1.0,1.0,17.641333,-155.877378,6.0,0,0
