mean_x,mean_y,mean_z,std_x,std_y,std_z,R,log_rmsW,rX_ratio,rY_ratio,rZ_ratio,psi,elev_normalized,elev_sin,elev_cos,is_synthetic,time_s,azimuth_deg,az_sector,elev_class,psi_cls
0.058948,-0.054934,0.016164,0.60336,0.57594,0.545285,0.082182,0.003317,0.976514,1.077519,0.811094,0.917818,0.833333,0.965926,0.258819,0.0,0.051333,-29.267144,11.0,1,2
0.010413,-0.000387,-0.004595,0.270819,0.270405,0.249179,0.011388,0.000156,0.995524,1.012739,0.865329,0.988612,0.833333,0.965926,0.258819,0.0,2.591333,-30.371364,10.0,1,2
