mean_x,mean_y,mean_z,std_x,std_y,std_z,R,log_rmsW,rX_ratio,rY_ratio,rZ_ratio,psi,elev_normalized,elev_sin,elev_cos,is_synthetic,time_s,azimuth_deg,az_sector,elev_class,psi_cls
0.049815,-0.196885,0.015863,0.566109,0.578726,0.550493,0.203708,0.00406,1.207736,1.269996,1.396809,0.796292,0.444444,0.642788,0.766044,0.0,2.031333,-61.691403,9.0,1,1
-0.212281,0.264425,0.024351,0.527658,0.558986,0.404997,0.339966,0.046377,0.585,0.672106,0.323267,0.660034,0.444444,0.642788,0.766044,0.0,7.771333,127.760473,4.0,2,0
