mean_x,mean_y,mean_z,std_x,std_y,std_z,R,log_rmsW,rX_ratio,rY_ratio,rZ_ratio,psi,elev_normalized,elev_sin,elev_cos,is_synthetic,time_s,azimuth_deg,az_sector,elev_class,psi_cls
-0.383016,-0.915721,0.0,0.044475,0.112797,0.0,0.992596,0.021383,0.382662,0.923893,0.0,0.007404,0.0,0.0,1.0,1.0,3.641333,-112.500003,8.0,0,0
0.168022,-0.405641,0.0,0.343824,0.830066,0.0,0.439063,0.130841,0.376477,0.908897,0.0,0.560937,0.0,0.0,1.0,1.0,11.211333,-67.500002,9.0,0,0
0.132169,-0.319085,0.0,0.359135,0.867028,0.0,0.345375,0.12478,0.37053,0.894539,0.0,0.654625,0.0,0.0,1.0,1.0,12.901333,-67.500001,9.0,0,0
0.123136,-0.297278,0.0,0.362332,0.874745,0.0,0.321771,0.117501,0.368306,0.889169,0.0,0.678229,0.0,0.0,1.0,1.0,14.001333,-67.500002,9.0,0,0
0.125265,-0.302416,0.0,0.361602,0.872982,0.0,0.327333,0.113765,0.370595,0.894695,0.0,0.672667,0.0,0.0,1.0,1.0,15.611333,-67.500002,9.0,0,0
0.127485,-0.309097,0.0,0.252213,0.581771,0.0,0.334355,0.081335,0.364235,0.879342,0.0,0.665645,0.0,0.0,1.0,1.0,19.221333,-67.499944,9.0,0,0
