mean_x,mean_y,mean_z,std_x,std_y,std_z,R,log_rmsW,rX_ratio,rY_ratio,rZ_ratio,psi,elev_normalized,elev_sin,elev_cos,is_synthetic,time_s,azimuth_deg,az_sector,elev_class,psi_cls
0.813735,0.098116,0.0,0.245932,0.517411,0.0,0.819629,0.013274,0.923886,0.377125,0.0,0.180371,0.0,0.0,1.0,1.0,0.101333,9.107968,0.0,0,0
0.814313,0.077081,0.0,0.246451,0.519811,0.0,0.817953,0.015035,0.923854,0.369446,0.0,0.182047,0.0,0.0,1.0,1.0,1.171333,16.089475,0.0,0,0
0.779189,0.024364,0.0,0.28383,0.558219,0.0,0.77957,0.013535,0.923802,0.373588,0.0,0.220431,0.0,0.0,1.0,1.0,2.561333,8.79229,0.0,0,0
0.38262,-0.923721,0.0,0.003398,0.008204,0.0,0.999829,0.019974,0.382683,0.92388,0.0,0.000171,0.0,0.0,1.0,1.0,5.551333,-67.500002,9.0,0,0
0.382516,-0.923459,0.0,0.005747,0.014295,0.0,0.999548,0.016733,0.382683,0.92388,0.0,0.000452,0.0,0.0,1.0,1.0,7.041333,-67.499999,9.0,0,0
0.204352,-0.493343,0.0,0.190838,0.460726,0.0,0.533992,0.015425,0.382683,0.92388,0.0,0.466008,0.0,0.0,1.0,1.0,8.181333,-67.500003,9.0,0,0
