mean_x,mean_y,mean_z,std_x,std_y,std_z,R,log_rmsW,rX_ratio,rY_ratio,rZ_ratio,psi,elev_normalized,elev_sin,elev_cos,is_synthetic,time_s,azimuth_deg,az_sector,elev_class,psi_cls
0.299132,-0.025181,-0.031984,0.630115,0.567315,0.435856,0.301889,0.010238,0.766339,0.514682,0.336482,0.698111,0.0,0.0,1.0,0.0,0.051333,0.150462,0.0,0,0
0.188081,-0.04576,-0.011067,0.62807,0.577273,0.4844,0.193884,0.009685,0.764444,0.492701,0.330535,0.806116,0.0,0.0,1.0,0.0,2.801333,-3.346358,11.0,0,1
0.053486,-0.142243,0.05652,0.554027,0.565237,0.58929,0.162136,0.011404,1.149252,1.218663,1.362933,0.837864,0.0,0.0,1.0,0.0,5.401333,-59.740197,10.0,2,1
0.012416,-0.034125,0.007941,0.335786,0.33767,0.339569,0.037172,0.007225,0.950046,1.016092,1.031141,0.962828,0.0,0.0,1.0,0.0,8.571333,-64.905175,9.0,1,2
