mean_x,mean_y,mean_z,std_x,std_y,std_z,R,log_rmsW,rX_ratio,rY_ratio,rZ_ratio,psi,elev_normalized,elev_sin,elev_cos,is_synthetic,time_s,azimuth_deg,az_sector,elev_class,psi_cls
-0.379876,0.921833,0.0,0.066217,0.0387,0.0,0.997037,0.072547,0.382687,0.923879,0.0,0.002963,0.0,0.0,1.0,1.0,2.271333,112.499954,3.0,0,0
0.922658,0.382562,0.0,0.033743,0.020341,0.0,0.998825,0.010591,0.92388,0.382684,0.0,0.001175,0.0,0.0,1.0,1.0,4.861333,22.500524,0.0,0,0
0.923276,0.382434,0.0,0.016853,0.006962,0.0,0.999347,0.008505,0.92388,0.382683,0.0,0.000653,0.0,0.0,1.0,1.0,5.851333,22.500024,0.0,0,0
0.046837,0.034947,0.0,0.785677,0.615568,0.0,0.058438,0.038876,0.90662,0.410417,0.0,0.941562,0.0,0.0,1.0,1.0,8.101333,22.452683,0.0,0,2
-0.921552,-0.380084,0.0,0.053935,0.057815,0.0,0.996856,0.107766,0.923873,0.382677,0.0,0.003144,0.0,0.0,1.0,1.0,10.061333,-157.499913,6.0,0,0
-0.791415,-0.224346,0.0,0.271671,0.499384,0.0,0.822599,0.094426,0.923173,0.382813,0.0,0.177401,0.0,0.0,1.0,1.0,12.361333,-157.499795,6.0,0,0
