mean_x,mean_y,mean_z,std_x,std_y,std_z,R,log_rmsW,rX_ratio,rY_ratio,rZ_ratio,psi,elev_normalized,elev_sin,elev_cos,is_synthetic,time_s,azimuth_deg,az_sector,elev_class,psi_cls
0.025656,-0.181574,0.028964,0.567993,0.646242,0.474646,0.185651,0.069237,0.551578,0.735521,0.400735,0.814349,0.444444,0.642788,0.766044,0.0,11.241333,-75.341562,9.0,2,1
-0.00105,-0.157978,0.047011,0.562802,0.655945,0.475207,0.164828,0.065044,0.545525,0.748516,0.401239,0.835172,0.444444,0.642788,0.766044,0.0,12.831333,-87.983155,9.0,2,1
0.01301,-0.079252,0.008919,0.411418,0.463415,0.345063,0.080807,0.037272,0.553874,0.750006,0.422295,0.919193,0.444444,0.642788,0.766044,0.0,19.241333,-73.745485,9.0,1,2
