mean_x,mean_y,mean_z,std_x,std_y,std_z,R,log_rmsW,rX_ratio,rY_ratio,rZ_ratio,psi,elev_normalized,elev_sin,elev_cos,is_synthetic,time_s,azimuth_deg,az_sector,elev_class,psi_cls
0.058058,-0.124474,0.018068,0.572626,0.566592,0.576012,0.138532,0.005546,0.768021,0.883493,0.748076,0.861468,0.0,0.0,1.0,0.0,0.911333,-58.719755,10.0,1,2
0.002518,0.010664,-0.003032,0.254378,0.27044,0.247525,0.011369,0.000165,1.303259,1.338287,1.221265,0.988631,0.0,0.0,1.0,0.0,5.361333,5.21887,0.0,1,2
