mean_x,mean_y,mean_z,std_x,std_y,std_z,R,log_rmsW,rX_ratio,rY_ratio,rZ_ratio,psi,elev_normalized,elev_sin,elev_cos,is_synthetic,time_s,azimuth_deg,az_sector,elev_class,psi_cls
0.081698,-0.226853,0.021161,0.549489,0.579697,0.550811,0.242043,0.004265,1.145159,1.270365,1.434749,0.757957,0.0,0.0,1.0,0.0,2.021333,-58.776034,10.0,1,0
-0.267226,0.368734,0.009216,0.524011,0.586581,0.416985,0.455477,0.047106,0.598799,0.769008,0.315321,0.544523,0.0,0.0,1.0,0.0,7.351333,125.844878,4.0,1,0
