mean_x,mean_y,mean_z,std_x,std_y,std_z,R,log_rmsW,rX_ratio,rY_ratio,rZ_ratio,psi,elev_normalized,elev_sin,elev_cos,is_synthetic,time_s,azimuth_deg,az_sector,elev_class,psi_cls
0.923522,0.382504,0.0,0.013258,0.009061,0.0,0.999601,0.013348,0.92388,0.382683,0.0,0.000399,0.0,0.0,1.0,1.0,0.051333,22.499965,0.0,0,0
0.923358,0.382457,0.0,0.016097,0.007741,0.0,0.999431,0.013503,0.92388,0.382683,0.0,0.000569,0.0,0.0,1.0,1.0,1.981333,22.499999,0.0,0,0
-0.381855,-0.921981,0.0,0.026056,0.058622,0.0,0.997929,0.037615,0.382687,0.923888,0.0,0.002071,0.0,0.0,1.0,1.0,10.311333,-112.499993,8.0,0,0
-0.326392,-0.788302,0.0,0.13624,0.327958,0.0,0.853201,0.038835,0.38267,0.92385,0.0,0.146799,0.0,0.0,1.0,1.0,12.661333,-112.499848,8.0,0,0
