mean_x,mean_y,mean_z,std_x,std_y,std_z,R,log_rmsW,rX_ratio,rY_ratio,rZ_ratio,psi,elev_normalized,elev_sin,elev_cos,is_synthetic,time_s,azimuth_deg,az_sector,elev_class,psi_cls
0.365879,-0.850766,0.0,0.156552,0.339934,0.0,0.926105,0.008746,0.382682,0.923854,0.0,0.073895,0.0,0.0,1.0,1.0,0.731333,-67.364312,9.0,0,0
0.175497,0.064014,0.0,0.360007,0.181808,0.0,0.186807,0.000244,0.923485,0.383653,0.0,0.813193,0.0,0.0,1.0,1.0,5.351333,22.362198,0.0,0,1
