mean_x,mean_y,mean_z,std_x,std_y,std_z,R,log_rmsW,rX_ratio,rY_ratio,rZ_ratio,psi,elev_normalized,elev_sin,elev_cos,is_synthetic,time_s,azimuth_deg,az_sector,elev_class,psi_cls
0.064664,0.01973,0.026469,0.587107,0.597866,0.540905,0.072604,0.007223,1.3399,1.402129,1.028616,0.927396,0.444444,0.642788,0.766044,0.0,0.061333,7.887684,0.0,2,2
0.043525,0.014192,0.02479,0.588342,0.591929,0.548346,0.052062,0.006187,1.374488,1.1327,1.007857,0.947938,0.444444,0.642788,0.766044,0.0,2.671333,-5.039158,11.0,2,2
-0.026272,-0.45756,-0.010478,0.525188,0.563614,0.44312,0.458434,0.030536,0.436629,0.758329,0.329048,0.541566,0.444444,0.642788,0.766044,0.0,10.451333,-92.164994,8.0,0,0
-0.029241,-0.418782,-0.039296,0.532626,0.537113,0.412343,0.421637,0.034146,0.435427,0.747731,0.320505,0.578363,0.444444,0.642788,0.766044,0.0,12.671333,-95.478533,8.0,0,0
