mean_x,mean_y,mean_z,std_x,std_y,std_z,R,log_rmsW,rX_ratio,rY_ratio,rZ_ratio,psi,elev_normalized,elev_sin,elev_cos,is_synthetic,time_s,azimuth_deg,az_sector,elev_class,psi_cls
0.048329,0.013631,0.027391,0.566426,0.625719,0.533237,0.057199,0.007732,1.248012,1.747763,1.034965,0.942801,0.833333,0.965926,0.258819,0.0,0.051333,10.790756,0.0,2,2
0.029257,-0.351049,0.026466,0.585304,0.52783,0.504007,0.353258,0.027013,0.605854,0.656871,0.465127,0.646742,0.833333,0.965926,0.258819,0.0,10.311333,-82.268774,9.0,2,0
-0.021851,-0.31532,0.006543,0.569646,0.533679,0.470396,0.316144,0.028558,0.544746,0.656353,0.430485,0.683856,0.833333,0.965926,0.258819,0.0,12.651333,-88.188054,9.0,1,0
