mean_x,mean_y,mean_z,std_x,std_y,std_z,R,log_rmsW,rX_ratio,rY_ratio,rZ_ratio,psi,elev_normalized,elev_sin,elev_cos,is_synthetic,time_s,azimuth_deg,az_sector,elev_class,psi_cls
0.001851,-0.229791,0.009587,0.576614,0.582281,0.524904,0.229998,0.013552,0.521885,0.637472,0.447811,0.770002,0.833333,0.965926,0.258819,0.0,0.051333,-143.087108,7.0,1,0
-0.000963,-0.320042,0.016016,0.57181,0.556205,0.510867,0.320443,0.016626,0.492,0.637559,0.461375,0.679556,0.833333,0.965926,0.258819,0.0,3.631333,-87.6485,9.0,1,0
0.063806,-0.198273,-0.019135,0.604396,0.626967,0.444824,0.209164,0.078693,0.673635,0.767409,0.376628,0.790836,0.833333,0.965926,0.258819,0.0,11.331333,-67.456284,9.0,0,1
0.046302,-0.178681,-0.010686,0.611143,0.626823,0.446556,0.184892,0.063134,0.69425,0.767381,0.399483,0.815108,0.833333,0.965926,0.258819,0.0,15.261333,-70.881121,9.0,0,1
0.06526,-0.179719,-0.020179,0.595385,0.636885,0.450477,0.192263,0.058739,0.641159,0.752814,0.382239,0.807737,0.833333,0.965926,0.258819,0.0,16.551333,-69.702859,9.0,0,1
0.047074,-0.090755,-0.023498,0.460078,0.454725,0.298683,0.104903,0.045718,0.671105,0.771348,0.342001,0.895097,0.833333,0.965926,0.258819,0.0,19.221333,-68.520497,9.0,0,2
