mean_x,mean_y,mean_z,std_x,std_y,std_z,R,log_rmsW,rX_ratio,rY_ratio,rZ_ratio,psi,elev_normalized,elev_sin,elev_cos,is_synthetic,time_s,azimuth_deg,az_sector,elev_class,psi_cls
-0.066435,-0.361075,-0.024046,0.527556,0.59717,0.479209,0.367922,0.015388,0.453687,0.785795,0.365237,0.632078,0.0,0.0,1.0,0.0,0.071333,-107.625263,8.0,0,0
-0.062005,-0.464403,-0.036733,0.516531,0.565979,0.438178,0.469961,0.025759,0.430676,0.801027,0.333841,0.530039,0.0,0.0,1.0,0.0,1.591333,-98.216398,8.0,0,0
0.13454,-0.294622,-0.004921,0.544759,0.636382,0.439691,0.323925,0.08526,0.501337,0.722087,0.305584,0.676075,0.0,0.0,1.0,0.0,11.241333,-61.193995,9.0,1,0
0.115015,-0.286487,-0.01604,0.554751,0.644244,0.426193,0.309128,0.07989,0.506061,0.728784,0.295737,0.690872,0.0,0.0,1.0,0.0,12.951333,-64.574482,9.0,0,0
0.072655,-0.247592,-0.021415,0.568136,0.657134,0.422323,0.25892,0.071718,0.537858,0.752854,0.319348,0.74108,0.0,0.0,1.0,0.0,13.991333,-65.247723,9.0,0,0
0.089533,-0.263482,-0.003715,0.560809,0.648641,0.432788,0.278304,0.073345,0.518438,0.731533,0.315792,0.721696,0.0,0.0,1.0,0.0,15.481333,-68.547268,9.0,1,0
0.077996,-0.183177,-0.004012,0.48588,0.547546,0.366473,0.199131,0.055812,0.512632,0.725815,0.306338,0.800869,0.0,0.0,1.0,0.0,18.841333,-65.379137,9.0,1,1
