mean_x,mean_y,mean_z,std_x,std_y,std_z,R,log_rmsW,rX_ratio,rY_ratio,rZ_ratio,psi,elev_normalized,elev_sin,elev_cos,is_synthetic,time_s,azimuth_deg,az_sector,elev_class,psi_cls
-0.020441,-0.34896,0.027935,0.55248,0.55387,0.514803,0.350672,0.035203,0.520312,0.704774,0.47184,0.649328,0.833333,0.965926,0.258819,0.0,5.861333,-96.823269,8.0,2,0
-0.01303,-0.297404,-0.030814,0.575205,0.55903,0.516761,0.29928,0.025573,0.498665,0.635646,0.444295,0.70072,0.833333,0.965926,0.258819,0.0,8.341333,-87.32859,9.0,0,0
