mean_x,mean_y,mean_z,std_x,std_y,std_z,R,log_rmsW,rX_ratio,rY_ratio,rZ_ratio,psi,elev_normalized,elev_sin,elev_cos,is_synthetic,time_s,azimuth_deg,az_sector,elev_class,psi_cls
0.060314,-0.183617,0.020046,0.572932,0.580598,0.544871,0.194306,0.004548,1.08581,1.130447,1.084857,0.805694,0.833333,0.965926,0.258819,0.0,2.051333,-63.482737,9.0,1,1
-0.213406,0.308256,0.046478,0.496003,0.588137,0.515112,0.377788,0.04786,0.472125,0.645434,0.4089,0.622212,0.833333,0.965926,0.258819,0.0,7.341333,124.077768,4.0,2,0
