mean_x,mean_y,mean_z,std_x,std_y,std_z,R,log_rmsW,rX_ratio,rY_ratio,rZ_ratio,psi,elev_normalized,elev_sin,elev_cos,is_synthetic,time_s,azimuth_deg,az_sector,elev_class,psi_cls
0.088762,0.036489,0.032923,0.58359,0.57623,0.563085,0.101459,0.007098,1.226678,1.254109,1.180909,0.898541,0.0,0.0,1.0,0.0,0.061333,10.747301,0.0,2,2
0.076463,0.020192,0.029216,0.581588,0.574423,0.5698,0.084308,0.007321,1.322197,1.257984,1.183639,0.915692,0.0,0.0,1.0,0.0,1.971333,7.109291,0.0,2,2
-0.043213,-0.486521,-0.006168,0.512157,0.55046,0.44281,0.488475,0.032337,0.441422,0.867991,0.351092,0.511525,0.0,0.0,1.0,0.0,10.511333,-93.407105,8.0,0,0
-0.079901,-0.3931,-0.030916,0.503698,0.560673,0.437317,0.402328,0.032615,0.450302,0.775693,0.366149,0.597672,0.0,0.0,1.0,0.0,12.671333,-101.409849,8.0,0,0
