mean_x,mean_y,mean_z,std_x,std_y,std_z,R,log_rmsW,rX_ratio,rY_ratio,rZ_ratio,psi,elev_normalized,elev_sin,elev_cos,is_synthetic,time_s,azimuth_deg,az_sector,elev_class,psi_cls
-0.195262,0.276002,0.039473,0.517503,0.593384,0.514,0.340386,0.043516,0.470943,0.644015,0.406546,0.659614,0.833333,0.965926,0.258819,0.0,2.521333,124.121746,4.0,2,0
-0.040555,-0.018551,0.021234,0.576849,0.617435,0.532467,0.049393,0.007029,1.055477,1.202036,0.800674,0.950607,0.833333,0.965926,0.258819,0.0,7.791333,-4.849461,11.0,1,2
-0.090846,-0.118692,-0.010089,0.657484,0.515589,0.52861,0.149809,0.034386,0.971738,0.594446,0.643856,0.850191,0.833333,0.965926,0.258819,0.0,10.061333,-141.968248,7.0,0,2
-0.09157,-0.103405,-0.005568,0.651299,0.535215,0.519847,0.138234,0.029753,0.949594,0.582594,0.593429,0.861766,0.833333,0.965926,0.258819,0.0,12.361333,-148.941612,7.0,1,2
