mean_x,mean_y,mean_z,std_x,std_y,std_z,R,log_rmsW,rX_ratio,rY_ratio,rZ_ratio,psi,elev_normalized,elev_sin,elev_cos,is_synthetic,time_s,azimuth_deg,az_sector,elev_class,psi_cls
-0.197033,0.253611,0.021364,0.577366,0.59738,0.454077,0.321864,0.043157,0.587159,0.675925,0.32629,0.678136,0.444444,0.642788,0.766044,0.0,2.581333,128.119418,4.0,1,0
0.031835,0.011459,0.022413,0.579668,0.60012,0.549708,0.040585,0.004097,1.584599,1.90167,1.321009,0.959415,0.444444,0.642788,0.766044,0.0,4.531333,5.505362,0.0,2,2
-0.091955,-0.129084,0.017039,0.642083,0.520973,0.539358,0.159401,0.034731,0.955416,0.67039,0.706105,0.840599,0.444444,0.642788,0.766044,0.0,10.061333,-133.60573,7.0,1,1
-0.102318,-0.139436,0.019775,0.647723,0.518504,0.530373,0.174076,0.03542,0.941244,0.656412,0.673436,0.825924,0.444444,0.642788,0.766044,0.0,11.501333,-132.410121,7.0,1,1
-0.098732,-0.112205,0.018383,0.631176,0.545851,0.530048,0.150585,0.029942,0.929835,0.642495,0.654442,0.849415,0.444444,0.642788,0.766044,0.0,12.361333,-135.052604,7.0,1,2
