mean_x,mean_y,mean_z,std_x,std_y,std_z,R,log_rmsW,rX_ratio,rY_ratio,rZ_ratio,psi,elev_normalized,elev_sin,elev_cos,is_synthetic,time_s,azimuth_deg,az_sector,elev_class,psi_cls
0.382515,-0.923456,0.0,0.005817,0.014158,0.0,0.999545,0.008392,0.382683,0.92388,0.0,0.000455,0.0,0.0,1.0,1.0,1.801333,-67.500005,9.0,0,0
-0.382464,0.923629,0.0,0.021196,0.012177,0.0,0.999685,0.076645,0.382684,0.92388,0.0,0.000315,0.0,0.0,1.0,1.0,7.401333,112.500148,3.0,0,0
