mean_x,mean_y,mean_z,std_x,std_y,std_z,R,log_rmsW,rX_ratio,rY_ratio,rZ_ratio,psi,elev_normalized,elev_sin,elev_cos,is_synthetic,time_s,azimuth_deg,az_sector,elev_class,psi_cls
0.331045,0.020697,-0.023484,0.640943,0.539715,0.432803,0.332522,0.012755,0.80222,0.466754,0.329705,0.667478,0.0,0.0,1.0,0.0,1.231333,4.8247,0.0,0,0
-0.26833,-0.203572,0.046296,0.65559,0.503595,0.448339,0.339979,0.047033,0.810221,0.51513,0.384878,0.660021,0.0,0.0,1.0,0.0,5.471333,-142.908656,7.0,2,0
