mean_x,mean_y,mean_z,std_x,std_y,std_z,R,log_rmsW,rX_ratio,rY_ratio,rZ_ratio,psi,elev_normalized,elev_sin,elev_cos,is_synthetic,time_s,azimuth_deg,az_sector,elev_class,psi_cls
0.150061,0.045932,0.005129,0.616709,0.574916,0.514283,0.157017,0.008266,0.714855,0.628247,0.512437,0.842983,0.833333,0.965926,0.258819,0.0,0.051333,11.807616,0.0,1,1
0.030798,-0.125103,0.035525,0.578791,0.569775,0.567877,0.133646,0.012128,1.082206,1.11155,1.051308,0.866354,0.833333,0.965926,0.258819,0.0,5.401333,-71.4047,9.0,2,2
0.007418,-0.02752,0.007746,0.355338,0.352967,0.34319,0.029536,0.007247,0.956952,0.969779,0.890221,0.970464,0.833333,0.965926,0.258819,0.0,8.521333,-71.906078,9.0,1,2
