mean_x,mean_y,mean_z,std_x,std_y,std_z,R,log_rmsW,rX_ratio,rY_ratio,rZ_ratio,psi,elev_normalized,elev_sin,elev_cos,is_synthetic,time_s,azimuth_deg,az_sector,elev_class,psi_cls
-0.047479,-0.452634,-0.024735,0.527366,0.562567,0.444577,0.45579,0.039026,0.500081,0.868468,0.381935,0.54421,0.0,0.0,1.0,0.0,5.871333,-97.392023,8.0,0,0
-0.039698,-0.458612,-0.026724,0.52575,0.555522,0.449841,0.461102,0.039921,0.489378,0.854619,0.3785,0.538898,0.0,0.0,1.0,0.0,6.711333,-94.109093,8.0,0,0
-0.06899,-0.438655,-0.050796,0.529019,0.556477,0.459018,0.446943,0.026495,0.464799,0.843172,0.350715,0.553057,0.0,0.0,1.0,0.0,8.481333,-93.901596,8.0,0,0
