mean_x,mean_y,mean_z,std_x,std_y,std_z,R,log_rmsW,rX_ratio,rY_ratio,rZ_ratio,psi,elev_normalized,elev_sin,elev_cos,is_synthetic,time_s,azimuth_deg,az_sector,elev_class,psi_cls
0.037083,-0.11183,0.007921,0.578867,0.567511,0.573463,0.118084,0.005073,0.784434,0.892627,0.742373,0.881916,0.444444,0.642788,0.766044,0.0,0.951333,-63.574391,9.0,1,2
0.002105,0.00331,0.000868,0.246072,0.256948,0.2392,0.004018,0.00015,1.477972,1.49378,1.224624,0.995982,0.444444,0.642788,0.766044,0.0,5.391333,-8.917946,11.0,1,2
