mean_x,mean_y,mean_z,std_x,std_y,std_z,R,log_rmsW,rX_ratio,rY_ratio,rZ_ratio,psi,elev_normalized,elev_sin,elev_cos,is_synthetic,time_s,azimuth_deg,az_sector,elev_class,psi_cls
0.214922,0.072849,0.016784,0.652733,0.551805,0.466551,0.227553,0.009557,0.775963,0.514863,0.395092,0.772447,0.444444,0.642788,0.766044,0.0,0.111333,16.00124,0.0,1,0
0.188681,0.032487,0.02102,0.661892,0.554268,0.466451,0.192608,0.010541,0.879059,0.5505,0.417438,0.807392,0.444444,0.642788,0.766044,0.0,1.141333,31.289255,1.0,1,1
0.102824,0.032174,0.01733,0.629006,0.572614,0.514309,0.109124,0.008967,0.741771,0.510014,0.386219,0.890876,0.444444,0.642788,0.766044,0.0,2.811333,23.518785,0.0,1,2
0.007666,-0.053699,0.007267,0.402008,0.399835,0.399691,0.054728,0.008231,0.944189,1.008747,1.002545,0.945272,0.444444,0.642788,0.766044,0.0,8.291333,-66.85931,9.0,1,2
