mean_x,mean_y,mean_z,std_x,std_y,std_z,R,log_rmsW,rX_ratio,rY_ratio,rZ_ratio,psi,elev_normalized,elev_sin,elev_cos,is_synthetic,time_s,azimuth_deg,az_sector,elev_class,psi_cls
0.80867,0.09109,0.0,0.25136,0.523997,0.0,0.813784,0.016254,0.923839,0.378432,0.0,0.186216,0.0,0.0,1.0,1.0,1.361333,6.991444,0.0,0,0
-0.923552,-0.38217,0.0,0.018787,0.025364,0.0,0.999501,0.149648,0.923878,0.382682,0.0,0.000499,0.0,0.0,1.0,1.0,5.471333,-157.499756,6.0,0,0
-0.471748,-0.165704,0.0,0.443249,0.335922,0.0,0.500004,0.081351,0.922211,0.381507,0.0,0.499996,0.0,0.0,1.0,1.0,8.381333,-157.520586,6.0,0,0
