mean_x,mean_y,mean_z,std_x,std_y,std_z,R,log_rmsW,rX_ratio,rY_ratio,rZ_ratio,psi,elev_normalized,elev_sin,elev_cos,is_synthetic,time_s,azimuth_deg,az_sector,elev_class,psi_cls
-0.256724,0.344536,0.014351,0.533309,0.592277,0.424217,0.429905,0.044125,0.596198,0.768925,0.315178,0.570095,0.0,0.0,1.0,0.0,2.361333,125.598732,4.0,1,0
0.058441,0.01495,0.030837,0.580335,0.579233,0.568398,0.067748,0.004555,1.465233,1.741293,1.503101,0.932252,0.0,0.0,1.0,0.0,4.831333,4.63852,0.0,2,2
-0.155782,-0.14019,0.000355,0.636488,0.540665,0.508569,0.209574,0.035607,0.897577,0.669826,0.581231,0.790426,0.0,0.0,1.0,0.0,10.061333,-135.91599,7.0,1,1
-0.155286,-0.121008,0.020372,0.627957,0.556756,0.506441,0.197918,0.030962,0.900317,0.641702,0.545533,0.802082,0.0,0.0,1.0,0.0,12.351333,-140.141434,7.0,1,1
